row,y,unweighted,book_weighted
31647,0,0.06862961411993287,0.5544321679676112
31648,0,0.05247673478874681,0.48688276736667824
31649,0,0.05212063152539298,0.48424460456344154
31650,1,0.054922889069300755,0.4990744736066869
31651,0,0.03809901971170323,0.42260937433670526
31652,0,0.04122216002784096,0.4107720514696463
31653,0,0.04348763977004145,0.4439733496709373
31654,0,0.04110840168131764,0.42501050022428466
31655,0,0.052527123991681954,0.4872547672549352
31656,1,0.05257403869662217,0.4876008263475333
31657,0,0.025492681778134397,0.32579254952017805
31658,0,0.05229781302050919,0.4855592605391863
31659,0,0.021895163533493158,0.27793848905786667
31660,1,0.16945185915281769,0.7741854649581491
31661,1,0.040784628320698076,0.4220514473590488
31662,1,0.05953807531513771,0.5154584391525685
31663,0,0.0398549543591738,0.4294270707417749
31664,0,0.026704282073069574,0.31630407155164697
31665,0,0.051201988957968216,0.4773639375779496
31666,0,0.05194749773428003,0.48295610724035054
31667,0,0.024276031219801517,0.2955245159141773
31668,0,0.029190207721640462,0.350095099228629
31669,0,0.026252665099543052,0.31128337188535454
31670,0,0.03297238459862277,0.381708152506928
31671,0,0.07286243562696051,0.577682592701626
31672,1,0.06907817026716147,0.5569713671415663
31673,0,0.05202528247820953,0.48353547163836236
31674,0,0.07443578758483996,0.5859306603964379
31675,0,0.06903879457207196,0.5567491972474468
31676,0,0.07172180113771283,0.5715715961955031
31677,1,0.07437576088795966,0.5856197797205808
31678,0,0.05160285975401155,0.4803798094684769
31679,0,0.06947916388121608,0.5592259405862666
31680,0,0.05206014713690995,0.48379490297271666
31681,0,0.02845071371347667,0.34896122563346577
31682,0,0.035986614888586566,0.40996523080619746
31683,0,0.040490354949171005,0.4069070540156107
31684,0,0.0408870454578012,0.4229892945986833
31685,0,0.02711740692389736,0.31967009661475765
31686,0,0.031640182626018906,0.35382141698562314
31687,0,0.03239776936729995,0.36674053076275753
31688,0,0.051246638781250346,0.4777008769371447
31689,0,0.05305010055598929,0.4910966331377375
31690,0,0.0411148829602006,0.410416770026412
31691,0,0.052315328855343755,0.4856890074569907
31692,0,0.06862961411993287,0.5544321679676112
31693,0,0.049346707076375125,0.4805926012305221
31694,0,0.027360902824427418,0.3209606609647546
31695,0,0.025351774674654392,0.30659916136832993
31696,0,0.06646982407616037,0.5785586206835447
31697,0,0.031863575893542544,0.3787707342486915
31698,0,0.05224529875585519,0.48517003153393173
31699,0,0.051201988957968216,0.4773639375779496
31700,0,0.051360146115639375,0.47855627498150205
31701,0,0.055655228875613645,0.5097242240451079
31702,1,0.0698700622063155,0.5614098642423057
31703,0,0.027205607745655325,0.32103296524006697
31704,0,0.051201988957968216,0.4773639375779496
31705,0,0.040408101411674155,0.4046111751325266
31706,0,0.05388700846986054,0.49717290162225053
31707,0,0.05139344074543579,0.4788068701665213
31708,0,0.06941979088189508,0.5588930300328988
31709,0,0.036069897850661226,0.405869490845086
31710,0,0.03144617351692519,0.35453501216389766
31711,0,0.05417718329887706,0.49925919721341894
31712,1,0.06905696538697728,0.5568517400249808
31713,0,0.05320177904792954,0.49220441340815163
31714,0,0.055549651966403726,0.4925780318542966
31715,0,0.04103529842246163,0.4124727361426849
31716,0,0.05139344074543579,0.4788068701665213
31717,0,0.04036573521112688,0.4063773749508677
31718,0,0.07180967874107418,0.5720463860851251
31719,0,0.07050806839314161,0.5649451244377952
31720,0,0.20157922698381617,0.8053722376473474
31721,0,0.03289891786490434,0.36160995706543375
31722,0,0.04454494709694166,0.4679128095056499
31723,0,0.05516426806549818,0.500779891252757
31724,0,0.04043228947303257,0.42865447638466336
31725,0,0.02709667744067379,0.3199684272221382
31726,0,0.052510713189093075,0.4871336494421036
31727,0,0.027583389290307302,0.33775093135096657
31728,0,0.033998965850748804,0.3873761426710373
31729,0,0.04013350116000273,0.4160493404898036
31730,0,0.0522674653652508,0.48533437050254463
31731,0,0.035766025230681474,0.3819247562279978
31732,0,0.032537658229877364,0.35662123838868215
31733,0,0.028398972341323974,0.3316719617253093
31734,0,0.051680156577525,0.48095895817216827
31735,0,0.02769459088927737,0.3224778207108192
31736,0,0.053923049792911924,0.49743260258700794
31737,0,0.08323219089228877,0.6284089704674767
31738,1,0.05410696977554741,0.49325741027449665
31739,0,0.04699887773448873,0.47157552430150956
31740,0,0.059315931175190906,0.5658480260128188
31741,0,0.053402669072584445,0.4936671450345847
31742,0,0.02441841897787699,0.3048865544333851
31743,0,0.03956997732698716,0.40118870315398114
31744,0,0.05544266048622009,0.5082357098734317
31745,0,0.05412047780020866,0.4988523219926559
31746,1,0.05696580506307264,0.5187804385770396
31747,0,0.0695385838661624,0.5595587978890624
31748,0,0.053084429408421875,0.4913476073345102
31749,0,0.03994336492216721,0.41428371627747745
31750,0,0.03833327689321606,0.41832240009404803
31751,0,0.05233986033591613,0.4858706563786066
31752,0,0.0697400467090717,0.5606849928415643
31753,0,0.05160516553812822,0.48039709673376846
31754,0,0.057901818235231536,0.5251223073088634
31755,0,0.08280717611603187,0.6264905828490912
31756,0,0.05156598045479547,0.4801032196411646
31757,0,0.02665575378619281,0.31487274341672616
31758,1,0.07304246177572687,0.5786369238739476
31759,0,0.051799199563206166,0.48184939051303827
31760,0,0.07070283931712924,0.5660171917734816
31761,0,0.04013350116000273,0.4160493404898036
31762,0,0.04688578509129966,0.46254539936683375
31763,0,0.043429847366561976,0.4298305201291827
31764,1,0.035651142085835696,0.40431914801805946
31765,1,0.05122030238030851,0.4775021666352959
31766,0,0.05203225364409638,0.4835873571997437
31767,0,0.04325998194179414,0.44424670295550983
31768,0,0.058454256869445144,0.5288166853672445
31769,0,0.05180498494153421,0.4818926183637693
31770,0,0.051242057617586136,0.47766631811499705
31771,1,0.10737769574026552,0.7189099566300227
31772,0,0.05134637499597567,0.47845258357186404
31773,0,0.024174352448789852,0.3187147370153066
31774,0,0.040259829912238164,0.4172192046176107
31775,0,0.05129132543579313,0.47803783659054716
31776,0,0.07439360201110835,0.5857122108411322
31777,0,0.0291329975417294,0.3343574237623705
31778,0,0.026663299283323595,0.3163682429960587
31779,0,0.05353142313883407,0.49460196680178625
31780,1,0.06919945669198077,0.5576548234958048
31781,0,0.05228964086059956,0.48549871264257916
31782,0,0.05160994465606928,0.5040470806367862
31783,0,0.027086636558517053,0.3196301511071903
31784,1,0.04192153131635771,0.43166680499562177
31785,0,0.05180267071690372,0.48187532719091514
31786,0,0.04198134725819729,0.42720597233125884
31787,0,0.026813442033737884,0.3178925442640984
31788,0,0.0474953605681566,0.4718376227179741
31789,1,0.029745429624366375,0.3394807383103407
31790,1,0.08912765235181352,0.65373079192454
31791,0,0.22492615326842286,0.8327343929878831
31792,0,0.0691782173472912,0.5575352343200015
31793,0,0.02357187207543847,0.2925796928464144
31794,0,0.08820636224434038,0.649927205058756
31795,0,0.07132601832602921,0.5694249326374052
31796,0,0.04088519792756533,0.42297239151763893
31797,0,0.05437306581626571,0.5006616223378375
31798,0,0.05121457877028156,0.4774589696837041
31799,1,0.07083451306249636,0.5667400636476854
31800,0,0.05441304956535401,0.5009473009716398
31801,0,0.051226026595455665,0.4775453639234152
31802,1,0.07598903639751196,0.593871937227953
31803,0,0.06882259946981613,0.5555268593247569
31804,0,0.0690206281839308,0.556646649633635
31805,0,0.05259751088781599,0.4877738603720964
31806,0,0.052695026287852505,0.4884919824229472
31807,1,0.07136035402481888,0.5696117038748544
31808,0,0.05168362018876447,0.48098489141216694
31809,0,0.04032359285905978,0.4178086987007689
31810,0,0.0410954036409222,0.4248920333962099
31811,1,0.07395359246901659,0.5834248862527341
31812,0,0.06864768518098173,0.5545348178872701
31813,0,0.027562565319311064,0.32092099889402076
31814,0,0.07170298313732573,0.5714698383276879
31815,0,0.031936354159944204,0.3581820690808645
31816,0,0.06897220611739638,0.5563731657508504
31817,0,0.05141871235691986,0.4789969839807095
31818,0,0.0707508352876884,0.5662808601055539
31819,1,0.050450239431099136,0.48339092511528775
31820,0,0.040138038766983734,0.4160914056216778
31821,0,0.044968328659454916,0.4589961389519702
31822,0,0.056888659578148794,0.5182530888628624
31823,0,0.04064661697854818,0.4207849799901218
31824,0,0.0223261558537695,0.2807853342608913
31825,0,0.05263273773328414,0.4880334168902755
31826,0,0.0696209353166208,0.5600195887793081
31827,0,0.0239466474927135,0.2981605796900966
31828,0,0.04073213123551978,0.4215700680444561
31829,0,0.052316496774716996,0.4856976573202883
31830,0,0.051627075346746314,0.4805613280892804
31831,1,0.06926928561654422,0.5580477122192692
31832,0,0.03267534712461151,0.35745745687333824
31833,0,0.05151301012528813,0.47970564317424563
31834,1,0.07256065821791309,0.5760766602725347
31835,0,0.0529708691905945,0.49051681357290544
31836,0,0.028738230176095447,0.3311744853861196
31837,1,0.07267170509533599,0.5766685084359467
31838,0,0.0714400091109691,0.570044597291301
31839,1,0.0330451892455616,0.39071634343966555
31840,1,0.05181887234191223,0.48199636631016907
31841,0,0.05243224280434939,0.48655403536098596
31842,0,0.05145779160265277,0.4792908081859939
31843,1,0.052461509834814714,0.4867703051259893
31844,0,0.05495126720122292,0.5047735293837277
31845,0,0.052061309672407574,0.4838035508350705
31846,1,0.05270208220735488,0.4885438967370514
31847,0,0.03391001564073374,0.39066089354992617
31848,0,0.039728093773228,0.40450221699445843
31849,1,0.07073225263257912,0.5661787993874045
31850,1,0.03186109346101982,0.3602862497284094
31851,0,0.05184897378359534,0.48222115884075883
31852,1,0.054387356353938286,0.4952655556391745
31853,0,0.036816576936199205,0.4079463717599232
31854,0,0.04776158986422828,0.4461568231155836
31855,0,0.05242522101245787,0.4865021313635073
31856,1,0.06894044623224813,0.5561936733731646
31857,0,0.05122831645096081,0.4775626429327465
31858,0,0.07079886135762625,0.5665444909203065
31859,0,0.04266099091050092,0.44076592726804364
31860,0,0.035557664677223676,0.4213444243480252
31861,0,0.04027276267638128,0.40552560748883765
31862,0,0.027066345520892206,0.319089962055568
31863,0,0.05318754181960791,0.492100555587235
31864,0,0.05183044786388131,0.48208282411834175
31865,0,0.05513137565803528,0.5060459515163849
31866,0,0.05178531714716305,0.48174564478102017
31867,0,0.028594759791297268,0.3359504774521182
31868,1,0.05509580009857131,0.5057949351434234
31869,0,0.02731363006985061,0.3225961426981418
31870,0,0.06979202603067869,0.5609749726494763
31871,1,0.02723848093639094,0.3217259999600294
31872,0,0.06981496947466707,0.5611028916941156
31873,0,0.05246385186379963,0.4867876069222686
31874,0,0.029543307757399148,0.35478852514943493
31875,1,0.07176258910612064,0.5717920508014689
31876,0,0.03426426913571048,0.39045218266141823
31877,1,0.0263767907827242,0.3169971289205325
31878,0,0.03152803260044245,0.34628692551247875
31879,0,0.0508267898244273,0.4745224016760867
31880,0,0.05921602906630537,0.533852445610369
31881,0,0.02624303174410846,0.31116460482596725
31882,0,0.039855857257811975,0.4066009696654313
31883,0,0.052252297777980586,0.48522192770556516
31884,0,0.05288820948987143,0.4899110592153442
31885,0,0.036738704482944515,0.39343894398238166
31886,1,0.07311426761915563,0.5790168041801529
31887,0,0.06900246622166188,0.5565440971920574
31888,0,0.04013350116000273,0.4160493404898036
31889,0,0.0698700622063155,0.5614098642423057
31890,0,0.03464178315971528,0.3938476028683473
31891,0,0.026683077499695156,0.3149339855320286
31892,0,0.0211512617883379,0.26714303070098294
31893,0,0.03089685349872266,0.3449858966399767
31894,0,0.05259046819140206,0.4877219498551632
31895,0,0.05127413390053819,0.4779082343416365
31896,0,0.07371679113810092,0.5821872184836314
31897,0,0.04643233841407605,0.4678615887701151
31898,0,0.029508676448535904,0.3504074603381757
31899,0,0.0254089775540471,0.32672477670317085
31900,0,0.034923877539710366,0.37815385795574785
31901,0,0.06862961411993287,0.5544321679676112
31902,0,0.057973559317358946,0.5201173112173121
31903,1,0.05223946691409156,0.48512678496848266
31904,0,0.07190079954925784,0.5725379929088497
31905,1,0.03917403319162096,0.39963889606200836
31906,0,0.05151301012528813,0.47970564317424563
31907,0,0.13051048420520353,0.7171244066069167
31908,0,0.06816131066185321,0.551761665162929
31909,0,0.05266446094442919,0.488267023278216
31910,0,0.02590500605418164,0.30971876966873557
31911,0,0.03986963248522617,0.4085807246215266
31912,0,0.02864914902118892,0.3304140814047592
31913,0,0.05729624555926409,0.5011153734598395
31914,1,0.06913120884299605,0.5572704059943329
31915,0,0.041269345395657124,0.42647511856506126
31916,0,0.039192825436866384,0.40410992924618777
31917,0,0.05431737709484553,0.5002634029562903
31918,0,0.06923284500088703,0.5578427358319702
31919,1,0.06968352166800394,0.5603693795010467
31920,1,0.07141969708278091,0.5699342620545261
31921,0,0.05177837725821862,0.4816937725046559
31922,0,0.06862961411993287,0.5544321679676112
31923,0,0.051201988957968216,0.4773639375779496
31924,1,0.07256065821791309,0.5760766602725347
31925,0,0.02875499192397313,0.3398209154915624
31926,0,0.07013076596066244,0.5628588180616277
31927,0,0.035385373608811777,0.4034416118429104
31928,0,0.05514119341147857,0.5061151968813556
31929,0,0.03984591702546001,0.41337653482415804
31930,0,0.052445118397046055,0.4866491934420885
31931,0,0.027341378871157063,0.32320788770880543
31932,0,0.026766486526999218,0.32319181360900723
31933,0,0.026314092183630754,0.30852531562580193
31934,1,0.052077587745689345,0.4839246219242002
31935,0,0.026274543278528437,0.3118240919858735
31936,0,0.0518524480903495,0.48224709690525197
31937,0,0.03871828050250008,0.40208016399771973
31938,0,0.05230248336794842,0.48559385952767475
31939,1,0.03465177660217909,0.393650852986468
31940,0,0.0577414019197886,0.524042804572129
31941,0,0.05171133698097295,0.4811923610088277
31942,0,0.047810518633127276,0.4703600402040384
31943,0,0.026139251694077558,0.31402849606001837
31944,0,0.02679458709098459,0.31793611234108726
31945,0,0.06862961411993287,0.5544321679676112
31946,0,0.05299214424754023,0.4906725835516339
31947,0,0.040134408642074924,0.4160577534183707
31948,0,0.05300278480079069,0.490750469222101
31949,0,0.054625548093325926,0.502462248615964
31950,0,0.051222591993749816,0.4775194455101964
31951,0,0.051577502557647384,0.4801896526600344
31952,0,0.040753306478621736,0.4217642909361757
31953,0,0.03307722598186833,0.38225091126721733
31954,0,0.02700905268135828,0.3242782840685123
31955,1,0.030955943660589704,0.3459471615717961
31956,0,0.05420736861386234,0.49947562063716916
31957,0,0.02727650827575275,0.3232712992807684
31958,0,0.04089998040759654,0.4231076212123841
31959,0,0.04144024842459025,0.42802580125559164
31960,1,0.05132801893592963,0.4783143312489417
31961,0,0.048097312806133455,0.4716941592551602
31962,1,0.04142902095318521,0.4279240734710207
31963,0,0.051226026595455665,0.4775453639234152
31964,1,0.051201988957968216,0.4773639375779496
31965,0,0.05126955041178633,0.47787367424353494
31966,0,0.03897426002828303,0.4029631262754643
31967,0,0.03062707553071891,0.34181823509679626
31968,0,0.03218452584198691,0.3803152116010324
31969,0,0.03216388806369228,0.3572374441955206
31970,0,0.033906992436462426,0.3932959603799169
31971,0,0.02906519125586144,0.34261996063268907
31972,0,0.05173560070175207,0.48137390222870446
31973,0,0.026993324616010537,0.31981179450549646
31974,0,0.04232596945443743,0.43598717715261376
31975,0,0.027656193268096572,0.32589351231732766
31976,0,0.047152393082319485,0.4662921805632046
31977,0,0.021529455741276383,0.27138629345914583
31978,0,0.05200321294267004,0.4833711697078366
31979,0,0.06719665436952402,0.5461972777733501
31980,0,0.05485592462852222,0.5040983404612381
31981,0,0.051419861345748066,0.47900562566268784
31982,0,0.030337110684229666,0.34679818604696144
31983,0,0.05143250182564875,0.47910068499259234
31984,0,0.055670087815210094,0.5098280677422317
31985,1,0.05366286255691151,0.49555413884094635
31986,0,0.051534882933907525,0.4798698564538954
31987,1,0.04160994961304433,0.429560928734443
31988,1,0.05227096616841727,0.48536031905156535
31989,0,0.057375937421053985,0.5215720733051054
31990,0,0.05734664147886047,0.5213733306559488
31991,0,0.05783246713320982,0.5246559903395205
31992,0,0.05270208220735488,0.4885438967370514
31993,0,0.040294895441973046,0.405402342888732
31994,0,0.05098043107390244,0.4756881923576873
31995,0,0.07291178259684934,0.5779444584214829
31996,1,0.06862509704324318,0.5544065047617909
31997,0,0.029883698442599117,0.3407340653893741
31998,0,0.051928938539451845,0.4828177582821174
31999,0,0.05311971348868903,0.47003005869469566
32000,1,0.05129820357647145,0.478089678319021
32001,0,0.052357389475417924,0.48600040789650734
32002,0,0.05182697495064802,0.4820568866630077
32003,0,0.05187793306516693,0.4824373122925126
32004,0,0.06885581939838774,0.5557149554374934
32005,1,0.052099555975951777,0.492958576027938
32006,0,0.053268267017521555,0.4926890919910174
32007,0,0.0510956647776789,0.476560550496744
32008,0,0.05758140287205938,0.5229630771274895
32009,0,0.07148533977520244,0.5702907046541459
32010,0,0.0706409534830833,0.5656769193674652
32011,0,0.05130622917664808,0.4781501609320435
32012,0,0.05167323001343608,0.48090709200009296
32013,0,0.08728429883892963,0.6460648656577281
32014,0,0.06883920757836628,0.5556209093736582
32015,0,0.051261530239083614,0.47781319458178356
32016,0,0.05219866124129754,0.4848240652830028
32017,0,0.0518397100414108,0.48215199113756624
32018,0,0.052076424866669274,0.483915973926513
32019,0,0.05156713255554086,0.4801118628895415
32020,0,0.026635623543932858,0.3138099119073224
32021,0,0.028050051855374694,0.3289525286745125
32022,0,0.05283395658445971,0.4895130080869665
32023,1,0.052012504299993545,0.4834403490319231
32024,0,0.053292832073921104,0.47422558961638994
32025,0,0.09229448494021993,0.6663944428225376
32026,0,0.030882972684597002,0.34511738364796046
32027,1,0.09594140390446274,0.6802251114785673
32028,1,0.026562433165282527,0.31291582282720276
32029,0,0.051201988957968216,0.4773639375779496
32030,0,0.027504740732257914,0.325754906236703
32031,0,0.053635354621262746,0.4953550454269302
32032,0,0.07192281020275922,0.5726566352026851
32033,0,0.057804235338741426,0.5244659969782205
32034,0,0.026516918183459505,0.31426206944385604
32035,1,0.07272252153179411,0.5769389944410552
32036,0,0.0531128553497409,0.4915553134217877
32037,1,0.046809470474743715,0.441584248166405
32038,1,0.06879090338451688,0.5553472981892041
32039,1,0.040833499518775455,0.4224991786044466
32040,0,0.027215837317033968,0.31921229184589833
32041,0,0.0740472167074064,0.5839129294982146
32042,0,0.04275148929511002,0.427454224644261
32043,0,0.033515268816521566,0.3851678836123235
32044,0,0.056470504317251494,0.5153822406615214
32045,0,0.05131884323374707,0.4782452063319558
32046,1,0.0509132301669371,0.4751786653051642
32047,0,0.0352899155700991,0.3984649738853746
32048,0,0.07697068357904213,0.5987899038317196
32049,0,0.06659490029380757,0.5555823787830174
32050,1,0.05337045255639019,0.4760494916808084
32051,1,0.06863262565740019,0.5544492766102614
32052,0,0.0525447123702172,0.4873845380006411
32053,0,0.02661255547208825,0.31543483831459945
32054,0,0.052695026287852505,0.4884919824229472
32055,1,0.07027992317704562,0.5636850952912175
32056,0,0.06969421234302939,0.5604290938855363
32057,0,0.03751282448819939,0.41932076155007214
32058,1,0.05120885576531856,0.4774157730692832
32059,1,0.07042012072765469,0.5644599413632562
32060,1,0.06862961411993287,0.5544321679676112
32061,0,0.05441911012599284,0.5009905855637721
32062,0,0.07197471705324014,0.5729362589467636
32063,0,0.07016918052241998,0.5630718096703088
32064,0,0.06878788541490839,0.5553301963740978
32065,1,0.06930726346849456,0.5582612082594108
32066,0,0.05132343089087569,0.47827976868646777
32067,0,0.0526562346747096,0.4882064581628737
32068,1,0.07598572840248226,0.5938552334937813
32069,1,0.07096641330440928,0.5674626515756016
32070,0,0.03938919129360974,0.3994848353270627
32071,0,0.05176450011799498,0.4815900291367921
32072,1,0.06912817705193815,0.5572533191761097
32073,0,0.04663494738005399,0.47294589774513474
32074,0,0.07269393325817652,0.5767868517278233
32075,0,0.05220332322193786,0.4848586612590597
32076,1,0.06973851844774101,0.5606764633954164
32077,0,0.041012878425630915,0.416583899642824
32078,0,0.039642180845090094,0.40337861046605594
32079,0,0.05165591744325262,0.48077742837261755
32080,1,0.07003711602038581,0.5623390214002465
32081,0,0.060746046545800604,0.5437648379325009
32082,0,0.0747903637224389,0.5877609383650045
32083,0,0.041153925816662086,0.4254252018711899
32084,0,0.035119214598565526,0.37955866673079935
32085,0,0.053987981464340966,0.4979000677203662
32086,0,0.05183392099711158,0.4821087616702306
32087,0,0.05400819398361559,0.4925476834520299
32088,1,0.06866726713758971,0.5546460167167488
32089,1,0.07207233247450916,0.5734614864726557
32090,0,0.07840536317433669,0.6058400472035347
32091,0,0.07063012860927688,0.5656173653220535
32092,0,0.06992366313119647,0.561708264721229
32093,0,0.05198695684201108,0.48325010742591057
32094,0,0.028293830051429207,0.33126838990779656
32095,0,0.05400001393581621,0.49798663576488467
32096,0,0.052212648363558364,0.484927853646181
32097,0,0.031530352930879024,0.3589657963986872
32098,0,0.05221497989488886,0.48494515183334663
32099,1,0.06951877198199434,0.559447851389475
32100,0,0.027803749044450706,0.32851865771293287
32101,0,0.06862961411993287,0.5544321679676112
32102,0,0.05143709909240769,0.47913525239725335
32103,0,0.05103630578886617,0.47611139741496017
32104,0,0.04483649862828463,0.44545732691417866
32105,0,0.06862961411993287,0.5544321679676112
32106,1,0.02766581701096246,0.3299470598331708
32107,0,0.05168592938485651,0.48100218029576064
32108,0,0.051639763992727176,0.48065641132269027
32109,0,0.040797532248209305,0.42216970357038186
32110,1,0.069044851018467,0.5567833787110759
32111,1,0.02621125138247015,0.31404863622864654
32112,1,0.053717918356589865,0.495952329835634
32113,0,0.028177782751445026,0.3302312801846544
32114,1,0.027225524145074148,0.32153010142219607
32115,0,0.04039932286028176,0.4185079745591946
32116,0,0.06863563731727834,0.5544663851238816
32117,1,0.06913727279439091,0.5573045792241131
32118,0,0.051201988957968216,0.4773639375779496
32119,0,0.05296377929704361,0.49046489065438376
32120,0,0.0418331603214728,0.43157305866194784
32121,0,0.051475041374854785,0.479420441078918
32122,0,0.05125465674996379,0.47776135538939796
32123,0,0.03376741630169046,0.3769961992547747
32124,0,0.05113908380308603,0.4768888017675843
32125,0,0.02117125584679394,0.2691922701206587
32126,0,0.05587229183227653,0.5112385235679942
32127,0,0.053227889975494005,0.492394821154272
32128,0,0.05182697495064802,0.4820568866630077
32129,0,0.06688175195586409,0.580929342171714
32130,0,0.03744904412044336,0.40894123511604347
32131,0,0.04394466225520804,0.45021331325937797
32132,0,0.06975838826161167,0.5607873433978532
32133,0,0.08788859182770045,0.648602451674772
32134,0,0.0211287346157933,0.2651032527552535
32135,0,0.06895405595309353,0.5562706004768565
32136,0,0.05159479027676128,0.4803193044101956
32137,0,0.030253800727734745,0.3439524514678916
32138,0,0.027035250162341363,0.32118682679709876
32139,0,0.06907211111493114,0.556937188639074
32140,0,0.03003265123135338,0.3584701693438289
32141,1,0.06992825926526323,0.5617338398314103
32142,0,0.07113433142228205,0.5683803490499127
32143,0,0.051201988957968216,0.4773639375779496
32144,1,0.051766812730494806,0.48160731958811775
32145,0,0.03866345780404048,0.39725202006973476
32146,1,0.06890114323166957,0.5559714243952177
32147,0,0.025754805770062804,0.30726974392503026
32148,1,0.06883014815001029,0.5555696098405817
32149,0,0.06862961411993287,0.5544321679676112
32150,0,0.051376216837243666,0.47867725062768623
32151,0,0.053746664267776724,0.4961600837292483
32152,1,0.051949818074413526,0.48297340104428355
32153,0,0.06992519514484272,0.5617167897943958
32154,0,0.04704991747966771,0.4639658412802404
32155,1,0.05436822118333237,0.5006269945915831
32156,0,0.05276209355670029,0.48898517827201715
32157,0,0.04095546029198889,0.423614835032947
32158,0,0.06468717691914405,0.5500066712601627
32159,0,0.05143709909240769,0.47913525239725335
32160,1,0.07078491520338498,0.5664679568152247
32161,1,0.06560824755905427,0.5735438619187435
32162,0,0.055496965590884434,0.508616507520253
32163,0,0.05740881286858798,0.5163046788821635
32164,0,0.07261933492330912,0.5763895216054342
32165,0,0.051201988957968216,0.4773639375779496
32166,0,0.07215902899158558,0.5739272755020876
32167,1,0.05170671653987447,0.48115778229038997
32168,0,0.12193997314643082,0.7102479980778017
32169,0,0.06957822330774037,0.5597806730303855
32170,0,0.07377149939502484,0.5824735744137401
32171,0,0.03304144950401432,0.37101193130865967
32172,0,0.028282764355548773,0.3333996504221892
32173,0,0.05164784012086101,0.48071691956483015
32174,0,0.05169632197450565,0.4810799808343273
32175,0,0.026184292364251686,0.31071056670242075
32176,0,0.05175871901405776,0.4815468032014639
32177,0,0.051201988957968216,0.4773639375779496
32178,0,0.043731483760434196,0.43819507765952437
32179,1,0.042371779084514054,0.4413367914423365
32180,0,0.05171249215224014,0.48120100571660007
32181,0,0.05050500375620144,0.4720708451351122
32182,0,0.0419819331767448,0.42718932663465675
32183,0,0.10883130385463442,0.7233665738683714
32184,0,0.05198231312406861,0.48321551856299905
32185,0,0.07120752141587405,0.5687795712132582
32186,0,0.05166976706056223,0.48088115906829487
32187,0,0.028168560172444578,0.33258162438697886
32188,0,0.04977459704068227,0.48390432930753685
32189,0,0.12993488539972395,0.7211975857044058
32190,0,0.026889810758867323,0.3185699196469499
32191,0,0.05216836795515044,0.484599194998613
32192,1,0.07408760560509914,0.5841232422929861
32193,0,0.07220162428746665,0.5741558876276776
32194,1,0.07139158153687261,0.5697814787212352
32195,1,0.07005399516401671,0.5624327653748961
32196,1,0.06866877365623164,0.5546545702464023
32197,0,0.03285361163265581,0.38252229209725275
32198,0,0.052233635687425624,0.4850835386257642
32199,1,0.038254670524789584,0.4147528925388863
32200,1,0.04011440448926896,0.4350096853286706
32201,0,0.04029780105717495,0.4097430765288855
32202,1,0.07133069956850903,0.5694504026070415
32203,0,0.028280227878765298,0.32581242380992476
32204,0,0.07534318977105772,0.5905938999829274
32205,0,0.050673716470206395,0.4850776579306158
32206,0,0.02645193872413339,0.3140275673401398
32207,0,0.039746410723426634,0.40126407402370523
32208,0,0.027785789789419355,0.3263558658798112
32209,0,0.0699473063532545,0.5736742608459082
32210,0,0.06689082147323437,0.6016337993645186
32211,0,0.07217637983243502,0.5740204175958801
32212,0,0.05138310574525155,0.4787290980996567
32213,0,0.027274854372834643,0.3221271588059206
32214,0,0.026883801944552782,0.3190259307599434
32215,0,0.02524349632377591,0.3020417975689155
32216,0,0.035209005205195466,0.3976269763205833
32217,0,0.05164091765220575,0.48066505532258325
32218,0,0.027987577800311397,0.32818886954033627
32219,0,0.05067358688418532,0.47335688865572995
32220,0,0.02928393125200456,0.34775614672538296
32221,0,0.026590828958959006,0.3151878712350492
32222,0,0.05234102877269787,0.48587930642074245
32223,0,0.02619667412598381,0.31334309096299523
32224,0,0.05186634751823323,0.48235085011854845
32225,0,0.05192082086267614,0.482757231439933
32226,0,0.051969544921178265,0.4831204000202498
32227,0,0.026430706215309015,0.313203386062311
32228,0,0.05420374553913659,0.49944964981434575
32229,0,0.026481926408567284,0.31247379549244764
32230,0,0.01975527276651595,0.2520658536613551
32231,0,0.03440304372893027,0.3916164702177487
32232,0,0.05792880918156067,0.5253036410101604
32233,0,0.03397893847076685,0.3907309789848549
32234,0,0.027279725911570386,0.32550591410794116
32235,0,0.05044065275549599,0.4715789658330538
32236,0,0.052603380481933054,0.48781711933771194
32237,0,0.051481942814856095,0.4794722950130591
32238,0,0.03124436475693099,0.3448993121277936
32239,0,0.052284971596663385,0.4854641140355143
32240,0,0.042624721785589376,0.4266476448423593
32241,0,0.053671237178460555,0.4956147327714495
32242,0,0.0545296029285088,0.5333990414353131
32243,0,0.03143652550356144,0.3734354825555289
32244,0,0.05345985698743858,0.4940826162974403
32245,0,0.031254348573282846,0.34500885547697335
32246,1,0.17557922129287215,0.7854367572389246
32247,0,0.03061000284125231,0.3449297511044639
32248,0,0.040376498292560646,0.41829731469828646
32249,0,0.04110933026332957,0.4250189624703401
32250,0,0.05254353963860536,0.4873758865644898
32251,0,0.051534882933907525,0.4798698564538954
32252,0,0.02565189779000775,0.3092527272298389
32253,0,0.05114022688028063,0.4768974402297773
32254,0,0.05434400412067937,0.5004538557767362
32255,0,0.052099687110326115,0.4840889357036675
32256,0,0.031463624452349584,0.35501697005624233
32257,0,0.06159289404518477,0.5491372627919232
32258,0,0.03450735474731595,0.3909087233234635
32259,0,0.026458764731596317,0.31463686625124976
32260,0,0.05143135256968055,0.47909204317268456
32261,0,0.026644336880608258,0.31500574446065177
32262,0,0.02834592689492911,0.33132512428273253
32263,0,0.032486688514553934,0.3581052858336679
32264,0,0.05214391242966699,0.48441757354780685
32265,1,0.05168823867849866,0.4810194692248485
32266,0,0.05129476439707897,0.4780637573957152
32267,0,0.05157174120193667,0.48014643600204593
32268,0,0.051309669083150586,0.47817608224813657
32269,0,0.07278767794824978,0.577285487217692
32270,0,0.05915044638082739,0.5334215570682552
32271,0,0.051200844574770754,0.4773552983767661
32272,0,0.027072878031777388,0.3213695414824828
32273,1,0.03219418909047258,0.3572552019272369
32274,0,0.02460888144400005,0.30631768409449056
32275,0,0.05180614209050044,0.4819012639664619
32276,1,0.07405852355638336,0.5839718201640726
32277,0,0.052030034360813306,0.4722604336630766
32278,0,0.05470223880287941,0.5030076201535318
32279,0,0.06825263646010059,0.5522840224524054
32280,0,0.05178184709277792,0.48171970859358476
32281,1,0.0689056771341438,0.5559970696529197
32282,0,0.053879802931843225,0.4971209616078658
32283,0,0.05416752734517947,0.49918994177256343
32284,0,0.032864220482083,0.39059354526705303
32285,0,0.051577502557647384,0.4801896526600344
32286,0,0.05271031524112188,0.48860446374911004
32287,0,0.03973893448143608,0.4008914048243392
32288,1,0.04013622366520457,0.41607457942222587
32289,0,0.052449801171243954,0.4866837966209935
32290,0,0.04919270993146361,0.4844557827061664
32291,0,0.051201988957968216,0.4773639375779496
32292,0,0.026833571830068206,0.3170431131959897
32293,0,0.04057082771394064,0.41038995754965113
32294,0,0.052226639027275416,0.48503164330941717
32295,0,0.04040845614757312,0.41859224683063817
32296,1,0.054038534839036534,0.49826365429292396
32297,0,0.0556688494276696,0.5098194141330765
32298,0,0.06884977830709199,0.5556807573303226
32299,0,0.05305483432390877,0.49113125000436525
32300,0,0.0517598751860113,0.48155544836645336
32301,0,0.0531384159203295,0.47499245945142704
32302,0,0.024789287930446154,0.29811219220149915
32303,0,0.030861362593675383,0.34125167510917115
32304,0,0.05447125721493154,0.5013628323753647
32305,1,0.06927080436072944,0.5580562524733816
32306,0,0.05230248336794842,0.48559385952767475
32307,0,0.06879693969161983,0.5553815014260601
32308,0,0.04014166920650314,0.41612505860722476
32309,1,0.03160668302247305,0.37377398162526104
32310,0,0.02654009208335852,0.31542212729384367
32311,0,0.026212845008603016,0.3182624494107957
32312,1,0.06907362585685828,0.5569457333152498
32313,0,0.05236323375433692,0.4860436588226749
32314,0,0.0528445671468736,0.48959088662498695
32315,0,0.02641756540609976,0.31331365369696484
32316,0,0.040861187306470044,0.4227526678888121
32317,0,0.03822171677731922,0.4019136584428699
32318,0,0.05215322754263457,0.48448676218919334
32319,0,0.052527123991681954,0.4872547672549352
32320,0,0.03471259062850541,0.3982177165789539
32321,0,0.07452997314529218,0.5864178490300225
32322,0,0.032773944705267254,0.36147763183058484
32323,0,0.052281469907240224,0.4854381651716265
32324,1,0.04160901021367661,0.42955244361568257
32325,0,0.026447086044719043,0.31396789583449725
32326,0,0.05127986380656563,0.47795143476165425
32327,0,0.03783837481573837,0.39333983028989733
32328,0,0.030403080130315063,0.3426096653418466
32329,0,0.03442093668359025,0.3951431396762045
32330,0,0.06977214735414485,0.5608641029224221
32331,0,0.045947645575804816,0.47140833666430665
32332,0,0.05205665967761875,0.4837689594439087
32333,0,0.035934873335905726,0.40723312088321884
32334,0,0.051201988957968216,0.4773639375779496
32335,0,0.05209038103469786,0.48401975053306445
32336,0,0.052861076465449776,0.489712032020391
32337,0,0.026877572056426487,0.3153927670388448
32338,1,0.06903425256006239,0.5567235607970624
32339,0,0.07542528676867472,0.5910124718107794
32340,0,0.06866877365623164,0.5546545702464023
32341,0,0.045533378973907676,0.4824740576646447
32342,0,0.027485311607586622,0.3230287650067577
32343,0,0.051201988957968216,0.4773639375779496
32344,0,0.06992672718953148,0.5617253148311245
32345,0,0.026478827491908625,0.3140666056486911
32346,0,0.026758625489654044,0.31612908372015913
32347,0,0.020259744177874017,0.26023488386974036
32348,0,0.051516463142895666,0.47973157129619465
32349,1,0.06895254363904531,0.5562620531540622
32350,0,0.027963064859345844,0.3346735139075114
32351,0,0.0501458613209809,0.4693187713254506
32352,0,0.05142905413060681,0.479074759570414
32353,0,0.05169632197450565,0.4810799808343273
32354,0,0.04032632771761014,0.4178339679942935
32355,0,0.07120440553211256,0.5687625848530824
32356,0,0.07411023223964394,0.584241004083555
32357,1,0.05147734175763099,0.47943772567441695
32358,0,0.06338547103522874,0.5602476054065046
32359,0,0.05140837255013549,0.47891920940917354
32360,0,0.04017980782230593,0.41647846210882955
32361,0,0.04013168625484162,0.41603251477941305
32362,0,0.05154294355079653,0.47993035718160443
32363,0,0.0523807702891462,0.4861734128527257
32364,1,0.05415304645661418,0.4990860586703901
32365,0,0.04003240133342995,0.40390414981827477
32366,0,0.04941782758150656,0.4903677589872445
32367,0,0.05154639846585513,0.47995628624520964
32368,0,0.02605424058173673,0.31047311640186936
32369,0,0.030376641615225,0.3549355340056628
32370,0,0.05097701205413638,0.4756622829720642
32371,0,0.052105504205433036,0.4841321767451776
32372,0,0.028219349639358477,0.32817315913797984
32373,0,0.05020180848845171,0.47954612102175265
32374,0,0.05725120880042358,0.5207252101220479
32375,0,0.11784678235478258,0.7044004723436619
32376,0,0.07036308617170035,0.5641449318185874
32377,0,0.03331616719464056,0.3866982485224304
32378,0,0.05197302686432264,0.48314634131998685
32379,0,0.05328965479915101,0.4928448844978423
32380,0,0.03343891191252762,0.3891836246422977
32381,0,0.041548944237812566,0.4214309912776001
32382,0,0.03167368306972989,0.3515513720082241
32383,0,0.05088591819761145,0.47497141478912513
32384,0,0.03171101369253779,0.3580341587543846
32385,0,0.052301315744147,0.4855852097675947
32386,0,0.030451323452970684,0.34172881714323183
32387,0,0.031015523950710753,0.3446832646203583
32388,1,0.05672457860574624,0.517129094608246
32389,0,0.051201988957968216,0.4773639375779496
32390,0,0.051270696247636915,0.47788231424821365
32391,1,0.027348929718669687,0.3224705073452326
32392,0,0.051207711236928695,0.47740713378691607
32393,0,0.04013894634736787,0.41609981879474117
32394,0,0.051242057617586136,0.47766631811499705
32395,0,0.04149174492722945,0.42849213133494096
32396,0,0.027459576263170665,0.32631956219814057
32397,0,0.039218533902300554,0.4030918911770636
32398,0,0.05933950901213004,0.5346623788304352
32399,0,0.02132458608274,0.27081277641311047
32400,0,0.052262797972301024,0.4852997725601992
32401,0,0.05355768670080046,0.4947923982981643
32402,0,0.05261159895302761,0.4878776821960208
32403,0,0.027391469901645246,0.3280358026963977
32404,0,0.02574671884528683,0.3074378379064435
32405,0,0.025763681591635376,0.3079377036193734
32406,0,0.03190681889487161,0.35184178601632315
32407,0,0.050783621757512644,0.47419430272012714
32408,0,0.034317255895227904,0.3940674467109544
32409,0,0.03862480824934504,0.4164870030927739
32410,0,0.05189415694070729,0.482558361101692
32411,0,0.05200321294267004,0.4833711697078366
32412,0,0.05614879782531957,0.5131592203313274
32413,0,0.03879712295101613,0.42251725463575857
32414,0,0.05179572862939553,0.48182345393297105
32415,0,0.04077255737311483,0.44208122342739575
32416,0,0.03312640297207615,0.3707436161835524
32417,0,0.05505217509782873,0.5374724289892572
32418,0,0.028688893706301954,0.32755010683860847
32419,0,0.03838247559122497,0.3961164542303245
32420,0,0.05165591744325262,0.48077742837261755
32421,0,0.031277894071464016,0.34526712992160535
32422,0,0.17478772666930853,0.7883687055214058
32423,0,0.05167438437982521,0.4809157363335599
32424,1,0.059021836284265716,0.5270964205941738
32425,0,0.037579305740671164,0.42758724282996097
32426,0,0.029989112472558848,0.34284754521122174
32427,0,0.04116322238304517,0.42550984777477197
32428,0,0.0529744144733573,0.4905427751089637
32429,0,0.053084429408421875,0.4913476073345102
32430,0,0.0522021576898942,0.4848500122514282
32431,0,0.05370714237907554,0.4958744224820246
32432,0,0.051697476828640856,0.4810886253953169
32433,1,0.06933917975606259,0.5584405282941417
32434,0,0.051201988957968216,0.4773639375779496
32435,0,0.02884096171629674,0.33915431694359643
32436,0,0.05127871777690552,0.47794279465124345
32437,0,0.11517407662570779,0.6943664203436641
32438,0,0.051927778797896736,0.48280911155946765
32439,0,0.051201988957968216,0.4773639375779496
32440,0,0.040704423796575906,0.4178077426461874
32441,0,0.051201988957968216,0.4773639375779496
32442,0,0.04014620769836127,0.41616712593873295
32443,0,0.0534717784072171,0.49416917385828496
32444,0,0.05169978661008788,0.4811059145512567
32445,0,0.05121572344388003,0.47746760904706936
32446,0,0.051201988957968216,0.4773639375779496
32447,0,0.06942435636825858,0.5589186404209382
32448,0,0.040278948646808595,0.4173960280798803
32449,0,0.04039201765423367,0.4184405601661416
32450,0,0.05111508476523979,0.4767073972633877
32451,0,0.06959805086742413,0.5598916016506006
32452,0,0.051261530239083614,0.47781319458178356
32453,0,0.027134634352046605,0.3207429622213613
32454,0,0.05148309313993014,0.4794809373784486
32455,0,0.029557442514059725,0.3352965329927465
32456,0,0.04088242678206862,0.4229470372342238
32457,0,0.050478913691133456,0.4902836826448084
32458,0,0.05126725881275719,0.4778563942739017
32459,0,0.04238329818122159,0.4364981484436716
32460,0,0.02662014345733085,0.31472908473657873
32461,0,0.04129513890561635,0.43815252717820874
32462,1,0.027750199934047086,0.3245240214370698
32463,1,0.06991140813949358,0.561640062824709
32464,0,0.023415088938256362,0.2871311477696217
32465,0,0.03142379614123625,0.3756423784547199
32466,0,0.0406730558861128,0.4100785220421672
32467,0,0.051336048948306165,0.47837481623268807
32468,0,0.05134637499597567,0.47845258357186404
32469,0,0.05140837255013549,0.47891920940917354
32470,0,0.06862961411993287,0.5544321679676112
32471,1,0.025588007236642077,0.3073536454415586
32472,0,0.05272443183912651,0.48870829369011076
32473,0,0.057514965943407916,0.5225138467106986
32474,0,0.059895506659817375,0.5382875435601371
32475,0,0.05134522756033433,0.47844394270475293
32476,0,0.05139458920014771,0.4788155115707695
32477,0,0.03080722246125487,0.35152269211534365
32478,0,0.05144054729751994,0.4791611780818862
32479,0,0.025824591748701182,0.31031762740327695
32480,0,0.04737789582630611,0.46969774791254437
32481,0,0.05125236578067514,0.477744075765001
32482,0,0.0512867404933347,0.4780032757009995
32483,0,0.04073673365284942,0.42161228835026165
32484,0,0.02655105513947101,0.31304837496352644
32485,0,0.03961025856961553,0.4003060794519521
32486,0,0.05165822546902538,0.4807947167070608
32487,0,0.027503003969630565,0.32101490078722006
32488,0,0.0262123650974438,0.3119083304246778
32489,0,0.029691781508157357,0.3562184856046185
32490,0,0.051260384597013715,0.4778045546831666
32491,0,0.020716242082035773,0.261810911026771
32492,0,0.04023344214291014,0.4169750548412216
32493,0,0.05179341479567516,0.4818061629340004
32494,0,0.052496650641619826,0.48702983537599887
32495,0,0.05329440873994303,0.49287950524469154
32496,0,0.03422273356941412,0.38971233994769183
32497,0,0.05248844913180234,0.48696927768696435
32498,0,0.0274304539630012,0.3256895521531739
32499,0,0.027039509303523463,0.33591005346890435
32500,0,0.026798788069013132,0.31525376418078976
32501,0,0.02577330018994612,0.3091360304665247
32502,0,0.052280302726673694,0.48542951556776975
32503,0,0.04544137147638185,0.4636777500887404
32504,0,0.053968734768320564,0.49776155911316283
32505,1,0.03686709674295556,0.42203625822252044
32506,0,0.05341457845925168,0.4937537008454541
32507,0,0.05172982264925359,0.4813306776808791
32508,0,0.04032997447208728,0.41786766105668166
32509,0,0.05074389239842866,0.47389212601908964
32510,0,0.031596801146465486,0.3760734000329203
32511,0,0.05180961368400857,0.4819272008395394
32512,0,0.040344564649443346,0.41800244096936473
32513,0,0.051339490745927155,0.4784007385627968
32514,0,0.052103177293738555,0.4841148803000258
32515,0,0.025799999727591384,0.3084099366511205
32516,0,0.05211132191433059,0.4841754180242839
32517,0,0.040650291470262924,0.4208187390036853
32518,0,0.051504953935374055,0.4796451446484269
32519,0,0.05196722374824196,0.48310310587095895
32520,0,0.05369277758082177,0.49577054632283385
32521,0,0.025369837751346044,0.3046108186313832
32522,0,0.026928444521176802,0.3195901407306178
32523,0,0.04016898879845738,0.4057697599322656
32524,0,0.05134752245587131,0.4784612244518696
32525,0,0.037162668594933064,0.397668994059985
32526,0,0.020712214290076695,0.26523919115338795
32527,0,0.05191154498654824,0.4826880585256397
32528,0,0.05282688399379186,0.48946108934419486
32529,0,0.05163630316050621,0.4806304793925122
32530,0,0.05171942369221577,0.4812528741994059
32531,0,0.020617974778883077,0.26189667176003234
32532,0,0.06937567216915866,0.5586454468122255
32533,0,0.025391398031517347,0.30488228035364556
32534,0,0.026622352202281967,0.31473681854711805
32535,0,0.05171364734790527,0.4812096504356273
32536,0,0.051788787421386206,0.4817715810668226
32537,0,0.026415764700161957,0.3144183521778931
32538,0,0.024886391212342557,0.3028074442482773
32539,0,0.052623341729711844,0.4879642011819971
32540,0,0.08756987348344118,0.6252086852352038
32541,0,0.051409521320435206,0.4789278509778363
32542,0,0.03609502959686942,0.4086305744944203
32543,0,0.05143709909240769,0.47913525239725335
32544,0,0.05161438964886642,0.48046624626391016
32545,0,0.051540640395749,0.4799130711992584
32546,0,0.02977490893847988,0.3380787390902852
32547,0,0.051201988957968216,0.4773639375779496
32548,0,0.05345171032934306,0.4794983697472962
32549,0,0.05165130168421272,0.4807428518418649
32550,0,0.039659007763803746,0.4001514345475291
32551,0,0.06907665543297292,0.5569628225665009
32552,0,0.05768759573917877,0.5236800407183716
32553,1,0.05127413390053819,0.4779082343416365
32554,0,0.05157519794233113,0.48017236596122737
32555,0,0.0259270007694679,0.3094333095453208
32556,0,0.05074389239842866,0.47389212601908964
32557,1,0.039432515487489855,0.4095108914611983
32558,0,0.028418961456688843,0.3361236777548263
32559,0,0.029464783460905385,0.33596630542220324
32560,0,0.05536868867793083,0.5077164250400082
32561,0,0.020072005756766896,0.25904167916868487
32562,0,0.051201988957968216,0.4773639375779496
32563,0,0.06862961411993287,0.5544321679676112
32564,0,0.05209038103469786,0.48401975053306445
32565,0,0.027782800510655136,0.3260227646885394
32566,0,0.0275814394418977,0.3222297835071197
32567,1,0.03428064237452906,0.3906252656783773
32568,0,0.03069667383394184,0.34058389075424306
32569,0,0.05242756151104491,0.4865194326637088
32570,0,0.02982695745707283,0.3372577413069323
32571,0,0.05143365110590513,0.47910932682500834
32572,0,0.0254065973243751,0.30482476489733595
32573,0,0.02725478109507844,0.3445753144404734
32574,0,0.02664903157243064,0.31479057719491227
32575,0,0.025349091279316997,0.30381479439814835
32576,0,0.041329130874105786,0.46000703421626854
32577,0,0.051532580119472364,0.4798525706400593
32578,0,0.038572225016370566,0.3960851621849639
32579,0,0.02175107903056702,0.2739367600941165
32580,0,0.05105798708131471,0.476275506599388
32581,0,0.051096806936620484,0.47656918842991114
32582,0,0.040162550340393774,0.4163185784396427
32583,0,0.05186750596285743,0.482359496288473
32584,0,0.04014166920650314,0.41612505860722476
32585,1,0.12400605863917692,0.7095979220556058
32586,0,0.02608231102751261,0.3110726929230705
32587,0,0.051887203264005706,0.482506482789126
32588,0,0.03361707674018485,0.3889813080720144
32589,1,0.09205203154958762,0.665446893242188
32590,0,0.05166976706056223,0.48088115906829487
32591,0,0.05184781573024726,0.48221251284054567
32592,0,0.025086315066399398,0.3048244880150927
32593,0,0.02395022125263806,0.2912680189654302
32594,0,0.051562524298600615,0.48007728996751553
32595,0,0.05162938215399044,0.4805786158453713
32596,0,0.0344348762358211,0.39380279813815683
32597,0,0.0350851123095866,0.3987835879470019
32598,0,0.04041941870310863,0.41869337982775223
32599,0,0.02059756161104216,0.26138266184993236
32600,0,0.05163284254759803,0.4806045475666927
32601,0,0.05167784762529242,0.4809416694024908
32602,0,0.04449847723655606,0.45014228663466566
32603,1,0.025879035235801064,0.3085478067444232
32604,0,0.02717136292741317,0.31922436569442153
32605,0,0.051533731514526,0.4798612135409501
32606,0,0.026647192551299177,0.3172839434420675
32607,0,0.05125694781612568,0.47777863506702156
32608,0,0.10782500259769247,0.6827406545880562
32609,0,0.051504953935374055,0.4796451446484269
32610,0,0.021349165199513572,0.2859521063644417
32611,0,0.030794679987829383,0.34615572819663293
32612,0,0.05149229661564892,0.47955007674326044
32613,0,0.050623748597904555,0.47297707985797743
32614,0,0.030379707655374035,0.34322115519311736
32615,0,0.05125694781612568,0.47777863506702156
32616,0,0.026295150382751323,0.32937608769057625
32617,0,0.027571475717743613,0.324618018387176
32618,0,0.03553759273284261,0.38051494663728613
32619,0,0.05180382781700213,0.48188397277191863
32620,0,0.05155330895297124,0.48000814469622
32621,0,0.052104340737310205,0.48412352851784723
32622,0,0.05157980727034377,0.4802069394062754
32623,0,0.05165476346693012,0.480768784222655
32624,0,0.0330872496188098,0.38204024331887576
32625,0,0.03514184958498473,0.396930484565679
32626,0,0.052117140237075574,0.4842186595403403
32627,0,0.051941697312511505,0.48291287290922513
32628,0,0.0269326341112696,0.31772100625910016
32629,0,0.0262575308373917,0.311652681784949
32630,0,0.05191038561217825,0.48267941195794944
32631,0,0.051548701864224306,0.47997357234761046
32632,0,0.0332119872332122,0.38548468388130375
32633,0,0.055271434157037634,0.5070326747948858
32634,0,0.052837493215063716,0.4895389675432649
32635,0,0.0528433880961428,0.4895822334290748
32636,0,0.06900246622166188,0.5565440971920574
32637,0,0.04177654326205475,0.43106344239447364
32638,0,0.02582660989632884,0.3084340805368352
32639,0,0.02658263954005521,0.3158866961591555
32640,0,0.05385579103356048,0.49694782868165205
32641,0,0.05142560665414613,0.47904883426094796
32642,0,0.02794706349977162,0.3265936002200862
32643,0,0.05697592979175773,0.5188495961171747
32644,0,0.026295591601267466,0.31427689499728284
32645,0,0.01976661623608459,0.2548754219868317
32646,0,0.027372650437404483,0.32000137944019974
32647,0,0.032445472836587115,0.3570250335039964
32648,0,0.0429414617590721,0.45146796330722233
32649,0,0.0531128553497409,0.4915553134217877
32650,0,0.05156482837839059,0.480094576404698
32651,0,0.054733918498096605,0.503232692109248
32652,0,0.026891433386487064,0.31913851647780356
32653,0,0.02079860031929271,0.26296363154051416
32654,1,0.0686371431931228,0.5544749393322931
32655,0,0.03004406886375696,0.3397386605453831
32656,0,0.05139918326173272,0.4788500773144927
32657,0,0.04048250870194211,0.4192750269347359
32658,0,0.05374598706946046,0.47584918287516026
32659,0,0.05301461000332525,0.4908370093824301
32660,0,0.03271120187439611,0.37913586518252523
32661,0,0.05142790494750039,0.4790661177880615
32662,1,0.040663154696473504,0.4209369013807207
32663,0,0.020984755545549596,0.2663220267411466
32664,0,0.03288681613538066,0.3810532496631155
32665,0,0.034357972445557466,0.39053948996468923
32666,0,0.04081689546918225,0.42234710461633307
32667,0,0.04040662933189992,0.41857539199609206
32668,0,0.03384678563066828,0.37114609139679267
32669,0,0.04080675173248993,0.42225417775734403
32670,0,0.0519799914121202,0.4831982241918326
32671,0,0.051201988957968216,0.4773639375779496
32672,0,0.03781121363745186,0.4155862049727105
32673,0,0.052917716821707664,0.4901273967486
32674,0,0.03933801010135027,0.40206268110192567
32675,0,0.02739566649266038,0.3200028696971842
32676,0,0.026226380221153617,0.3117911664828711
32677,0,0.05121228949569184,0.47744169099743916
32678,0,0.05478025068366259,0.5035616410472258
32679,1,0.049037869872091536,0.4540281556988413
32680,0,0.05343483016815584,0.49390084658047956
32681,0,0.03994239192273003,0.40743708846104626
32682,0,0.02712512620031733,0.3183911224525182
32683,0,0.027206057516032636,0.3193688524720338
32684,0,0.02014134187773807,0.25781962821490795
32685,0,0.02546086974394155,0.3063120253530868
32686,0,0.04009359140794588,0.4156792201222977
32687,1,0.039679318174291725,0.40094633405010244
32688,0,0.04125723043511215,0.4263650153803383
32689,0,0.07574789982223976,0.5926519961935618
32690,0,0.027668733055711773,0.3272343196613415
32691,0,0.02968270311569287,0.3367257911129347
32692,0,0.05215439204231691,0.4844954108112343
32693,0,0.032264680931000454,0.37512092688525256
32694,0,0.02070759246695467,0.2631570535163229
32695,0,0.05167092135380506,0.48088980336745535
32696,0,0.04769616938740019,0.4700463912104309
32697,0,0.052677390391935544,0.4883621977262365
32698,1,0.05128100986045397,0.4779600748852585
32699,0,0.07406013895018568,0.5839802329206761
32700,0,0.0346567164473066,0.3837205163011417
32701,0,0.03271641982100738,0.3791929245760844
32702,0,0.05119512302173178,0.4773121025741809
32703,0,0.051506104746694106,0.47965378725846347
32704,0,0.04200534794370176,0.4331197768926504
32705,0,0.038497230928443836,0.4250341965046419
32706,0,0.021508309815434765,0.27059545664118556
32707,0,0.05227446719312945,0.4853862676795124
32708,0,0.051414116644429984,0.47896241737854817
32709,0,0.051251220332357156,0.47773543597277524
32710,0,0.026413231039901862,0.3157117330410792
32711,0,0.05356007490004167,0.4948097103281347
32712,0,0.051308522423410406,0.47816744179637266
32713,1,0.03744855670906723,0.3905729580945735
32714,0,0.026734394273624756,0.31421686606721777
32715,0,0.041076841835390974,0.42472281003846846
32716,0,0.0514646908554,0.4793426610094798
32717,0,0.04047518908828006,0.41920757805852366
32718,0,0.05164091765220575,0.48066505532258325
32719,0,0.030702023916286517,0.34121102512378526
32720,0,0.026953114304963523,0.3207162057833027
32721,0,0.051698631707168125,0.48109726996762836
32722,0,0.05189067999225195,0.48253242189834006
32723,0,0.051823502257399526,0.48203094930436796
32724,0,0.05151991637939309,0.47975749952733004
32725,0,0.03997770643516409,0.4146030484166167
32726,0,0.052047360865574425,0.48369977712852086
32727,1,0.051207711236928695,0.47740713378691607
32728,1,0.051458941417362805,0.4792994502922848
32729,0,0.07010158389897132,0.5626969289309701
32730,0,0.05493022600405073,0.4991264151441685
32731,0,0.03415945990702685,0.3908885697819942
32732,0,0.05825491516013529,0.5274877421186456
32733,0,0.05997381418699416,0.5387952688068445
32734,1,0.03908728906211966,0.42124738749992474
32735,0,0.039956013767962525,0.4144013565938206
32736,1,0.05165822546902538,0.4807947167070608
32737,0,0.027254673276749464,0.32217832634261406
32738,0,0.06938479804920286,0.5586966733234917
32739,0,0.025683941512063886,0.30719166915052093
32740,0,0.029199227882392,0.34764125545233177
32741,0,0.05142101035885947,0.47901426735723085
32742,0,0.05163284254759803,0.4806045475666927
32743,0,0.033546848780464954,0.3849087491798602
32744,0,0.05174831456514299,0.48146899721435626
32745,0,0.05095194587173349,0.47547228482293513
32746,0,0.05069285502213977,0.4735036412467291
32747,0,0.054189180771053405,0.48195169061908144
32748,0,0.026292845584810508,0.3140092511340934
32749,0,0.05386659513865644,0.49702573841035447
32750,0,0.02145696667126073,0.2701364310945934
32751,0,0.05120656673273869,0.47739849451806676
32752,0,0.05237024770256612,0.48609556020992883
32753,0,0.06872152109987358,0.5549539233519614
32754,0,0.030754397686958188,0.34482950306867227
32755,0,0.051417563392374396,0.4789883423113014
32756,0,0.05694556067701318,0.5186421213406051
32757,0,0.06137133271111785,0.5477394238866371
32758,0,0.033085359348002864,0.3859259090796829
32759,1,0.02946014735251854,0.3449910268934334
32760,0,0.026533013498236648,0.3147898638751866
32761,0,0.02966298553082359,0.34257107014540744
32762,0,0.026969798505227335,0.33984258388535654
32763,0,0.058304044025959983,0.5278157001153331
32764,0,0.051364737265134276,0.4785908391958032
32765,0,0.05556738982596207,0.5091097986322667
32766,0,0.05180961368400857,0.4819272008395394
32767,0,0.04315675184007734,0.44334066222920065
32768,0,0.03739708395815193,0.3921009577897231
32769,0,0.05165014780538879,0.4807342077379848
32770,1,0.027047645824695696,0.3213378406187111
32771,0,0.051563676326325796,0.4800859331801466
32772,0,0.052012504299993545,0.4834403490319231
32773,0,0.051689393361902154,0.48102811370643994
32774,0,0.06859047527036843,0.5542097438894267
32775,0,0.025980189860741323,0.31036494486897137
32776,0,0.05148654426100218,0.47950686454828484
32777,0,0.05377902076042403,0.49639380844095765
32778,0,0.05164091765220575,0.48066505532258325
32779,0,0.05151991637939309,0.47975749952733004
32780,0,0.051415265536129906,0.47897105901021547
32781,0,0.038605058646680374,0.4234403304610497
32782,0,0.06296026070191219,0.5576439386335234
32783,0,0.05198347401679784,0.48322416576366234
32784,0,0.05151185916805906,0.479697000491217
32785,0,0.05170440646570109,0.48114049299883455
32786,0,0.025926773764755665,0.309411374685594
32787,0,0.026209943312087376,0.3107565326460222
32788,0,0.04003470339965277,0.4151326255057334
32789,0,0.030933925223050836,0.3457993241454177
32790,0,0.05165591744325262,0.48077742837261755
32791,0,0.06996044002748245,0.561912856410452
32792,0,0.051441696747806076,0.47916982000171465
32793,0,0.02563231149380087,0.30737130532272483
32794,0,0.05212645083041202,0.4842878464572741
32795,0,0.05228847350768145,0.48549006297776987
32796,0,0.05150725558233121,0.4796624298806784
32797,0,0.05594938503854528,0.5117749702108859
32798,0,0.025676898921985276,0.3062976691860257
32799,0,0.0530211381237597,0.5003910069599321
32800,0,0.1324434432473287,0.7236496423295511
32801,0,0.028885751047549438,0.3416473436827996
32802,1,0.0732676707797274,0.5798269023426601
32803,0,0.05130737578790973,0.47815880135767314
32804,0,0.02963274477592252,0.33904144549960713
32805,0,0.05215322754263457,0.48448676218919334
32806,0,0.03921576335314171,0.42210433108883616
32807,0,0.05467909918183584,0.5028431437175708
32808,0,0.05185360624150573,0.48225574294801693
32809,0,0.04047152975682543,0.419173854752439
32810,0,0.051355555354300524,0.47852171097252527
32811,0,0.035116005508490755,0.39726710714103514
32812,0,0.051235186598481586,0.47761448028277675
32813,0,0.06968504881440726,0.5603779102344406
32814,0,0.0507779443327699,0.4741511334575644
32815,0,0.040301720386272874,0.41760655989747675
32816,0,0.05130508258962502,0.47814152051948866
32817,1,0.05064752926168323,0.4731583483643605
32818,0,0.025230001657771124,0.3044698427479214
32819,0,0.058897935176822055,0.5317578652232767
32820,0,0.05283649842374383,0.4673344809708604
32821,0,0.051884885567507186,0.4824891901020178
32822,0,0.025447768920006223,0.307490631038318
32823,0,0.025841649026498194,0.30808257579710213
32824,1,0.020320253757880144,0.25868426164210645
32825,0,0.02982529895116439,0.33806658164071346
32826,0,0.027274839568575463,0.32410038541354824
32827,0,0.05165130168421272,0.4807428518418649
32828,0,0.06872302872098271,0.5549624757129569
32829,0,0.053101009461846725,0.49146876886033747
32830,0,0.025555938698359728,0.30641376970481266
32831,0,0.05262099297636219,0.48794689732694174
32832,0,0.02582760788680641,0.30817708382120124
32833,0,0.05187213998594482,0.4823940810737505
32834,0,0.019962207250042902,0.2552637057319887
32835,0,0.051201988957968216,0.4773639375779496
32836,0,0.02670591683123284,0.3154856202075601
32837,0,0.053569628701701184,0.49487895857205966
32838,0,0.03983396444600701,0.4039189717409782
32839,0,0.04037558556683477,0.41828888892315846
32840,0,0.0608805910400598,0.5446237695244418
32841,0,0.05154755015287307,0.47996492929041384
32842,0,0.04041941870310863,0.41869337982775223
32843,0,0.0514888451299296,0.4795241493895136
32844,0,0.04172484145835563,0.41896454143008377
32845,0,0.05214507673280001,0.48442622209536806
32846,0,0.051657071443950896,0.4807860725340879
32847,0,0.053216019873069065,0.4923082719019298
32848,0,0.051504953935374055,0.4796451446484269
32849,0,0.05142330845793371,0.4790315507839906
32850,0,0.05205433482742147,0.4837516638066327
32851,0,0.05228730617938633,0.48548141332165246
32852,0,0.025413507615715494,0.30732697663610165
32853,0,0.025655491326745793,0.3076807563319741
32854,0,0.039096941726296186,0.3976620544373376
32855,0,0.05559088325607559,0.509274225108297
32856,0,0.029808417554206056,0.3404432405541458
32857,0,0.02850786836564792,0.3548402976379503
32858,0,0.05165360951498294,0.48076014008420515
32859,0,0.052481420229586975,0.4869173714007754
32860,0,0.028245296560294085,0.33069331085916853
32861,0,0.053676023229984195,0.49564935793254516
32862,0,0.05431471157299029,0.4947461904491172
32863,0,0.050922337239152085,0.4752477507141492
32864,0,0.05250602527795393,0.48709904462961917
32865,1,0.02614900426958054,0.31217058687825905
32866,1,0.051800356590006195,0.4818580360614697
32867,0,0.03090431747726532,0.3464977435714421
32868,1,0.06985322405142991,0.5613160720503723
32869,0,0.03323404626332796,0.3830331576973262
32870,0,0.05154294355079653,0.47993035718160443
32871,0,0.05140262906280826,0.4788760017552079
32872,0,0.052113649169763715,0.4841927146023088
32873,0,0.039489989495835716,0.4013338110344956
32874,0,0.05303708474995117,0.49100143719575007
32875,0,0.020038349608615016,0.25829952286854546
32876,0,0.02588995336606372,0.3087027075277185
32877,1,0.06865822866862578,0.5545946948592052
32878,0,0.051201988957968216,0.4773639375779496
32879,0,0.02645577062754816,0.31434693089672017
32880,0,0.05130622917664808,0.4781501609320435
32881,0,0.0517714382485285,0.4816419006228748
32882,0,0.02711093241796761,0.32096688310462684
32883,0,0.026603466506415093,0.3136891455137117
32884,0,0.040727529316092324,0.4215278488852778
32885,0,0.05522593989409024,0.506712428135931
32886,0,0.025081304548180097,0.3044740960989619
32887,1,0.06862961411993287,0.5544321679676112
32888,0,0.051201988957968216,0.4773639375779496
32889,0,0.027340857912058536,0.32128956226882494
32890,0,0.05431955171169308,0.49478081445476924
32891,0,0.05204619862445379,0.48369112938297343
32892,1,0.051993923154093326,0.4833019910211044
32893,0,0.05170902671163055,0.48117507162706824
32894,0,0.04022070915122913,0.4168572039947141
32895,0,0.02444728832542458,0.30091855829590286
32896,0,0.04068337621323784,0.42112260341283325
32897,0,0.05596058430195398,0.5118528392727008
32898,0,0.05128903291610027,0.478020556119469
32899,0,0.051201988957968216,0.4773639375779496
32900,0,0.019881652013421253,0.25677271571864596
32901,0,0.04647343077156467,0.4432513299860223
32902,0,0.03605916691864174,0.3833725380903685
32903,0,0.03001412118153829,0.33824753421326825
32904,0,0.051201988957968216,0.4773639375779496
32905,0,0.07195269174615693,0.5728176363739088
32906,0,0.0253721677325551,0.3046401592959026
32907,0,0.028484742428608687,0.3327238376783076
32908,0,0.052482591651541365,0.4869260224289082
32909,0,0.0400924452130506,0.4063056859924132
32910,0,0.03328858390864394,0.3836225196320997
32911,0,0.02596989193729972,0.3085979797086811
32912,0,0.0552751244271173,0.5070586404908
32913,0,0.051931258096010374,0.4828350517582801
32914,0,0.022925233428877364,0.31385568556181725
32915,0,0.05201482738446833,0.4834576439622213
32916,0,0.04041850504801629,0.4186849518168642
32917,0,0.052069448107878606,0.4838640861428652
32918,0,0.051367032985449285,0.4786081213798474
32919,0,0.028467435074227748,0.3291237561195885
32920,0,0.051201988957968216,0.4773639375779496
32921,0,0.05166976706056223,0.48088115906829487
32922,1,0.06965145874464075,0.5601902258683757
32923,0,0.034539466375765084,0.39305293499397526
32924,0,0.05209387062895308,0.4840456949003999
32925,0,0.051371624717232396,0.4786426859015168
32926,0,0.021208072381515983,0.2686940864658262
32927,0,0.05189647502868856,0.4825756539561565
32928,0,0.052601032570052435,0.48779981572953
32929,0,0.023312094045754503,0.29876835973634497
32930,0,0.028102133699743702,0.3477177693931294
32931,0,0.05212179533727991,0.4842532529233553
32932,0,0.056080174396172924,0.5126834060463668
32933,0,0.07060384601086281,0.5654727261849789
32934,0,0.04179540746770628,0.43123329831696483
32935,0,0.04034274060078955,0.41798559281014547
32936,0,0.031900497263996234,0.38287074498778506
32937,0,0.03950286289868762,0.3993089592236387
32938,0,0.054528309060007704,0.5017697050546003
32939,0,0.026636633358145603,0.32013278816578944
32940,0,0.029355415497070946,0.3437328607593308
32941,0,0.038300275844890964,0.4218216040920178
32942,0,0.05330867296375736,0.4929833678936566
32943,0,0.05152797478252756,0.47981799915714385
32944,0,0.05301216927273078,0.5076565727450089
32945,0,0.05368080968408698,0.49568398313537215
32946,1,0.051201988957968216,0.4773639375779496
32947,0,0.051720579034278,0.4812615189858539
32948,0,0.051376216837243666,0.47867725062768623
32949,0,0.052099687110326115,0.4840889357036675
32950,0,0.03227030543105713,0.3763894298630512
32951,0,0.03410009525532211,0.39051657735225354
32952,1,0.07221582787139008,0.5742320846301229
32953,0,0.05709248575645627,0.5196448552527841
32954,0,0.052209151251012345,0.484901906433157
32955,0,0.03234357519619157,0.3559288094645225
32956,0,0.023619028661234318,0.2898106777183708
32957,0,0.02063353413781061,0.2623773470547752
32958,0,0.05288230988795859,0.48986779215957355
32959,1,0.03820035160347806,0.4195557170603633
32960,0,0.03788514753658978,0.41038603189704176
32961,0,0.034398082865267854,0.3934143434391126
32962,0,0.07018762642130578,0.5631740373859769
32963,0,0.025819716558798583,0.307809526388113
32964,0,0.040795688590692096,0.4221528092792222
32965,0,0.03079880931329304,0.3726681369611303
32966,0,0.02026167119907997,0.2620551379082136
32967,0,0.03945341743208472,0.4000830958495367
32968,0,0.04018344188162862,0.41651212406888416
32969,0,0.033801836177295694,0.3888610264559835
32970,0,0.05229547799455138,0.4855419610968249
32971,0,0.04375010299598658,0.44852538272745934
32972,0,0.051916182728791,0.48272264490001726
32973,0,0.030472204773679443,0.34255162471874184
32974,0,0.029520960703205062,0.33689243270043767
32975,0,0.051485393863002736,0.4794982221460667
32976,0,0.05191734222554469,0.4827312915194899
32977,0,0.20351720823705305,0.8309212590399163
32978,0,0.025212261832533663,0.3252204793066871
32979,0,0.034024628807746704,0.39031553071464026
32980,0,0.0404451379612729,0.4073871790312068
32981,0,0.04031903515631614,0.41776658417053564
32982,0,0.0316606334773734,0.35167640323272087
32983,0,0.04318010407381357,0.4435457707389376
32984,0,0.051290179163830565,0.47802919634843466
32985,0,0.032236571905998976,0.3553543269625983
32986,0,0.0347449104092526,0.3930974161362202
32987,0,0.051576350237816954,0.48018100930469915
32988,0,0.051927778797896736,0.48280911155946765
32989,0,0.05138195753324762,0.478720456822474
32990,0,0.025983488416800635,0.326523356230714
32991,0,0.021302519921610523,0.2713074523602673
32992,0,0.02545853424066963,0.309319880431525
32993,0,0.03111163105766551,0.3765764986114577
32994,0,0.05123633170780309,0.47762311988802475
32995,0,0.05225696428490304,0.48525652533043656
32996,0,0.039625132278056745,0.4025907537866158
32997,0,0.026120122797189352,0.3115990339050113
32998,0,0.033964125103144845,0.38756992964940284
32999,0,0.06873358292651698,0.5550223413281324
33000,0,0.05241118009361832,0.4863983242430256
33001,0,0.06919338769192265,0.557620655841409
33002,0,0.051500350933255175,0.47961057433016546
33003,0,0.03316167399931644,0.3840629455124059
33004,0,0.03957585682342678,0.40213277782838663
33005,0,0.059352659364837024,0.5347485312586124
33006,0,0.035782587423953835,0.406302007876059
33007,0,0.05217885221218037,0.4846770340113674
33008,0,0.02355154440888203,0.317609242409396
33009,0,0.02777595547752259,0.3290411355174853
33010,0,0.07004018467584815,0.5623560660906088
33011,0,0.05231299309049729,0.4856717077561198
33012,0,0.051617849092312554,0.4804921775307969
33013,0,0.026490438497587913,0.31314050615718947
33014,0,0.07056675655100965,0.5652685107800675
33015,0,0.023175771037533932,0.2873466197845483
33016,0,0.040031987493536605,0.41510740309258165
33017,1,0.07002944492562686,0.5622964090305326
33018,0,0.05226863227502418,0.4853430200101067
33019,0,0.11678014512599894,0.6962248138032416
33020,1,0.05315077895526845,0.49183225939421044
33021,0,0.027125062170774494,0.3200377329177387
33022,0,0.052428731797354064,0.48652808332592656
33023,0,0.0338691564116005,0.38807944436658837
33024,1,0.17089118663486944,0.7843520978001586
33025,0,0.07121219547757295,0.5688050504500899
33026,0,0.05279860256984267,0.4892534166579565
33027,0,0.021401146773009524,0.2693656390307788
33028,0,0.03138699769145945,0.3536331730254271
33029,0,0.054973291487576736,0.5049293398291661
33030,0,0.051939377315220636,0.4828955792483661
33031,0,0.053543359614928177,0.494688526382029
33032,0,0.03454073513152,0.377492795222771
33033,0,0.046417402028426466,0.45899070998333347
33034,0,0.03792469737180993,0.39721342028378087
33035,0,0.04815186375625119,0.449844817939213
33036,0,0.052813919899337675,0.4893659055737734
33037,0,0.026357912072999447,0.3117851231330286
33038,0,0.052950783485605,0.49036969917221923
33039,0,0.04013894634736787,0.41609981879474117
33040,0,0.051201988957968216,0.4773639375779496
33041,0,0.05259633704322455,0.4877652086009298
33042,0,0.05172635611061477,0.4813047430862718
33043,1,0.04013350116000273,0.4160493404898036
33044,0,0.020489417494774304,0.2620532177705496
33045,1,0.07490944450736907,0.5883732903112548
33046,0,0.07165595806729275,0.5712154172327538
33047,0,0.18756997401408712,0.8049532055429642
33048,0,0.058685461867303196,0.5303522266468548
33049,0,0.05250719721867591,0.48710769582115904
33050,0,0.024913847670637587,0.30617843960112673
33051,0,0.051309669083150586,0.47817608224813657
33052,0,0.07070438710458936,0.5660256977876732
33053,0,0.05277033544310452,0.4890457476811899
33054,0,0.05069421929453017,0.4826875211113884
33055,0,0.03203951995026527,0.37959247384928485
33056,0,0.02855184064301143,0.32955509267725486
33057,0,0.05129591076597511,0.47807239769036436
33058,0,0.05132343089087569,0.47827976868646777
33059,0,0.0518211872507749,0.48201365778572935
33060,0,0.05119855588096683,0.4773380200150502
33061,0,0.03562864714335959,0.41646144343584934
33062,0,0.030276623699684157,0.343463540404899
33063,0,0.051258093385535206,0.4777872749257805
33064,0,0.051970705544393946,0.4831290471100606
33065,0,0.040477933794841395,0.41923287103342816
33066,0,0.051309669083150586,0.47817608224813657
33067,0,0.051446294791872745,0.4792043878056464
33068,0,0.02960974873675513,0.3475655724838085
33069,0,0.04073305167915196,0.4215785120139058
33070,1,0.06890265450179917,0.555979972847595
33071,0,0.05071893471842443,0.47370219615202025
33072,0,0.052810384758616845,0.4893399464971952
33073,0,0.03241018518543079,0.3857709126423297
33074,0,0.025784166663567778,0.3087323494859355
33075,0,0.05157980727034377,0.4802069394062754
33076,0,0.035445080928246095,0.4032123345315905
33077,0,0.05335267700396592,0.49330361483480595
33078,0,0.0740977355006839,0.6197796571706364
33079,0,0.05196606319852047,0.4830944588114892
33080,1,0.07487353881579846,0.5881887746033158
33081,0,0.05090753902954577,0.47513548740683664
33082,0,0.05320889901084747,0.4922563425714931
33083,0,0.052757384453098514,0.4889505673261617
33084,0,0.033825601413327785,0.3735214116787553
33085,0,0.05196142124460137,0.4830598706749019
33086,1,0.06921311374373694,0.557731698722462
33087,1,0.05152797478252756,0.47981799915714385
33088,0,0.02635459662642307,0.3133539353830107
33089,0,0.10559584969788577,0.7133135457412444
33090,0,0.03477561295506585,0.3961351894943471
33091,0,0.051386550526877815,0.4787550220075629
33092,0,0.053093903126205266,0.49141684236857597
33093,0,0.06862961411993287,0.5544321679676112
33094,0,0.05437791085606933,0.5006962500777452
33095,0,0.051697476828640856,0.4810886253953169
33096,0,0.040225256204988305,0.4168992924928529
33097,0,0.03444458297482456,0.3911512037747614
33098,0,0.041373861538586104,0.4274240006478579
33099,0,0.05224529875585519,0.48517003153393173
33100,1,0.05092575278866479,0.47527365798692023
33101,0,0.051360146115639375,0.47855627498150205
33102,0,0.0510340240543902,0.476094123063436
33103,0,0.05254119424954835,0.4873585837148844
33104,0,0.034510383857006506,0.39427601243323845
33105,0,0.059172822577892484,0.5649205547383017
33106,0,0.032443227847068025,0.35879974394139874
33107,0,0.054125301620833184,0.49888694961943203
33108,0,0.051201988957968216,0.4773639375779496
33109,0,0.05363057199046942,0.4953204206339565
33110,1,0.06943957666293779,0.5590040061161337
33111,0,0.05213459888896318,0.48434838550374854
33112,0,0.05323263871610256,0.49242944098313923
33113,0,0.026543015848446438,0.31621909186343594
33114,0,0.025728377078523903,0.3080162280422232
33115,1,0.052459167904591555,0.4867530033614148
33116,0,0.0688784778627721,0.5558431936359128
33117,0,0.040493490499691,0.41937620590468816
33118,0,0.05194633760094836,0.4829474603536915
33119,0,0.02693462879142224,0.33436016690841364
33120,0,0.041259256112407425,0.43376401911971346
33121,0,0.051201988957968216,0.4773639375779496
33122,0,0.05479977002373535,0.5037001449572293
33123,0,0.04089720830288577,0.4230822647663434
33124,0,0.06863262565740019,0.5544492766102614
33125,0,0.05173791209359717,0.48139119212593234
33126,0,0.02638106292846722,0.3137186019413297
33127,0,0.04014711545573128,0.41617553955159836
33128,0,0.051201988957968216,0.4773639375779496
33129,0,0.033938302001650496,0.3733079519526614
33130,0,0.0526186443220226,0.48792959350077514
33131,0,0.030391725752457403,0.34364124787575356
33132,0,0.05159824847803432,0.48034523507887533
33133,0,0.05142790494750039,0.4790661177880615
33134,1,0.07303129781825689,0.5785778230027097
33135,0,0.05250133776213924,0.4870644399408072
33136,1,0.051251220332357156,0.47773543597277524
33137,0,0.025373516984049615,0.30492486243952044
33138,0,0.025525059124150137,0.3068508706333831
33139,0,0.03367952054884908,0.3863523614617705
33140,0,0.0542436119192441,0.49973532899790213
33141,0,0.03440159752925114,0.3973993552214699
33142,0,0.0539759515210064,0.49781349980174544
33143,0,0.020033748152815282,0.25750816802224913
33144,0,0.02351403007151951,0.2955207994190892
33145,0,0.03200901028889185,0.35524603022506746
33146,0,0.05200785842522392,0.48340575929037594
33147,0,0.052061309672407574,0.4838035508350705
33148,0,0.032370486728435954,0.37961791423372804
33149,0,0.02561134784620088,0.3060152391800652
33150,0,0.05227446719312945,0.4853862676795124
33151,0,0.05179225791545963,0.48179751745085264
33152,1,0.05502593871766134,0.5053015497387826
33153,0,0.047111064165905145,0.46624769469809435
33154,0,0.052863435337035664,0.4897293386044276
33155,0,0.02484773676865005,0.3031319155132105
33156,0,0.05293306677615418,0.4902398937324467
33157,0,0.052750321541852746,0.488898651106123
33158,0,0.040140761567127196,0.41611664528751924
33159,0,0.059379360983760315,0.546754051794884
33160,0,0.024892483486885872,0.30151549756431667
33161,0,0.05511787893469233,0.5059507387613555
33162,0,0.051842025830261484,0.48216928299934564
33163,0,0.030392666632196266,0.3758960775617748
33164,0,0.040574110910939425,0.42011839165238085
33165,0,0.031646124816388545,0.37330909238997456
33166,0,0.08223822712066071,0.6239021639999502
33167,0,0.059434252511921276,0.5352826298412527
33168,0,0.05058979455691955,0.4727181372184876
33169,0,0.03393871338576919,0.39120431378848874
33170,0,0.028311869845432866,0.3340066483547423
33171,0,0.06863111987336544,0.5544407223050626
33172,0,0.025991540751823843,0.30913612889468983
33173,0,0.09978852142976812,0.6939959848672703
33174,0,0.052195165013992774,0.4847981183963894
33175,0,0.02583628189922995,0.3088242247058784
33176,0,0.03201747650770548,0.3596293013095138
33177,0,0.05160285975401155,0.4803798094684769
33178,0,0.05158672199275004,0.48025879992918963
33179,0,0.06920704363497077,0.5576975322963572
33180,0,0.03980628139441295,0.41300711050930494
33181,0,0.053449129853797156,0.49400471479582014
33182,0,0.15847089562782332,0.7615075006368321
33183,0,0.04013713120626277,0.4160829924975045
33184,0,0.05229781302050919,0.4855592605391863
33185,0,0.056147549421980664,0.5131505693727705
33186,0,0.040466041353793926,0.41912327120917725
33187,0,0.052301315744147,0.4855852097675947
33188,0,0.020664190730300087,0.26181363261747576
33189,0,0.05159940126049773,0.48035387865864015
33190,0,0.03978647775351309,0.4128224350464879
33191,0,0.05150265238568323,0.4796278594649088
33192,0,0.05174715863732941,0.4814603521600831
33193,0,0.051201988957968216,0.4773639375779496
33194,0,0.05147159098297574,0.47939451427806296
33195,1,0.08867614130462616,0.6284647290360044
33196,0,0.05212179533727991,0.4842532529233553
33197,0,0.05187677440039895,0.4824286660277064
33198,0,0.05291417512139133,0.49010143604776096
33199,0,0.05179457170032031,0.4818148084280415
33200,0,0.02598915540894946,0.30910654770044926
33201,0,0.026769204504732996,0.3193099266632548
33202,0,0.04024890882487542,0.41711817219391617
33203,0,0.030306877995192195,0.36487985556269376
33204,0,0.05177953384531405,0.4817024178566784
33205,1,0.06862961411993287,0.5544321679676112
33206,0,0.03091116600163483,0.3423704152603252
33207,1,0.06903273861753963,0.5567150152464534
33208,0,0.0526186443220226,0.48792959350077514
33209,0,0.05196606319852047,0.4830944588114892
33210,0,0.05268797126047698,0.48844006835709514
33211,0,0.03461028322441418,0.37795776234265976
33212,0,0.051368180882000236,0.47861676249107477
33213,0,0.031922641748746844,0.37888495335264044
33214,0,0.05120656673273869,0.47739849451806676
33215,0,0.05145664181224083,0.4792821660920979
33216,0,0.04049166000193815,0.4193593422720061
33217,0,0.05107168501920061,0.4763791571472523
33218,0,0.02493178638756262,0.3017503598721779
33219,0,0.0528917495492915,0.48993701952140345
33220,0,0.05127986380656563,0.47795143476165425
33221,0,0.051216868141681526,0.47747624842391634
33222,0,0.05200437427653986,0.4833798170885464
33223,0,0.05225346436779669,0.4852305770985175
33224,0,0.05276327089461799,0.48899383102499566
33225,0,0.04013350116000273,0.4160493404898036
33226,0,0.05353142313883407,0.49460196680178625
33227,0,0.05457690817062409,0.5021159778501584
33228,0,0.05207409918224949,0.483898677960043
33229,1,0.05118024981449448,0.477199795077264
33230,0,0.0270177648966472,0.31848112405520396
33231,0,0.02716409726979004,0.3199801647005243
33232,0,0.051386550526877815,0.4787550220075629
33233,0,0.038844819079146435,0.3980368875517017
33234,0,0.051201988957968216,0.4773639375779496
33235,0,0.03448274489859923,0.39125179954521816
33236,0,0.031114019931900203,0.34997321275697674
33237,0,0.05164207133605427,0.4806736993340508
33238,0,0.05181192820185968,0.4819444921423725
33239,0,0.03179867962013671,0.3575251341301237
33240,0,0.051309669083150586,0.47817608224813657
33241,0,0.03099154584035651,0.3451783615694311
33242,1,0.06899641321761193,0.5565099119734996
33243,0,0.03251222154832271,0.38088438860044105
33244,0,0.05136129386662234,0.478564916015841
33245,0,0.049126822154001,0.5071556318182517
33246,0,0.051302789488292776,0.47812423973362445
33247,0,0.06862961411993287,0.5544321679676112
33248,0,0.05158672199275004,0.48025879992918963
33249,0,0.038742957060694305,0.39554238353296817
33250,0,0.05269874836116724,0.4740045083091342
33251,0,0.05160977739863578,0.4804316714051267
33252,0,0.05627752327966926,0.5140502258932971
33253,0,0.040344564649443346,0.41800244096936473
33254,0,0.03206629206221067,0.38227927726241107
33255,0,0.0514807925140896,0.47946365265995583
33256,0,0.032692358104063346,0.3798643205821598
33257,0,0.06970795972608435,0.5605058669520588
33258,0,0.026741912793078082,0.31539858254606884
33259,0,0.027810071087062956,0.3235773205583232
33260,0,0.039298036523305206,0.39861320488572877
33261,0,0.052371416780227144,0.48610421047032243
33262,1,0.07260981681182267,0.5763387914888156
33263,0,0.02581656678712241,0.3075011996981582
33264,0,0.033304027424035064,0.38319188785017777
33265,0,0.039227140196516526,0.4242481211811532
33266,0,0.041350475358466116,0.42056501887108266
33267,0,0.04352595436230122,0.4382787349617054
33268,0,0.03029426991882827,0.3380812070125353
33269,0,0.051657071443950896,0.4807860725340879
33270,0,0.03613801333077953,0.4230071738193157
33271,1,0.052530641222451845,0.4872807212671813
33272,0,0.0515901796826539,0.48028473035024905
33273,0,0.039751394507287235,0.41249511612895284
33274,0,0.05157980727034377,0.4802069394062754
33275,0,0.05471442125614854,0.5030941864395782
33276,0,0.03373955632533331,0.39033955666233344
33277,0,0.02960225026298426,0.3369362523305976
33278,0,0.040223437324386255,0.4168824569482265
33279,0,0.020614854672600425,0.2657962421656551
33280,0,0.027993015604244612,0.3266039577706733
33281,0,0.052537676351372735,0.4873326294972956
33282,0,0.0514267557886803,0.47905747601823784
33283,0,0.04909117692569757,0.48014353706334295
33284,0,0.026689047066162205,0.3196791841956068
33285,0,0.1568228284251182,0.7560875396688101
33286,0,0.04327500462544719,0.4338968569614724
33287,0,0.02707321065797847,0.3189181636138651
33288,1,0.0512729879920124,0.47789959429726947
33289,0,0.05298032377576385,0.4905860444490181
33290,1,0.05132228394022664,0.4782711280783305
33291,0,0.04478048733375772,0.45840989974961427
33292,0,0.03936954076558722,0.40021115132162866
33293,0,0.05282099085113407,0.48941782389885297
33294,0,0.025261877000729453,0.3043190307442595
33295,0,0.1203091809815986,0.7003155438312425
33296,0,0.03442455279737161,0.39515998636958444
33297,0,0.05397114025144824,0.4977788726707109
33298,0,0.06867630670867769,0.554697337408927
33299,0,0.02530898812267684,0.3049711018324672
33300,0,0.026914859444778623,0.31885590534789743
33301,0,0.04105402705219395,0.41415247269958494
33302,0,0.03393051317372357,0.3911380460697798
33303,0,0.07322449620612861,0.5795991055008353
33304,0,0.06862961411993287,0.5544321679676112
33305,0,0.0915068301067128,0.634084135847382
33306,0,0.033460408622459074,0.38801706315658585
33307,1,0.04013350116000273,0.4160493404898036
33308,0,0.03876401773470414,0.3957410994925909
33309,0,0.0395827249173505,0.40126416649323154
33310,0,0.04064937281751324,0.42081029918085977
33311,0,0.05346939392261743,0.4941518623179872
33312,0,0.021358219994340004,0.29333873164813107
33313,0,0.03435896086499942,0.3917534683945853
33314,0,0.05174484685493634,0.48144306208484194
33315,0,0.031133844546098736,0.35029486054038117
33316,0,0.040774492262092496,0.4219585380334621
33317,0,0.0274974358121486,0.32370793176563534
33318,0,0.053520682456872616,0.4945240634560955
33319,0,0.02981126233016286,0.34390855108800267
33320,0,0.024996005798764313,0.30256813705556534
33321,0,0.03969368269974959,0.4010794164828873
33322,0,0.04056219140751095,0.42000872774778236
33323,0,0.05187561576009319,0.48242001977342186
33324,0,0.051201988957968216,0.4773639375779496
33325,0,0.041096331941909856,0.4249004950265617
33326,0,0.051536034377617355,0.4798784993788901
33327,0,0.04094065861581735,0.4234795622280909
33328,0,0.051309669083150586,0.47817608224813657
33329,0,0.03020328190642789,0.34562794071614517
33330,0,0.05160170689848588,0.48037116585344614
33331,0,0.04064937281751324,0.42081029918085977
33332,0,0.06912817705193815,0.5572533191761097
33333,0,0.05530711648608603,0.5072836749119375
33334,0,0.03373970935350566,0.39182424809362004
33335,1,0.03973341460420815,0.4123272902617867
33336,0,0.05138425398152427,0.4787377393895692
33337,1,0.07096020115099576,0.5674286538477391
33338,0,0.046674762317727284,0.473273910403062
33339,0,0.05197883059290009,0.48318957702133986
33340,1,0.0534503216572346,0.4940133705039159
33341,0,0.023371707714145207,0.29446432418151886
33342,0,0.05255174927908381,0.4874364467760992
33343,0,0.051201988957968216,0.4773639375779496
33344,0,0.052572865346802465,0.4875921747239681
33345,0,0.052413520000028524,0.48641562534852667
33346,0,0.05086999261937086,0.47485052263172667
33347,0,0.04549592229594079,0.48716435610652115
33348,0,0.05221381411692667,0.4849365027352523
33349,0,0.05644937792954189,0.500705054861204
33350,0,0.029264175679373026,0.33881741276215777
33351,0,0.05198695684201108,0.48325010742591057
33352,0,0.030904378489191565,0.35228297202447173
33353,0,0.04009449802529035,0.415687630894323
33354,0,0.03565920534281763,0.3868250855113641
33355,0,0.05332769753329812,0.4931218523661917
33356,0,0.051563676326325796,0.4800859331801466
33357,0,0.026074958816996195,0.31183262947952073
33358,0,0.04113571561744329,0.4148920196819888
33359,0,0.041381597336679225,0.42115415443575627
33360,1,0.0689918737872094,0.556484272708367
33361,0,0.05022109125053667,0.4698966439508734
33362,0,0.05581639969049322,0.5108491508495123
33363,0,0.052193999654065036,0.4847894694523896
33364,0,0.05189067999225195,0.48253242189834006
33365,0,0.03393541971423661,0.38996623261490154
33366,0,0.05450038304004423,0.5015705974071528
33367,0,0.05126611304957773,0.47784775430895754
33368,0,0.05221614569744541,0.4849538009404587
33369,0,0.034567513885166816,0.3987875360885028
33370,0,0.03830830840783561,0.3953880532290552
33371,0,0.051689393361902154,0.48102811370643994
33372,0,0.04043129801971188,0.41880294828625825
33373,0,0.024858480920943202,0.3048692231444456
33374,0,0.02013870605050119,0.2585250701206817
33375,0,0.04065947909129608,0.42090313977667704
33376,0,0.030371672672979407,0.3417083397687001
33377,0,0.034227119101908184,0.39035990131019915
33378,0,0.05144054729751994,0.4791611780818862
33379,0,0.022860813630902383,0.280573746214573
33380,0,0.051200844574770754,0.4773552983767661
33381,0,0.032035167952707784,0.3605442069050326
33382,0,0.04060438317925279,0.42039680465524715
33383,0,0.04084918705897309,0.4226428175293631
33384,0,0.0394744740581153,0.4017965193728968
33385,0,0.05250719721867591,0.48710769582115904
33386,0,0.05579157562824174,0.5106760920539541
33387,0,0.026943381475517086,0.3159178600472645
33388,0,0.02783323830791668,0.3379142573329577
33389,0,0.0537598443254609,0.4962553047112958
33390,0,0.05225813097315935,0.48526517475874653
33391,0,0.052895289832431025,0.4899629798817395
33392,0,0.05294369613013452,0.4903177768394966
33393,1,0.046258598037250624,0.4373775395814667
33394,0,0.051246638781250346,0.4777008769371447
33395,0,0.036307607988997494,0.40623897284200855
33396,0,0.026473311109233708,0.33023323976245994
33397,0,0.026658045362051633,0.3143751433045157
33398,0,0.034675332128144276,0.39508368099448177
33399,0,0.040300809279939225,0.4175981380476071
33400,0,0.05137966118204425,0.4787031743063182
33401,1,0.051216868141681526,0.47747624842391634
33402,0,0.03831494474321147,0.3966815842706598
33403,0,0.053135369409041934,0.49171974947870256
33404,0,0.02509075032676173,0.3051677636961589
33405,0,0.020134957198627693,0.2586966130372313
33406,0,0.03274225769619243,0.3806872169544762
33407,0,0.0688648819557113,0.5557662516084892
33408,0,0.05237726253837162,0.4861474618970576
33409,0,0.0518211872507749,0.48201365778572935
33410,0,0.02679542723535401,0.31739866784303383
33411,0,0.05086430605609859,0.4748073475748965
33412,0,0.0349246527026498,0.38028591361536246
33413,0,0.07040470177060373,0.5643748087687828
33414,1,0.07361230574712539,0.5816396192197184
33415,0,0.04100823326051003,0.4159059897538119
33416,0,0.050817698925178706,0.47445332637399495
33417,0,0.05322432868241332,0.4923688563304684
33418,0,0.05609638735662485,0.5127958733476481
33419,0,0.04805631127962258,0.4808464496430617
33420,0,0.02687527511352442,0.3216724019232636
33421,0,0.05144974358000371,0.4792303137892992
33422,1,0.06954772957458531,0.559610001959969
33423,0,0.02935986756946027,0.3443549473252064
33424,0,0.03225970984967664,0.3783712669813651
33425,0,0.029145976116792177,0.33543157067393126
33426,0,0.05187793306516693,0.4824373122925126
33427,0,0.07198415837427805,0.5729870946251602
33428,0,0.04881596666120572,0.46205489234495295
33429,0,0.05253181368214262,0.4872893726198451
33430,1,0.06862961411993287,0.5544321679676112
33431,1,0.05464598552239108,0.497109376890619
33432,0,0.06887394561758989,0.5558175465908254
33433,0,0.025316275730315287,0.3047385110195014
33434,0,0.06862961411993287,0.5544321679676112
33435,0,0.053411005380140035,0.4937277340626417
33436,1,0.06909635067644922,0.5570738994113064
33437,0,0.052162544228098635,0.4845559514252607
33438,1,0.07544828864665701,0.5911296483113435
33439,0,0.05143594973928414,0.479126610527344
33440,0,0.04197786613834189,0.4328732336731812
33441,0,0.027276976569028454,0.32274397216439654
33442,0,0.030587252652682712,0.3393487210996687
33443,0,0.12731467380357628,0.7193285733032587
33444,0,0.04015891809138255,0.4162849209619533
33445,0,0.029833135683841258,0.35644049641126707
33446,0,0.05156828468062722,0.48012050614982316
33447,0,0.06934526059097107,0.5584746827646786
33448,0,0.05333840166904046,0.4931997503471871
33449,0,0.04102276532348453,0.41573101060594414
33450,0,0.0516247686369601,0.4805440403797362
33451,0,0.05323857520413832,0.49247271587128566
33452,0,0.0491382752865747,0.4760552953596243
33453,0,0.06969573970617159,0.5604376243691286
33454,0,0.03628937611409606,0.387560454518212
33455,1,0.06901154664961805,0.556595374015785
33456,0,0.051560220316167325,0.48006000357803524
33457,0,0.05145664181224083,0.4792821660920979
33458,0,0.05120313336536329,0.47737257679267653
33459,0,0.05169978661008788,0.4811059145512567
33460,1,0.07961554773572542,0.611662637953954
33461,0,0.0706223974949778,0.5655748255582057
33462,0,0.05239948204174509,0.48631181920527367
33463,0,0.05260925069469172,0.4878603784858228
33464,0,0.03570287719830236,0.38613279618524876
33465,0,0.05178763063888462,0.48176293562730066
33466,0,0.02678023904942588,0.3214100051805328
33467,0,0.022947439213232234,0.28197943167796036
33468,0,0.05266563622489172,0.4882756754657141
33469,0,0.0558337827171217,0.5109702904615206
33470,0,0.05165937951847658,0.48080336089153103
33471,0,0.040223437324386255,0.4168824569482265
33472,0,0.025601541776135685,0.3061608821874469
33473,0,0.026796330680130834,0.3152238646922365
33474,0,0.026149272403922844,0.31194108116445834
33475,0,0.02781165381837577,0.33194725634765737
33476,0,0.051356703008247184,0.4785303519555023
33477,0,0.06935894427404275,0.558551528300062
33478,0,0.05903705721783938,0.5194393590417423
33479,1,0.05185939736409349,0.4822989733211143
33480,0,0.030973935463363602,0.37408914912688934
33481,0,0.053108116695287436,0.4915206955361793
33482,0,0.023937623291514228,0.2900810915749227
33483,0,0.04030055582135005,0.40758792604486044
33484,1,0.06875469584143509,0.5551420677662435
33485,0,0.05163284254759803,0.4806045475666927
33486,0,0.02849423170437882,0.33407827228846626
33487,0,0.06914222779644942,0.5936357739192583
33488,1,0.07266694273264103,0.5766431480141015
33489,0,0.02573763974936094,0.30786271540631144
33490,0,0.05965938404817535,0.551556394409388
33491,0,0.08134880673287234,0.6541674730118197
33492,0,0.05018739300060439,0.4696378849418772
33493,1,0.05214740541276768,0.4844435192184695
33494,0,0.052918897438214756,0.4901360503273868
33495,0,0.033930144205776065,0.38782943385983076
33496,0,0.06916456666959042,0.5574583520403407
33497,0,0.05186287233110777,0.48232491167220454
33498,0,0.05268326840447055,0.48840545911833055
33499,0,0.05093372324732638,0.47533410880740096
33500,0,0.025981556462896734,0.3125879581674851
33501,0,0.05120656673273869,0.47739849451806676
33502,0,0.03169920394878009,0.3570130923268457
33503,0,0.07404560157292328,0.5839045163503427
33504,0,0.035362294729666184,0.4022476136897988
33505,1,0.053501592931194754,0.4943855692782655
33506,0,0.03324671147163101,0.37560022248513264
33507,0,0.05130508258962502,0.47814152051948866
33508,1,0.06883467772616533,0.5555952597552583
33509,1,0.050897296499351465,0.4750577681271178
33510,1,0.0535338102331951,0.49461927869211303
33511,0,0.06446549182499461,0.5510530676980894
33512,1,0.029104886550547413,0.3333835637241635
33513,0,0.07187722360211081,0.5724108669058953
33514,0,0.051367032985449285,0.4786081213798474
33515,0,0.060170668588162904,0.5400685282363864
33516,0,0.05159248493100577,0.4803020173566394
33517,0,0.025936044662812237,0.3108783959861811
33518,1,0.07041241085904155,0.5644173755407682
33519,0,0.025761286159423864,0.3087161078181524
33520,0,0.0283221691270185,0.3304848055704102
33521,0,0.025544944556616798,0.30983402472370863
33522,0,0.034703021993859995,0.3935635011423787
33523,0,0.040579613351550574,0.42016900842300625
33524,0,0.051927778797896736,0.48280911155946765
33525,0,0.05118596979498132,0.4772429899961782
33526,0,0.030015505500534133,0.3523380558573572
33527,0,0.05160631846672016,0.4804057403840188
33528,0,0.06350865150426735,0.5609982178873278
33529,0,0.05142101035885947,0.47901426735723085
33530,0,0.03303198365079751,0.3841692405389218
33531,0,0.02654832735442418,0.31771024749884114
33532,0,0.027638694327503415,0.32512865122624285
33533,0,0.04237469414355083,0.43642149412776965
33534,0,0.054726606265438564,0.5031807525401218
33535,0,0.05351352313180785,0.4944721280397882
33536,1,0.051529126080274226,0.4798266420097653
33537,0,0.051934737614475895,0.4828609920496035
33538,0,0.02980307423456072,0.34908532316629265
33539,0,0.04013350116000273,0.4160493404898036
33540,0,0.051240912387204594,0.4776576784428554
33541,0,0.051817714924140494,0.48198772058855627
33542,0,0.054654751649148604,0.5026700099629933
33543,0,0.028584166308849225,0.32969379420343653
33544,0,0.023930358668239525,0.3278898482148768
33545,0,0.05145204289356489,0.47924759784056375
33546,0,0.05133490173093369,0.4783661754818602
33547,0,0.051386550526877815,0.4787550220075629
33548,0,0.039230467570756974,0.4076114884639378
33549,0,0.051258093385535206,0.4777872749257805
33550,0,0.05189647502868856,0.4825756539561565
33551,0,0.032297237293750766,0.3787867349401795
33552,0,0.053167378568324,0.49195342484354504
33553,0,0.032011162447558576,0.3561380705833164
33554,0,0.050874542303190384,0.4748850629479421
33555,0,0.05160747141966842,0.48041438404599884
33556,0,0.056027824179696484,0.5123200414304758
33557,0,0.051718268374554184,0.4812442294241817
33558,0,0.05157174120193667,0.48014643600204593
33559,0,0.0519799914121202,0.4831982241918326
33560,0,0.05223013724664931,0.4850575909273129
33561,0,0.028656938252247948,0.3395516770476412
33562,0,0.053968734768320564,0.49776155911316283
33563,0,0.05155100535992847,0.479990858497961
33564,0,0.05125694781612568,0.47777863506702156
33565,0,0.040280769932250646,0.4174128695182714
33566,0,0.05180729926390128,0.4819099095799912
33567,0,0.023413591667415475,0.293881713846819
33568,0,0.05164668631515624,0.48070827549556605
33569,0,0.03260916438548342,0.37980296211529874
33570,0,0.06819573167015122,0.5519586330277736
33571,0,0.035955508057599284,0.38504535331793965
33572,0,0.029281839054403177,0.3332637725867798
33573,0,0.06676423641338662,0.5802547790416909
33574,0,0.02982322183181054,0.34209280326144026
33575,0,0.05281794624046288,0.5007962671366192
33576,0,0.05154985359990928,0.47998221541679453
33577,0,0.051517614197406435,0.47974021402778144
33578,0,0.05175640674339828,0.4815295129046353
33579,0,0.04228030508834625,0.43328213423160145
33580,0,0.051201988957968216,0.4773639375779496
33581,0,0.04011620483124413,0.43233847327440095
33582,0,0.03969941072094982,0.42186854385696526
33583,0,0.02524911893401259,0.3041577724333763
33584,0,0.041004527443066416,0.42406300787658957
33585,0,0.03870028154223448,0.39606716037956513
33586,0,0.034490022742120235,0.39315677017473477
33587,0,0.05183507875707869,0.48211740754229265
33588,0,0.05098954952083693,0.47575728469213124
33589,0,0.051201988957968216,0.4773639375779496
33590,0,0.026943776432348323,0.3216844408707828
33591,0,0.025492813968941614,0.30669503057715364
33592,0,0.07267848125231154,0.6125236774372473
33593,0,0.051888362148954204,0.4825151291483956
33594,0,0.037282019394762916,0.41678578648665787
33595,0,0.05143824846982121,0.47914389427965043
33596,0,0.05165591744325262,0.48077742837261755
33597,0,0.04323088111087771,0.4339453677493118
33598,0,0.025601943633329172,0.30589758936909434
33599,0,0.030633863510186488,0.35869586290889205
33600,0,0.040672345101546124,0.42102130862532633
33601,0,0.04168893162666722,0.4302738260108048
33602,0,0.04975314828465947,0.47957022415636286
33603,0,0.02903072595816949,0.3578987439561045
33604,0,0.05413495047815488,0.4989562049046831
33605,0,0.0519196612924868,0.482748584789453
33606,0,0.025269405065671595,0.3063280986575195
33607,0,0.028689913952602192,0.3501588685104933
33608,0,0.051970705544393946,0.4831290471100606
33609,0,0.025097481364908008,0.3019723496758217
33610,0,0.04013350116000273,0.4160493404898036
33611,0,0.028445205230899356,0.33730206651561834
33612,0,0.02586956591288954,0.3076221102876985
33613,0,0.05248376309819442,0.48693467346487407
33614,0,0.05191270438539404,0.4826967051036968
33615,0,0.05179457170032031,0.4818148084280415
33616,0,0.05156598045479547,0.4801032196411646
33617,0,0.07313342682271617,0.5791180898155113
33618,0,0.025677385679136376,0.3137150903320219
33619,0,0.051850131861394776,0.48222980485161776
33620,0,0.05201482738446833,0.4834576439622213
33621,0,0.05237258588254351,0.4861128607390409
33622,0,0.05600067108539028,0.5301995041316035
33623,0,0.05103060163366155,0.4760682116434113
33624,0,0.0395638890353112,0.410742347128102
33625,0,0.05940528808406775,0.5350931201878272
33626,0,0.0394623740946859,0.439915978667998
33627,0,0.024722615463579057,0.3126627186811045
33628,0,0.05167207567142949,0.48089844767805645
33629,1,0.05191734222554469,0.4827312915194899
33630,0,0.052045036407861615,0.4836824816471934
33631,0,0.03161031134193418,0.3783875937701648
33632,0,0.05135211253800645,0.4784957881007353
33633,0,0.026097542553114812,0.3110291090495402
33634,0,0.025747062058236285,0.30878881298732247
33635,0,0.0409804497376838,0.4238431338453136
33636,0,0.04819220944030883,0.47333502140917644
33637,0,0.05158787453170206,0.4802674433910657
33638,0,0.051898793214549634,0.4825929468523568
33639,0,0.05155330895297124,0.48000814469622
33640,0,0.03973226578126191,0.40234781086072796
33641,0,0.04013350116000273,0.4160493404898036
33642,0,0.05475464148944163,0.5033798538391628
33643,0,0.051129940055714695,0.47681969456822854
33644,0,0.0407192471156804,0.4214518572901281
33645,0,0.05193241791101473,0.48284369851178244
33646,0,0.04619908003439244,0.46156168289403565
33647,0,0.051465840815908,0.4793513031900309
33648,0,0.05254353963860536,0.4873758865644898
33649,0,0.038614764996846844,0.3955603771088646
33650,0,0.1119600660360075,0.6894597936817384
33651,0,0.04036737192465445,0.4182130590932055
33652,0,0.0332062536999154,0.3839272302643617
33653,0,0.041297315991152,0.426729230637755
33654,0,0.03460800040191141,0.39679322549092105
33655,0,0.06023464303355099,0.5404813657564965
33656,0,0.03461914225916583,0.3941918829921245
33657,0,0.05135211253800645,0.4784957881007353
33658,0,0.05378141826837214,0.4964111214465163
33659,0,0.05976167696399256,0.5374182029667036
33660,0,0.030060362286085447,0.34359773683675915
33661,0,0.07105654599085731,0.5679555470744521
33662,0,0.050630541994449545,0.47302887013494593
33663,0,0.05588347657758898,0.5113163964902954
33664,0,0.0528917495492915,0.48993701952140345
33665,0,0.05125580227093534,0.477769995221559
33666,0,0.05155215714428233,0.47999950159110455
33667,0,0.04060254788075028,0.42037992969624177
33668,0,0.05166976706056223,0.48088115906829487
33669,0,0.04169175506338112,0.4302992919940013
33670,0,0.04037741103805129,0.41830574052109076
33671,0,0.05745115216412071,0.5220818600279988
33672,0,0.033727357412390885,0.38564514395940985
33673,0,0.025650453780079498,0.31502704915038454
33674,0,0.03873420800158603,0.41938318968737354
33675,0,0.05148309313993014,0.4794809373784486
33676,0,0.05137506877084288,0.4786686094269901
33677,0,0.053693974508909795,0.4957792026556112
33678,0,0.026433945743385676,0.31464232584943236
33679,0,0.052489620701955515,0.48697792876201773
33680,0,0.05434400412067937,0.5004538557767362
33681,0,0.05396993749724717,0.4977702158912685
33682,0,0.026729009009237786,0.3160599649971326
33683,0,0.0413897477185141,0.4275680742638372
33684,0,0.03245989409329458,0.3778652163250532
33685,0,0.0456826041632126,0.46492338824890933
33686,0,0.051493447159511326,0.47955871921899645
33687,0,0.05628753297929943,0.5141194265443688
33688,1,0.05188952105836947,0.4825237755181353
33689,0,0.04055210829326301,0.41991594138116306
33690,0,0.0700985127562103,0.5626798871923021
33691,1,0.051201988957968216,0.4773639375779496
33692,1,0.053242137396861865,0.49249868085835785
33693,1,0.08546260325969408,0.6382671574131061
33694,0,0.07977622911779804,0.6124273052351125
33695,0,0.06925106309012774,0.55794522649335
33696,0,0.06989302937639483,0.5615377556134085
33697,1,0.07403591144666913,0.5838540364366306
33698,1,0.07200619256620192,0.5731057052106112
33699,1,0.07214641261441487,0.5738595325022771
33700,1,0.07166065929329679,0.5712408610385095
33701,0,0.06976603189202368,0.5608299879374564
33702,0,0.07469587565838182,0.5872742183430515
33703,1,0.08702005133661864,0.6449476093092674
33704,1,0.06969726710027856,0.5604461548170155
33705,0,0.0693285394824352,0.558380756640373
33706,1,0.08435343890899658,0.6334083023088294
33707,1,0.07391488327507988,0.5832228894256649
33708,0,0.04041576420143389,0.41865966806899313
33709,0,0.051201988957968216,0.4773639375779496
33710,0,0.07090121073901974,0.5671056438031092
33711,0,0.05187561576009319,0.48242001977342186
33712,0,0.07027376657105482,0.5636510289595902
33713,1,0.07035692283183966,0.5641108736266787
33714,0,0.07593612433429804,0.5936046514432731
33715,1,0.078712300773588,0.6073274894507119
33716,1,0.16147012480770914,0.7632380143131507
33717,1,0.07192910010249834,0.5726905314664222
33718,1,0.06916456666959042,0.5574583520403407
33719,1,0.08268738270473326,0.6259475287099183
33720,1,0.06862961411993287,0.5544321679676112
33721,1,0.040135316143808754,0.41606616639584637
33722,1,0.07031687328469988,0.563889480649107
33723,1,0.06894951910308432,0.5562449584085656
33724,0,0.07518743156491216,0.5897982521653755
33725,0,0.06856940907051533,0.554089968079236
33726,0,0.07096486021896732,0.5674541522031895
33727,0,0.06574344855814068,0.5508304561916741
33728,0,0.06940001031806828,0.5587820480652517
33729,0,0.06981343969471766,0.5610943640102307
33730,0,0.06935894427404275,0.558551528300062
33731,0,0.07257334136899585,0.5761443111427517
33732,0,0.07326127306760363,0.5797931568055953
33733,1,0.07673503478396877,0.5976163607181825
33734,1,0.08582231505093418,0.6398247112427833
33735,1,0.06865521609053503,0.5545775873145719
33736,1,0.07006166874543111,0.5624753747989543
33737,1,0.051201988957968216,0.4773639375779496
33738,0,0.05135785068645223,0.4785389929513275
33739,1,0.04039273055337181,0.4247601028421271
33740,0,0.06988384167060785,0.5614866000451072
33741,0,0.0696590915358434,0.560232882919444
33742,1,0.21969039919457864,0.8325042520854593
33743,0,0.07027376657105482,0.5636510289595902
33744,1,0.048964055786771314,0.46049494602064794
33745,0,0.07083296264357841,0.5667315609175071
33746,1,0.06875167934303217,0.5551249643809494
33747,1,0.06904636520692317,0.556791923992983
33748,1,0.15493064639618614,0.7540473206467752
33749,0,0.08543683045302179,0.6381552207062238
33750,0,0.07211488057127724,0.5736901628796837
33751,1,0.07327246940147286,0.5798522110057581
33752,0,0.07029377736357242,0.5637617423394999
33753,1,0.05130508258962502,0.47814152051948866
33754,1,0.043242990375849236,0.4384011104240998
33755,1,0.05165591744325262,0.48077742837261755
33756,1,0.06900246622166188,0.5565440971920574
33757,1,0.07456410182548037,0.5865942032679793
33758,0,0.04039204129211531,0.40974810998023425
33759,1,0.032893256172949366,0.3832327931407772
33760,1,0.06864166100428365,0.5545006017638734
33761,0,0.06862961411993287,0.5544321679676112
33762,0,0.06868986813203572,0.554774316259798
33763,0,0.07128701900048424,0.5692126686154934
33764,1,0.051201988957968216,0.4773639375779496
33765,1,0.07181124888645811,0.5720548632730085
33766,0,0.06894800688117055,0.5562364109858731
33767,1,0.0519683843224611,0.4831117529405475
33768,1,0.06939544631335623,0.5587564360074303
33769,0,0.06920856111596291,0.5577060739540929
33770,1,0.06864166100428365,0.5545006017638734
33771,0,0.07163715600928311,0.5711136382462765
33772,0,0.06897371883074761,0.5563817126402388
33773,0,0.07687366982961753,0.5983073060793308
33774,0,0.07053122938089516,0.5650727835594573
33775,1,0.06964535306877725,0.5601560995873462
33776,1,0.036942639160468096,0.3885609247044294
33777,0,0.06881354206560973,0.5554755576207769
33778,0,0.06900095292455714,0.5565355509376063
33779,1,0.07160739539512347,0.5709524758854352
33780,1,0.05327777169794076,0.49275833293166904
33781,0,0.06972476548976958,0.5605996967677647
33782,0,0.06872152109987358,0.5549539233519614
33783,1,0.06862961411993287,0.5544321679676112
33784,0,0.07111721188371453,0.5682869012237023
33785,1,0.07008162369464126,0.5625861549859812
33786,1,0.0697400467090717,0.5606849928415643
33787,0,0.05252108197548663,0.49374348386986777
33788,1,0.07173748628570299,0.5716563897956249
33789,0,0.06877430606907198,0.5552532365847437
33790,1,0.07506467357833321,0.5891697768132392
33791,0,0.073892311522786,0.5831050450345601
33792,0,0.06935894427404275,0.558551528300062
33793,1,0.07641355242538879,0.5960082096179263
33794,1,0.07309990125065458,0.5789408355881632
33795,1,0.07072760767341654,0.566153283330448
33796,0,0.06937567216915866,0.5586454468122255
33797,0,0.04026438120315927,0.41726130351275936
33798,1,0.045287215213664744,0.43342232178982615
33799,0,0.05100893134508732,0.4759041089808747
33800,0,0.06931638102011249,0.5583124441075482
33801,0,0.0696789404145556,0.5603437870868865
33802,1,0.06923132702704483,0.5578341947210069
33803,1,0.06978743817886672,0.5609493878676587
33804,0,0.0687622376237293,0.5551848256578792
33805,1,0.05477903094240375,0.5035529845344804
33806,0,0.06972476548976958,0.5605996967677647
33807,0,0.0689056771341438,0.5559970696529197
33808,1,0.058100900702142765,0.5007658362711962
33809,1,0.04226699291443849,0.42453394689001983
33810,0,0.06865672236427493,0.5545861411030569
33811,0,0.06983791989481884,0.5612308026192533
33812,0,0.051201988957968216,0.4773639375779496
33813,0,0.0754400729507823,0.5910878007489744
33814,0,0.06950353562519847,0.559362503886858
33815,1,0.06920856111596291,0.5577060739540929
33816,0,0.04013350116000273,0.4160493404898036
33817,0,0.07795547543296841,0.6036466350287367
33818,1,0.05586980661934522,0.5112212183999363
33819,0,0.06881354206560973,0.5554755576207769
33820,1,0.07395359246901659,0.5834248862527341
33821,0,0.072324807643966,0.5748161442699218
33822,0,0.08100220587323859,0.6181975629763893
33823,1,0.07374735879453802,0.582347247758773
33824,1,0.07429957495092207,0.5852247789113
33825,0,0.05374307023557332,0.4961341144185606
33826,0,0.06986393880660527,0.5613757584980259
33827,1,0.06882863835263307,0.5555610598032066
33828,0,0.04013350116000273,0.4160493404898036
33829,0,0.068881499512993,0.5558602915006658
33830,0,0.07955170298069175,0.6113582623229412
33831,0,0.07084536687272343,0.5667995816582467
33832,1,0.05203922569281177,0.48363924311498613
33833,0,0.040384713713556536,0.41837314881931376
33834,1,0.07229478360141688,0.5746553370164846
33835,0,0.06939544631335623,0.5587564360074303
33836,0,0.06932094021219973,0.5583380615661321
33837,0,0.06895103135570907,0.5562535057979636
33838,0,0.04070820669048592,0.4213505409511235
33839,0,0.06943348817456119,0.558969860256374
33840,0,0.0716857373060614,0.5713765549723148
33841,0,0.04019798126837214,0.4166467796915763
33842,0,0.07217637983243502,0.5740204175958801
33843,0,0.06862961411993287,0.5544321679676112
33844,0,0.06981955900054841,0.5611284745292308
33845,0,0.06920856111596291,0.5577060739540929
33846,0,0.07047102543196772,0.5647408519346998
33847,0,0.07090121073901974,0.5671056438031092
33848,0,0.04013350116000273,0.4160493404898036
33849,0,0.08082048960169717,0.6518056861030714
33850,0,0.05529234875483917,0.5071798132326342
33851,0,0.051902270676873696,0.48261888627482163
33852,1,0.0323921321558461,0.3774159887260611
33853,1,0.051939377315220636,0.4828955792483661
33854,1,0.030950051468351926,0.36850327538803096
33855,0,0.051201988957968216,0.4773639375779496
33856,0,0.06880297648926485,0.5554157041381769
33857,0,0.04248020981977985,0.4297017856505652
33858,0,0.07958793345100336,0.6115310267330855
33859,0,0.05207875064925015,0.4839332699315153
33860,0,0.06945023270641297,0.5590637600275374
33861,1,0.06870946123374899,0.5548855032926406
33862,0,0.06878637647608808,0.5553216454173922
33863,0,0.06269566097599774,0.5463563184179885
33864,0,0.06955687639593218,0.5596612047625684
33865,0,0.07205815492161222,0.5733852540180391
33866,0,0.051242057617586136,0.47766631811499705
33867,1,0.07698713381505691,0.5916182001330565
33868,1,0.05121915760989531,0.4774935272180347
33869,0,0.06895103135570907,0.5562535057979636
33870,1,0.06899490004341813,0.5565013655852296
33871,1,0.06919945669198077,0.5576548234958048
33872,1,0.06877128877383974,0.5552361340492615
33873,1,0.0691782173472912,0.5575352343200015
33874,0,0.18815464106489382,0.79454049794553
33875,0,0.05408286242589645,0.4930843035562558
33876,1,0.16129357339123365,0.7657152551449172
33877,1,0.044758604739737654,0.4352342138814819
33878,0,0.06870343203579884,0.5548512924825899
33879,1,0.041109449948028454,0.41444769385758906
33880,0,0.06879995802912253,0.5553986028477307
33881,1,0.051201988957968216,0.4773639375779496
33882,1,0.06874715482525205,0.5550993090581601
33883,0,0.07291496732949015,0.5779613514809047
33884,1,0.24121227507238238,0.8403299389734296
33885,0,0.07941382013839962,0.6106998561754996
33886,1,0.07080661031786532,0.5665870084961644
33887,1,0.07390037213466129,0.5831471334078493
33888,0,0.03616695682798213,0.3778751563112515
33889,0,0.06984863247877986,0.5612904916010062
33890,1,0.05798153982630726,0.5256576541986163
33891,0,0.07684611166053655,0.5906071478359375
33892,0,0.069886904115084,0.5615036520464851
33893,0,0.07032919397727164,0.5639576042821351
33894,1,0.16111451868257423,0.7637739304728322
33895,0,0.06865822866862578,0.5545946948592052
33896,0,0.07507448743630735,0.5892200655812749
33897,1,0.2356827839448985,0.8344066323448303
33898,0,0.23573935386137726,0.8350056125282006
33899,0,0.04013350116000273,0.4160493404898036
33900,0,0.07074773786531888,0.5662638503760358
33901,0,0.05523946153138592,0.5068076371893566
33902,1,0.06887092427422847,0.5558004483955191
33903,0,0.06909029004788747,0.5570397225279975
33904,0,0.03851686948120258,0.3942883097641425
33905,0,0.05156943683005501,0.48012914942200446
33906,0,0.07075238404585427,0.5662893649117556
33907,1,0.06896766816165292,0.5563475248824935
33908,1,0.22770635851535959,0.8307464986906119
33909,1,0.05321839369367203,0.4923255817156808
33910,0,0.06935590323964273,0.5585344517566545
33911,1,0.23907885379467417,0.837838860301488
33912,1,0.07006320355497783,0.5624838965731699
33913,1,0.07040161835366315,0.564357781794265
33914,1,0.07085777310843774,0.5668675998815876
33915,1,0.08737629931837071,0.6464527596940767
33916,0,0.07127922149818494,0.5691702127561522
33917,1,0.16915332531270702,0.7786724301920371
33918,1,0.05131081576713066,0.47818472271296003
33919,1,0.08078893435760838,0.6079368041973237
33920,1,0.26029024905422776,0.8595158387796815
33921,1,0.05298032377576385,0.4905860444490181
33922,1,0.23985582508321215,0.8376608810613253
33923,0,0.06613871421654201,0.5525228465258026
33924,0,0.08054918689843191,0.6160784778273373
33925,0,0.051899952344186207,0.48260159331609503
33926,0,0.057470025801251996,0.5268488512065422
33927,1,0.04748640419454197,0.4799077770456911
33928,1,0.051201988957968216,0.4773639375779496
33929,1,0.0710145745267541,0.5677261124001296
33930,1,0.07896348689162071,0.6013443260973395
33931,1,0.24185868066448596,0.8398386165451689
33932,0,0.030301282301144972,0.33949954604444477
33933,1,0.045313367392362316,0.4326880150913964
33934,0,0.0703384358062022,0.5640086954228913
33935,0,0.0696331432025058,0.560087845319485
33936,0,0.05186982292548207,0.48237678866000633
33937,1,0.04970551774116058,0.4814080218718098
33938,1,0.07065951397607814,0.5657790076043988
33939,0,0.05923631229105241,0.5211291850491644
33940,0,0.06876374607212714,0.5551933771381782
33941,0,0.06973554327560895,0.5405239389767732
33942,0,0.07456735292527221,0.5866109977520841
33943,1,0.06910392715427857,0.5571166197555272
33944,1,0.06137666654237228,0.513165058055959
33945,0,0.052864614810098465,0.4897379919056813
33946,1,0.06888301038413482,0.5558688403834359
33947,0,0.07108298421998932,0.568099990993342
33948,1,0.07303927191318328,0.5786200381405665
33949,1,0.05396969347466318,0.49227072487729906
33950,0,0.0749078120872389,0.5883649037722022
33951,0,0.051612083475033925,0.480448958811111
33952,0,0.05422039678052945,0.5120419820832401
33953,1,0.27025233386759223,0.8572961347703069
33954,0,0.07027068845502304,0.5636339955684988
33955,0,0.06921311374373694,0.557731698722462
33956,0,0.20311700322761014,0.8099529907568557
33957,0,0.038379863702750594,0.39268671020904056
33958,0,0.052307154109443345,0.485628458654242
33959,1,0.05254112459137441,0.4969880053167964
33960,1,0.07067034301106545,0.5658385564992889
33961,1,0.2376142030822211,0.8388242457481419
33962,1,0.054517379881488706,0.5016917934298241
33963,1,0.06937567216915866,0.5586454468122255
33964,0,0.1537328706693827,0.7527937765555814
33965,1,0.2158133852270882,0.8202419857122464
33966,0,0.06424299366624392,0.5288002467709257
33967,1,0.07556010371635134,0.5916986438220752
33968,1,0.05355831220718252,0.4719522559035847
33969,0,0.07247034989045024,0.575594565426426
33970,0,0.02674151658219617,0.3142842910048911
33971,0,0.06865973500358809,0.554603248583012
33972,0,0.07129169787986747,0.5692381416427269
33973,0,0.06897825715511867,0.5564073531081445
33974,1,0.23956931502151568,0.8380335197978049
33975,0,0.06892986261347299,0.5561338393183832
33976,0,0.06469376787796687,0.5578328868718248
33977,0,0.06873961315539504,0.5446728287659867
33978,0,0.061970721211294266,0.5140717675896282
33979,0,0.060188325747210704,0.5210891459377799
33980,0,0.06943196612965771,0.558961323704264
33981,0,0.05170094153740062,0.48111455914619666
33982,1,0.0767283593702426,0.5975830523310857
33983,1,0.0700279107999104,0.5622878864462616
33984,1,0.071474395460561,0.5702313026050321
33985,1,0.06167497465038222,0.515377717621163
33986,1,0.06891625731430145,0.5560569074270242
33987,0,0.06862961411993287,0.5544321679676112
33988,0,0.05447975073168002,0.5014234305614429
33989,0,0.08133073207814531,0.6197247729484011
33990,0,0.02662980862804168,0.3167389122200953
33991,0,0.23640783829891068,0.8350477176385758
33992,1,0.07030609431538588,0.5638298704919731
33993,0,0.051201988957968216,0.4773639375779496
33994,1,0.03020210387980607,0.3370284107371427
33995,0,0.0741991841461449,0.5847035464549275
33996,0,0.0499609059962019,0.486691015963395
33997,0,0.06894498252947381,0.556219316040624
33998,0,0.2428458009510205,0.842078390329268
33999,0,0.0694380544945282,0.5589954697035057
34000,0,0.04013350116000273,0.4160493404898036
34001,1,0.05079879154800313,0.4912522855196293
34002,0,0.07146970551346,0.5702058439647492
34003,1,0.02876085967335365,0.34760544615342376
34004,0,0.0305183678095231,0.3466632042819124
34005,1,0.07140876204505689,0.5698748478949345
34006,0,0.09478796403997879,0.6531559471236908
34007,1,0.059822384206906186,0.5056829034391114
34008,0,0.06881807062971551,0.5555012086206609
34009,1,0.2379563044898966,0.8369458349776565
34010,0,0.07080196084770717,0.5665614980682522
34011,1,0.23970454675370315,0.8407595022461544
34012,0,0.0520508477361117,0.48372572042371625
34013,1,0.06914485342607533,0.5573472949984337
34014,0,0.05120656673273869,0.47739849451806676
34015,0,0.06925561830571177,0.5579708483878609
34016,0,0.13437321494246754,0.7881604281740419
34017,1,0.0717280748171299,0.5716055141401908
34018,1,0.23927783749751286,0.8371979497717595
34019,0,0.06935134191941177,0.5585088366819584
34020,1,0.05683560009273614,0.5178899719070816
34021,1,0.07023068428705605,0.5634125478363246
34022,0,0.06254270412956814,0.5202142049299018
34023,0,0.07326447185935249,0.5798100296673885
34024,1,0.07140251414599294,0.569840896042846
34025,0,0.07230268355082879,0.5746976562477252
34026,1,0.06938936140581729,0.5587222861106577
34027,0,0.07537273523055184,0.5907446009996379
34028,1,0.07410861584066072,0.5842325928459063
34029,1,0.05179804256083802,0.48184074497547463
34030,0,0.04149992640959346,0.4152878312082296
34031,0,0.06972018172800731,0.5605741072473337
34032,1,0.06897220611739638,0.5563731657508504
34033,0,0.07852391754155869,0.5964517004077942
34034,0,0.06958127336133545,0.5597977393608421
34035,1,0.23934216182839466,0.8372687326412319
34036,0,0.19462336704258587,0.7996806021900227
34037,1,0.07610821227543983,0.5944731267341747
34038,1,0.07264789615807503,0.5765417022895917
34039,0,0.061797039912573355,0.5129731394184005
34040,0,0.0568998183281587,0.5108092133383576
34041,0,0.24402617209633157,0.8431720092186279
34042,0,0.06862961411993287,0.5544321679676112
34043,0,0.05120656673273869,0.47739849451806676
34044,0,0.040253458932971976,0.41716026819188046
34045,1,0.06892532723742936,0.5561081956534932
34046,1,0.07935700710824654,0.6104281458370656
34047,1,0.238301126758852,0.8371545869736946
34048,0,0.06511226347320674,0.5340600709544435
34049,0,0.06936654739993417,0.5585942190525973
34050,1,0.07732456030309691,0.6005439395457641
34051,1,0.26230901927424255,0.8543193946929241
34052,0,0.06863262565740019,0.5544492766102614
34053,0,0.06862961411993287,0.5544321679676112
34054,0,0.073237286229018,0.5796666044005488
34055,1,0.06917973424319566,0.5575437766253947
34056,0,0.06976144562081484,0.5608044013214465
34057,0,0.23676253829405777,0.8350972957327577
34058,1,0.07190551559467698,0.5725634169604493
34059,0,0.06910392715427857,0.5571166197555272
34060,0,0.04181616750316873,0.43142015851752236
34061,1,0.06890265450179917,0.555979972847595
34062,1,0.0693467808768113,0.5584832212958786
34063,1,0.06896010551641685,0.5563047894348909
34064,1,0.23564035229431154,0.8343587808044627
34065,0,0.048584142084007305,0.4738675698989993
34066,1,0.07041241085904155,0.5644173755407682
34067,1,0.040149838845845075,0.41620078068323885
34068,0,0.03827421096855281,0.39198335548291535
34069,1,0.06892683899874051,0.5561167435750122
34070,0,0.06923436300553674,0.5578512769087185
34071,1,0.07005552981812542,0.5624412873334222
34072,0,0.24603089382094076,0.8444272170908836
34073,1,0.22874992648410986,0.8346249505409968
34074,0,0.06176419907071765,0.5137119741312433
34075,1,0.18564553316336624,0.7951590319214317
34076,0,0.06948677920160103,0.5592686175814269
34077,1,0.051496898936972804,0.4795846467195933
34078,0,0.2626040538012049,0.8614786339724921
34079,0,0.07161992478908857,0.571020335557497
34080,1,0.07234535703372147,0.5749261611663629
34081,1,0.06868233370174913,0.5547315505557598
34082,1,0.05165360951498294,0.48076014008420515
34083,1,0.051993923154093326,0.4833019910211044
34084,0,0.2353206723161026,0.8407795294647412
34085,1,0.0695660243303148,0.5597124062958028
34086,0,0.07186779522029782,0.5723600138261333
34087,1,0.07945687467341295,0.6101406264733192
34088,0,0.0688437377066271,0.5556465586956483
34089,1,0.07109076189839832,0.5681424722960271
34090,0,0.07712144434367141,0.5995383830362296
34091,0,0.07064250001875876,0.5656854269334902
34092,0,0.08835235357097986,0.6505336130508595
34093,0,0.06980579126003006,0.561051725049677
34094,1,0.06867480003695525,0.5546887840412041
34095,1,0.0618721299165569,0.5143953328544176
34096,0,0.027699132430658364,0.33317021767136273
34097,1,0.06159378167775084,0.5126306066028646
34098,1,0.07789792533072644,0.603364912130495
34099,0,0.06953553554398521,0.5595417295837637
34100,0,0.21782342534889643,0.8275654565966738
34101,1,0.04073047415767265,0.41488888147501646
34102,0,0.06928903169509394,0.5581587328429702
34103,0,0.029270407896534525,0.3359849835886572
34104,0,0.0671419341525423,0.5410680469923375
34105,1,0.07040007669199819,0.5643492682500848
34106,0,0.06979202603067869,0.5609749726494763
34107,1,0.18423095367206122,0.7869737304004587
34108,1,0.06980732088496136,0.561060252913922
34109,1,0.04111114956155577,0.4145664371603415
34110,0,0.020102114691464203,0.25969913890081153
34111,0,0.07049880596621018,0.564894058376548
34112,0,0.05220099218243989,0.48484136325287147
34113,1,0.0711078755572655,0.5682359276326848
34114,0,0.04486699530801157,0.43145067865255426
34115,0,0.07033381475142461,0.5639831500223093
34116,0,0.05646422893867224,0.5153389967587477
34117,0,0.05272913816512306,0.48874290388741126
34118,0,0.0732708698287326,0.579843774831373
34119,0,0.06958432353863431,0.5598148055499447
34120,0,0.06866726713758971,0.5546460167167488
34121,0,0.0733188710023038,0.5800968397496018
34122,0,0.0512833020409171,0.4779773551720263
34123,1,0.06883920757836628,0.5556209093736582
34124,0,0.051916182728791,0.48272264490001726
34125,1,0.07299303332520722,0.5783751743617026
34126,0,0.02587232268855632,0.31641174945117145
34127,1,0.06939696761739673,0.5587649733947845
34128,1,0.06877732348690882,0.5552703389893373
34129,0,0.07578749040731537,0.5928526133493679
34130,0,0.05587104921281044,0.51122987098733
34131,0,0.050850660758734914,0.47470372897643015
34132,0,0.07058375365132409,0.5653621122615642
34133,0,0.03987296300498324,0.41362847097952027
34134,0,0.05465782354865472,0.4798288736954085
34135,0,0.043234639549968895,0.4440244319939565
34136,0,0.05143824846982121,0.47914389427965043
34137,0,0.052869332950826076,0.4897726051721429
34138,0,0.061301262548890685,0.5104519319938926
34139,1,0.06935286232864024,0.5585173750747952
34140,0,0.053135369409041934,0.49171974947870256
34141,0,0.10851014454585667,0.6832777237927057
34142,1,0.07289267689224707,0.577843096236255
34143,1,0.08649721120441722,0.6186700242656885
34144,0,0.02508171209417331,0.30230532164977053
34145,1,0.06938327699205052,0.5586881356583507
34146,1,0.0518524480903495,0.48224709690525197
34147,1,0.2393018279708501,0.8384381388265497
34148,1,0.05176145050805675,0.5028199066342834
34149,0,0.06968657599177173,0.5603864409321633
34150,1,0.07003865033257656,0.5623475437638271
34151,1,0.051201988957968216,0.4773639375779496
34152,1,0.06906150878249001,0.5568773749626986
34153,1,0.052813919899337675,0.4893659055737734
34154,0,0.12395433233945363,0.7645243971614349
34155,0,0.06867480003695525,0.5546887840412041
34156,0,0.06936502671305196,0.5585856809713652
34157,1,0.07209911931645786,0.5736054715829036
34158,1,0.06931638102011249,0.5583124441075482
34159,1,0.07496986704027435,0.5886835561339319
34160,1,0.2328020781038742,0.8330854864720472
34161,1,0.06862961411993287,0.5544321679676112
34162,0,0.14883980216418974,0.8159207085113969
34163,1,0.06973393384962244,0.560650874841938
34164,1,0.26868932975506127,0.8563292527816208
34165,1,0.1874539672478391,0.7934360003191836
34166,0,0.06909332030064833,0.5570568110371769
34167,1,0.06763161185271517,0.5706274490766159
34168,0,0.06862961411993287,0.5544321679676112
34169,1,0.06920704363497077,0.5576975322963572
34170,1,0.11250172046958701,0.7621894788250788
34171,0,0.23891648598194803,0.8366269968666559
34172,1,0.06886790305360367,0.5557833500680606
34173,0,0.06946698097491942,0.5591576555737324
34174,0,0.06873207509096166,0.5550137891951198
34175,1,0.02885095574432247,0.3506086040618883
34176,1,0.23553413683127133,0.8351229598379311
34177,0,0.06887092427422847,0.5558004483955191
34178,0,0.0690266831548369,0.5566808327084111
34179,0,0.06915850050213691,0.5574241812542173
34180,0,0.06862961411993287,0.5544321679676112
34181,0,0.06896010551641685,0.5563047894348909
34182,1,0.08576873274179345,0.6395932603734475
34183,0,0.26210858253970737,0.8611800252570206
34184,1,0.07351276981075239,0.5811171061852624
34185,0,0.071474395460561,0.5702313026050321
34186,1,0.0526256905820752,0.48798150506589943
34187,0,0.05277622324912968,0.4890890117419199
34188,0,0.06260898057959309,0.5222274273653607
34189,0,0.0617558170813672,0.5171523191786329
34190,0,0.052959053199062384,0.49043027548959295
34191,0,0.05119935446505968,0.5150455767324155
34192,0,0.06882561884988726,0.5555439596297618
34193,1,0.18521994332854275,0.7925913343074161
34194,0,0.07057757244990384,0.5653280758981105
34195,0,0.05242639124941301,0.48651078200956727
34196,1,0.06006264497690154,0.5072495482141397
34197,1,0.06808980367074888,0.5530958582036634
34198,0,0.060566081114609434,0.5073105568120324
34199,1,0.06883014815001029,0.5555696098405817
34200,1,0.07222687688467641,0.5742913465281737
34201,0,0.07083916450734641,0.5667655716023974
34202,0,0.1854990219603231,0.7909414677039032
34203,0,0.06884071759044591,0.5556294591805959
34204,0,0.06907059640375682,0.5569286439292047
34205,1,0.051939377315220636,0.4828955792483661
34206,0,0.04578449325476549,0.4350272198748606
34207,0,0.05267503936034582,0.48834489321817776
34208,1,0.06901154664961805,0.556595374015785
34209,1,0.25520195716737654,0.856311974612423
34210,1,0.18604789367723884,0.790764051988023
34211,1,0.24130213236098044,0.8387250538653487
34212,0,0.06673036381743248,0.545225773294349
34213,1,0.20081119550424098,0.806497644939293
34214,0,0.05121801286368646,0.47748488781423987
34215,1,0.06918125116988956,0.5575523188967447
34216,0,0.040968415960870336,0.42373320813059273
34217,0,0.08034924841239274,0.6496807679879639
34218,1,0.05288820948987143,0.4899110592153442
34219,0,0.06862961411993287,0.5544321679676112
34220,1,0.19728030492231852,0.8031047604039421
34221,0,0.05149574832017283,0.479576004207168
34222,0,0.07428499434499297,0.5851491279417126
34223,0,0.04072016728052296,0.4214603006170398
34224,0,0.02562846214566169,0.30462115269601686
34225,1,0.07364122650640448,0.5817912822995259
34226,0,0.05561666259638456,0.48690059218709875
34227,0,0.060654059319298924,0.5101109156647047
34228,0,0.051454342304309404,0.47926488194151035
34229,0,0.05263558132232714,0.4671207875799596
34230,0,0.2717917766487194,0.8572953532988757
34231,0,0.05409129884611958,0.4931448907211455
34232,0,0.18171562625829216,0.7879540131264336
34233,0,0.07261774849153836,0.5763810666977947
34234,1,0.040547540614258054,0.4139933618506077
34235,1,0.053592325424390866,0.49504342393394696
34236,0,0.062464556361572686,0.5545837948411481
34237,0,0.07271264085730181,0.580783374748986
34238,0,0.06895254363904531,0.5562620531540622
34239,0,0.06964840584481159,0.5601731627989687
34240,0,0.07648174309305775,0.5963500113978978
34241,1,0.06947307218095414,0.5591917983599247
34242,0,0.058210342520806285,0.5187113958031789
34243,1,0.033751853654634976,0.3877048799364744
34244,0,0.06968504881440726,0.5603779102344406
34245,0,0.05194200056624694,0.4718540410460933
34246,1,0.23804142617509236,0.8387802024913408
34247,0,0.05627251905758482,0.5140156253655863
34248,0,0.05120313336536329,0.47737257679267653
34249,1,0.11051840525048284,0.6837213494530336
34250,0,0.0699834346706214,0.562040715529551
34251,0,0.03801108667342887,0.3925033023805883
34252,0,0.05251422938189671,0.4871596031324274
34253,0,0.051850131861394776,0.48222980485161776
34254,0,0.05326863648057215,0.5148954946637402
34255,0,0.053351487255033476,0.4932949594386367
34256,0,0.05376343941568566,0.49628127411747125
34257,0,0.051127654360573566,0.4768024179069637
34258,0,0.07171866448788126,0.5715546369709543
34259,0,0.08698636975349212,0.6448048667247757
34260,0,0.07703542562799337,0.58805512916184
34261,0,0.0542010852739349,0.4939325415398897
34262,0,0.07097883911814643,0.5675306451249194
34263,0,0.08595732895402877,0.6404070410539597
34264,0,0.06034875177617609,0.5074837541345634
34265,0,0.04107337009957722,0.42293725050137865
34266,0,0.07158547382310441,0.5708337150417081
34267,0,0.07150879708677887,0.5704179879412341
34268,0,0.23674529210836842,0.8355993221224265
34269,0,0.05192019008347191,0.4942513174462099
34270,0,0.06954772957458531,0.559610001959969
34271,0,0.05124892950837165,0.4777181564282952
34272,0,0.07038620314107953,0.5642726446456954
34273,1,0.05145204289356489,0.47924759784056375
34274,0,0.03306965923069428,0.38875288168678046
34275,0,0.051525672260010695,0.479800713488147
34276,0,0.07141032409867494,0.5698833357552816
34277,0,0.019170303599122605,0.2478812815332489
34278,0,0.027026899943819974,0.31806308048754195
34279,1,0.08969180236691891,0.6306886037405321
34280,0,0.05277386805228427,0.4890717060979762
34281,0,0.0771667253167345,0.5997628364184808
34282,0,0.03783369171818952,0.39292927038850395
34283,0,0.025866169673221497,0.3092158417192827
34284,0,0.05721561885533408,0.5204832271193005
34285,0,0.07396327268163758,0.5834753810858078
34286,0,0.08768297303511424,0.6477417118398621
34287,0,0.040135316143808754,0.41606616639584637
34288,0,0.06862961411993287,0.5544321679676112
34289,0,0.051541791961107246,0.47992171418442225
34290,1,0.07169984724690584,0.5714528780951974
34291,1,0.05142464997744706,0.46640298521083506
34292,0,0.05122144717492652,0.47751080606601815
34293,0,0.0699205991970293,0.5616912144656007
34294,0,0.032249168480875785,0.36905585124764106
34295,0,0.05483003442252341,0.49841654957164655
34296,1,0.05899986443851806,0.5324303252119599
34297,0,0.07245926654041303,0.5755353508584707
34298,0,0.0540891328444495,0.4986272427018056
34299,0,0.05186055566197555,0.4823076194275521
34300,0,0.03802091217950524,0.39046921786052735
34301,0,0.06535347302838787,0.5507164574039404
34302,1,0.06996044002748245,0.561912856410452
34303,0,0.07683447734897234,0.5889988371495557
34304,0,0.0546717938492384,0.5027912036608988
34305,0,0.07006627326733929,0.5625009400109661
34306,0,0.05160285975401155,0.4803798094684769
34307,1,0.245907885832591,0.8457880482492754
34308,1,0.05620500300257692,0.5135485052278385
34309,0,0.17159989704865833,0.7781723089061081
34310,0,0.06946393555722696,0.5591405839707905
34311,0,0.04798580444116852,0.47035696914206876
34312,0,0.029616278265113,0.3385697908598813
34313,1,0.07372161683475788,0.5822124874153745
34314,0,0.05308920098460027,0.47331563023519163
34315,0,0.0689419583006148,0.556202220962256
34316,1,0.051388847169311844,0.4787723046764136
34317,1,0.03743762300381508,0.39549063185120215
34318,0,0.07434657481026202,0.5854685157938738
34319,0,0.059622148911079406,0.5050043145931363
34320,0,0.0518211872507749,0.48201365778572935
34321,0,0.06879844884504148,0.555390052153296
34322,1,0.05212877872433507,0.4843051432807189
34323,0,0.06880901377748493,0.5554499063252384
34324,0,0.055750638635148946,0.5103905394659952
34325,1,0.051934737614475895,0.4828609920496035
34326,0,0.06875318757691166,0.5551335160899229
34327,0,0.060552679219300916,0.5072240055909388
34328,0,0.07022606977653356,0.5633869945460948
34329,0,0.02745868383337861,0.3507558028212351
34330,0,0.05546955637668277,0.5029267822902447
34331,0,0.17359572009878996,0.7830043642046897
34332,1,0.06923436300553674,0.5578512769087185
34333,0,0.031260675618204094,0.37012476772011027
34334,0,0.06862961411993287,0.5544321679676112
34335,1,0.032161161457728724,0.3612175023398417
34336,1,0.06943653235699593,0.5589869332559998
34337,1,0.07225687492211359,0.5744521894880715
34338,0,0.05121457877028156,0.4774589696837041
34339,1,0.08414806556669065,0.6324992351206771
34340,0,0.07085777310843774,0.5668675998815876
34341,1,0.08694334933929643,0.6446224359244096
34342,0,0.0657005567282631,0.5407400616845497
34343,0,0.02521530927578486,0.30481904144672944
34344,1,0.05125580227093534,0.477769995221559
34345,0,0.05272560838343541,0.48871694622929923
34346,1,0.23188035062031284,0.8511422009648807
34347,0,0.05579157562824174,0.5106760920539541
34348,0,0.06862961411993287,0.5544321679676112
34349,0,0.07749868560180123,0.5932287986491699
34350,1,0.0514738912199242,0.4794117987996421
34351,0,0.07040932713004903,0.5644003489458798
34352,1,0.069301185717413,0.5582270503381377
34353,0,0.05695160378427199,0.5121105917599743
34354,0,0.07453809771852786,0.5864598401464249
34355,0,0.06910998889028402,0.5571507954225877
34356,0,0.06893288635102256,0.5561509349288327
34357,0,0.06934982154103113,0.5585002982545235
34358,0,0.026042869596122852,0.3309276124610959
34359,1,0.08422071212418061,0.632821136935007
34360,0,0.24367098763931272,0.8443096335856332
34361,1,0.06921463134792918,0.5577402402436225
34362,0,0.06971407047927795,0.5605399873858096
34363,0,0.23207323771540683,0.8331288717124715
34364,0,0.04967102312370385,0.4910533477166937
34365,0,0.06893591021139328,0.5561680304063209
34366,1,0.05453510014656379,0.4917045884042652
34367,0,0.07030917386504053,0.563846902153738
34368,0,0.06893439826585501,0.5561594826841993
34369,0,0.055572574954909616,0.49704545174434717
34370,0,0.051201988957968216,0.4773639375779496
34371,0,0.06965603832650896,0.5602158202057468
34372,1,0.07271775610010503,0.5769136383347505
34373,0,0.23287056394726213,0.8390980677274196
34374,1,0.020268447127763843,0.26258926572573266
34375,0,0.06123377307446718,0.5478497268267185
34376,0,0.035894709234962775,0.3994249048316844
34377,0,0.05200669701781637,0.48339711187982126
34378,0,0.06275073280092301,0.5563537274751018
34379,0,0.0687622376237293,0.5551848256578792
34380,0,0.20305728217328517,0.8130921435225691
34381,1,0.06902365560791135,0.556663741238095
34382,0,0.10916927484834317,0.6804189560684828
34383,0,0.07187093788745218,0.5723769650226687
34384,0,0.06441819059573979,0.5779127709978436
34385,0,0.06862961411993287,0.5544321679676112
34386,0,0.06921614898292278,0.557748781730627
34387,0,0.040348212983768575,0.41803613786183264
34388,0,0.07240070907362778,0.5752223235871525
34389,1,0.05814232039316221,0.521249430690142
34390,0,0.06909938117529422,0.5570909876503463
34391,1,0.2362134065022138,0.8355251323182709
34392,0,0.05143135256968055,0.47909204317268456
34393,0,0.07267011760914394,0.5766600550068773
34394,0,0.06882561884988726,0.5555439596297618
34395,0,0.21817853433564255,0.8305064127104318
34396,0,0.07341816520507909,0.5806197069961027
34397,1,0.11684383300323939,0.6932018059526397
34398,0,0.20688528143361165,0.8095087344267267
34399,0,0.04415197512525143,0.45200531489537976
34400,0,0.058796171007138784,0.5310852898615668
34401,0,0.05364252932182714,0.4954069826998252
34402,0,0.07333007544219955,0.5801558821759654
34403,0,0.051371624717232396,0.4786426859015168
34404,0,0.051380809345511994,0.47871181555802605
34405,0,0.02485627620387948,0.3015855450168939
34406,1,0.05835450616972888,0.5281522636205023
34407,0,0.01976956680328688,0.25706659045002184
34408,0,0.034920358021115844,0.3789883893113076
34409,0,0.031319913563201573,0.37229069280923244
34410,0,0.051532580119472364,0.4798525706400593
34411,0,0.039872061188915786,0.4136200723785346
34412,0,0.052193999654065036,0.4847894694523896
34413,0,0.025890018815605237,0.3122195959653116
34414,0,0.051817714924140494,0.48198772058855627
34415,0,0.02360096356381007,0.28824347046635934
34416,0,0.05122030238030851,0.4775021666352959
34417,0,0.03228253609003048,0.3798558556382864
34418,0,0.03196486879965025,0.37477996946958897
34419,0,0.02907290882264687,0.35739315910487085
34420,0,0.053698762472947636,0.4958138280119723
34421,0,0.05281627678395493,0.4893832116566978
34422,0,0.026653664121520065,0.3162115213079141
34423,0,0.05180498494153421,0.4818926183637693
34424,0,0.09148369480358394,0.6861057416289337
34425,0,0.05298977995402629,0.490655275686223
34426,0,0.051534882933907525,0.4798698564538954
34427,0,0.031856860042431705,0.37505597581979566
34428,0,0.02406534234655715,0.2932334090554001
34429,0,0.05133146022431346,0.4783402533070739
34430,0,0.0282575722424556,0.32627347228381137
34431,0,0.13122886765550634,0.733837291980079
34432,0,0.0514014804381739,0.4788673602623204
34433,0,0.040434039875350894,0.4188282344530509
34434,0,0.03260805698939638,0.3876857918437669
34435,0,0.05144514524441684,0.4791957458359811
34436,0,0.023771236422099468,0.2941837469208433
34437,0,0.2180152704012687,0.8189231124406137
34438,0,0.051201988957968216,0.4773639375779496
34439,0,0.0255280378809961,0.31023744632410566
34440,0,0.04104530518153904,0.4244351708425061
34441,0,0.051201988957968216,0.4773639375779496
34442,0,0.05171133698097295,0.4811923610088277
34443,0,0.056122586836760364,0.5129775485539522
34444,0,0.05257403869662217,0.4876008263475333
34445,0,0.04014257686554379,0.4161334719758018
34446,0,0.04080490767606409,0.42223728255592163
34447,0,0.07429795475362205,0.5852163734463968
34448,0,0.02370966804936809,0.28867696289549427
34449,0,0.051201988957968216,0.4773639375779496
34450,0,0.051570589003824656,0.4801377927060805
34451,0,0.03307006586278712,0.3749859704352469
34452,0,0.02821706080612413,0.32534710721967514
34453,0,0.029012474392593062,0.3305751769572431
34454,0,0.05143824846982121,0.47914389427965043
34455,0,0.05125465674996379,0.47776135538939796
34456,0,0.05107511004693469,0.4764050701024926
34457,0,0.056650257917122984,0.5166189162662778
34458,0,0.02858343574622221,0.33078324550121013
34459,0,0.054617033159421784,0.5024016513930567
34460,0,0.07386974611352724,0.5829871911475413
34461,0,0.04013350116000273,0.4160493404898036
34462,0,0.050762050739383724,0.4740302615800952
34463,1,0.05461095182947295,0.5023583676191091
34464,0,0.019716627619844527,0.2553883182626406
34465,0,0.05133031310393764,0.47833161260806145
34466,1,0.05163630316050621,0.4806304793925122
34467,1,0.05078248622450015,0.47418566883673324
34468,0,0.05651570640269541,0.515693589922443
34469,0,0.024447476945371006,0.296310160209833
34470,0,0.02682622268834812,0.3161335255532045
34471,0,0.024208496733333206,0.2950883676177691
34472,0,0.03275752436461552,0.3665296049067928
34473,0,0.05203922569281177,0.48363924311498613
34474,0,0.038959480812671254,0.39998393747871364
34475,1,0.17689021797145585,0.783514726840526
34476,0,0.05137506877084288,0.4786686094269901
34477,0,0.029565944533978896,0.3368032197235955
34478,0,0.03461630969232282,0.37649395350554415
34479,0,0.05492313715151974,0.5045744369137996
34480,0,0.03209260074261577,0.37798078114277134
34481,0,0.02924503422440196,0.33284072251254676
34482,0,0.05179225791545963,0.48179751745085264
34483,1,0.051271842107712115,0.47789095426612693
34484,0,0.02559862003628407,0.30723690460735537
34485,0,0.0403682844725145,0.4182214844390379
34486,0,0.051532580119472364,0.4798525706400593
34487,0,0.031151702837092725,0.3682814664876666
34488,0,0.05182002978412355,0.4820050120425618
34489,0,0.05579653960950797,0.5107107040191232
34490,0,0.051201988957968216,0.4773639375779496
34491,0,0.04018071630761417,0.4164868775258386
34492,0,0.02422948548833448,0.29861880367718074
34493,0,0.054198915127934705,0.4994150220552249
34494,1,0.04214016254586251,0.4343274644254166
34495,0,0.06971254274452438,0.560531457331006
34496,0,0.05184781573024726,0.48221251284054567
34497,0,0.05227680133269129,0.48540356680858937
34498,0,0.019504422869932186,0.25395338494646347
34499,0,0.05203341559090542,0.4835960048277407
34500,0,0.051927778797896736,0.48280911155946765
34501,0,0.05151301012528813,0.47970564317424563
34502,1,0.04013350116000273,0.4160493404898036
34503,0,0.05158787453170206,0.4802674433910657
34504,0,0.051201988957968216,0.4773639375779496
34505,0,0.05120885576531856,0.4774157730692832
34506,0,0.05142101035885947,0.47901426735723085
34507,0,0.05123976718103598,0.4776490387840823
34508,0,0.02613038360421943,0.31275385996905597
34509,0,0.05422669553496928,0.49961413173659536
34510,0,0.05184897378359534,0.48222115884075883
34511,0,0.051201988957968216,0.4773639375779496
34512,0,0.04066223576534996,0.4209284609103734
34513,0,0.05244394776520789,0.48664054266734597
34514,0,0.051509557326558354,0.47967971516162217
34515,0,0.031566464426695515,0.37416698789970815
34516,0,0.03392903010309059,0.39146574113882626
34517,1,0.05196026081736106,0.48305122366610387
34518,0,0.08563029836159573,0.6389943798005602
34519,0,0.05122831645096081,0.4775626429327465
34520,0,0.04006291231201721,0.409673455088721
34521,0,0.04011898412051088,0.415914740288047
34522,0,0.019169977898454663,0.2488199198658523
34523,0,0.0514738912199242,0.4794117987996421
34524,0,0.025086714679827784,0.3021023043769691
34525,0,0.029194672643870406,0.33282230245940053
34526,0,0.051201988957968216,0.4773639375779496
34527,0,0.051201988957968216,0.4773639375779496
34528,0,0.02250547212576578,0.27839109096683506
34529,0,0.05123633170780309,0.47762311988802475
34530,0,0.031455656518416066,0.3711887540277674
34531,0,0.03820226140192537,0.39220130932604136
34532,0,0.06945784509247106,0.5591064403454111
34533,0,0.051434800410450086,0.4791179686699272
34534,0,0.025564545927794863,0.3056976591014128
34535,0,0.05078248622450015,0.47418566883673324
34536,0,0.05238427826185177,0.48619936388294344
34537,0,0.06891323425219463,0.5560398110859934
34538,0,0.04047610397065981,0.419216009002991
34539,0,0.051204277796956424,0.4773812160209418
34540,0,0.040203434837771876,0.41669727875771095
34541,0,0.05353500381803484,0.4946279346421174
34542,0,0.053340780641198814,0.4932170610546028
34543,0,0.05903126053757342,0.5326372123916158
34544,0,0.0545380256185946,0.5018389597601489
34545,0,0.052055497240254045,0.48376031162040756
34546,0,0.040149838845845075,0.41620078068323885
34547,0,0.026284422259746816,0.3171407434800002
34548,0,0.06863864909957147,0.5544834935084321
34549,0,0.051930098305489565,0.48282640501505675
34550,0,0.023824506563099774,0.2932732805456313
34551,0,0.03073862935292484,0.3668466530720325
34552,0,0.052793890389361935,0.4892188049022924
34553,0,0.02447389657380725,0.29664962483878776
34554,0,0.051720579034278,0.4812615189858539
34555,0,0.030995704721711845,0.36563172141407935
34556,0,0.05167438437982521,0.4809157363335599
34557,0,0.051971866192108584,0.4831376942099746
34558,0,0.027501175172789143,0.3249976925961678
34559,0,0.019691893570542164,0.25330315055682545
34560,0,0.020108264249388132,0.2602563499488518
34561,0,0.0726463091512362,0.5765332481878088
34562,1,0.051201988957968216,0.4773639375779496
34563,0,0.04023526145695849,0.41699189145120513
34564,0,0.051496898936972804,0.4795846467195933
34565,1,0.024393588853528658,0.3004875062183437
34566,1,0.05149229661564892,0.47955007674326044
34567,0,0.032444548213789566,0.3669354375395295
34568,0,0.05120313336536329,0.47737257679267653
34569,0,0.051201988957968216,0.4773639375779496
34570,0,0.05179688558290128,0.48183209944878386
34571,0,0.07106276593354763,0.5679895349195033
34572,0,0.05140607508237169,0.478901926309702
34573,0,0.05142790494750039,0.4790661177880615
34574,0,0.05149229661564892,0.47955007674326044
34575,1,0.051309669083150586,0.47817608224813657
34576,0,0.05020816216123367,0.4974462659374893
34577,0,0.05165360951498294,0.48076014008420515
34578,0,0.051604012633892166,0.48038845309525274
34579,0,0.051173386636144305,0.47714796162478523
34580,0,0.0513509649810889,0.4784871471692027
34581,0,0.029399916625039435,0.33461933641689295
34582,0,0.057835719976858706,0.5246172647893761
34583,0,0.0508586200944431,0.4747641728947094
34584,0,0.029128832157906678,0.3319175704343805
34585,0,0.025944885037216817,0.30884605439854557
34586,0,0.055577280657384744,0.5091790310749886
34587,0,0.024256399151827774,0.2957082009730708
34588,0,0.05134063806030351,0.4784093793653577
34589,0,0.05587974809511806,0.5112904389103725
34590,0,0.05251422938189671,0.4871596031324274
34591,0,0.05149804957808624,0.47959328924423816
34592,0,0.05191270438539404,0.4826967051036968
34593,0,0.05118940207356554,0.4772689071109543
34594,0,0.051325724864910195,0.4782970499417301
34595,0,0.022359344391292932,0.2802522243378901
34596,0,0.051201988957968216,0.4773639375779496
34597,0,0.05312233385596317,0.4916245494356251
34598,0,0.05139573767913291,0.47882415298769593
34599,0,0.040134408642074924,0.4160577534183707
34600,0,0.038970062849609854,0.407960416988624
34601,0,0.050699657197100685,0.4735554373731793
34602,0,0.049934328972622434,0.46238435900805214
34603,0,0.04014348454424954,0.4161418853932458
34604,0,0.05286579430800845,0.4897466452130848
34605,0,0.02973993729033661,0.339094696905749
34606,0,0.051201988957968216,0.4773639375779496
34607,0,0.06905242226819303,0.5568261047844637
34608,0,0.03031815373393587,0.3493689662207329
34609,0,0.05036398469765232,0.4709922347193181
34610,0,0.052045036407861615,0.4836824816471934
34611,0,0.05108767034142471,0.47650008535747973
34612,0,0.11038666139554805,0.6836070030194991
34613,0,0.03259711825862185,0.37759000123635755
34614,0,0.051205422252748094,0.47738985526274025
34615,0,0.02618919524705618,0.31348372346521924
34616,0,0.025626853132589538,0.305672621906439
34617,0,0.05124549345401269,0.47769223721158083
34618,0,0.03554004347112642,0.4008086251686844
34619,0,0.019937843836613893,0.2534785141036626
34620,0,0.05090753902954577,0.47513548740683664
34621,0,0.05123976718103598,0.4776490387840823
34622,0,0.02911399487383081,0.3318925667301616
34623,0,0.14626522919079155,0.7456325988257035
34624,0,0.04960784392411207,0.46080437906916905
34625,0,0.05159594298616653,0.4803279479546479
34626,0,0.051458941417362805,0.4792994502922848
34627,0,0.030795520481731554,0.35503079379591046
34628,0,0.051303936026840066,0.47813288012001387
34629,0,0.05089046922940408,0.4750059559449928
34630,0,0.03610641422018883,0.4027783822975923
34631,0,0.05292243943694733,0.49016201109919555
34632,0,0.02490512487768999,0.300082131458323
34633,0,0.06862961411993287,0.5544321679676112
34634,0,0.0508620315992455,0.47479007765758857
34635,0,0.05145204289356489,0.47924759784056375
34636,0,0.05210666769810748,0.4841408249820118
34637,0,0.04013350116000273,0.4160493404898036
34638,1,0.051576350237816954,0.48018100930469915
34639,0,0.03081059639083759,0.3469053975101773
34640,0,0.05134178539893196,0.47841802018083884
34641,1,0.05075183591594705,0.4739525598365512
34642,0,0.05372989405680287,0.49603889379222843
34643,0,0.033450190064236655,0.38506624093639386
34644,0,0.05153833733802381,0.47989578526500665
34645,0,0.0505400342943537,0.4723383812688449
34646,0,0.025483697359719046,0.30523900627689365
34647,0,0.022720364876944597,0.28077891648518927
34648,0,0.052027606102085795,0.48355276678610276
34649,0,0.06065874181269146,0.5432063924551735
34650,0,0.04900427443907345,0.4784470927419078
34651,0,0.021932788952501236,0.2737304191487662
34652,0,0.051981152255842884,0.4832068713723875
34653,0,0.030858538529193003,0.345723162596186
34654,0,0.027918298506675564,0.337475867672212
34655,1,0.06299223276551864,0.5578403930476347
34656,0,0.051201988957968216,0.4773639375779496
34657,0,0.05614789073913963,0.5368990543167956
34658,0,0.04244634473874477,0.4394228562137605
34659,0,0.031066445757299305,0.3702974002636908
34660,0,0.051201988957968216,0.4773639375779496
34661,0,0.05763639552158928,0.5233345280970598
34662,0,0.029712585681586516,0.3332001067337043
34663,0,0.04225852397329376,0.4594024032428203
34664,0,0.0254872076852483,0.3052830687865281
34665,0,0.05159824847803432,0.48034523507887533
34666,0,0.025558091675735854,0.30561681911553806
34667,0,0.04231642187523882,0.4359020284547223
34668,0,0.05205317243912049,0.483743016002589
34669,0,0.02582063922189858,0.3110990794935032
34670,1,0.021375436704670903,0.2698445193551991
34671,0,0.06969573970617159,0.5604376243691286
34672,0,0.05127871777690552,0.47794279465124345
34673,0,0.04044409486988436,0.418920954045516
34674,0,0.03272112871412468,0.379541892769988
34675,0,0.0690690817233347,0.5569200991856467
34676,0,0.0254297166435799,0.30509659454282934
34677,0,0.026175480365985736,0.31829763551834817
34678,0,0.02418900708277284,0.2961697858476376
34679,0,0.02449690748689465,0.296789028309519
34680,0,0.030968790574779775,0.37046235212627826
34681,1,0.03414116163062364,0.3927591248038227
34682,0,0.03974310523061818,0.4073190195422681
34683,0,0.06862961411993287,0.5544321679676112
34684,0,0.052131106716501015,0.48432244014176545
34685,0,0.052248798156183905,0.4851959795798431
34686,0,0.05107511004693469,0.4764050701024926
34687,0,0.030896846599602328,0.3476206629335228
34688,0,0.05147849198547752,0.47944636799062973
34689,0,0.051240912387204594,0.4776576784428554
34690,0,0.02761445188637384,0.3298450611943444
34691,0,0.02366549308047535,0.32264619455382
34692,0,0.04011999157514543,0.411751707533039
34693,0,0.0513498174484275,0.4784785062505442
34694,0,0.02574202254507086,0.30657288326827653
34695,0,0.02929678536624298,0.3337163659414597
34696,0,0.04213771579661814,0.43039429091464276
34697,0,0.026208117055293374,0.3121078200943039
34698,0,0.046664499585918416,0.46535960303843066
34699,0,0.054501596934523805,0.5015792542722043
34700,0,0.05165476346693012,0.480768784222655
34701,0,0.04672874499172492,0.4671452264905803
34702,0,0.04036372193081963,0.41817935818714974
34703,0,0.040201616902545215,0.41668044554138794
34704,0,0.05353142313883407,0.49460196680178625
34705,0,0.05094055600861955,0.4753859243717892
34706,0,0.025654708118337262,0.3068451420925871
34707,0,0.04052920105150076,0.419705084336934
34708,0,0.04026074013099063,0.4172276243001186
34709,0,0.024465399015218967,0.32195547607484243
34710,0,0.05075751057763224,0.47399572731635137
34711,0,0.05105684574341784,0.47626686914585686
34712,0,0.030397224186868688,0.3658896690740704
34713,0,0.051201988957968216,0.4773639375779496
34714,0,0.0513739207287077,0.47865996823905965
34715,0,0.05188952105836947,0.4825237755181353
34716,0,0.03104750229281418,0.36782843603316145
34717,0,0.051201988957968216,0.4773639375779496
34718,0,0.06862961411993287,0.5544321679676112
34719,0,0.02528434727967362,0.3029807456658383
34720,0,0.022803560589571406,0.28944425606215607
34721,0,0.05134752245587131,0.4784612244518696
34722,0,0.029328464548526827,0.3333521827645926
34723,0,0.04044500907905027,0.4189293833834622
34724,0,0.040170724051613475,0.4163943106167616
34725,0,0.05167784762529242,0.4809416694024908
34726,0,0.026627195096494388,0.33479876363720584
34727,0,0.02555828532298861,0.30644320750302806
34728,0,0.024197926089503,0.29495152960644927
34729,0,0.03201865963116316,0.3741942512967111
34730,0,0.02857569374621465,0.3436599933205208
34731,0,0.05132457786577005,0.47828840930760275
34732,0,0.05194517749210613,0.4829388134772442
34733,0,0.03609880116747319,0.40182848665373816
34734,0,0.024439562605807603,0.2983385881570006
34735,0,0.052433413189371995,0.48656268605545716
34736,0,0.051309669083150586,0.47817608224813657
34737,0,0.1925041224595829,0.8009708098624521
34738,0,0.0526186443220226,0.48792959350077514
34739,0,0.05147159098297574,0.47939451427806296
34740,1,0.039249450771118286,0.4048601585466226
34741,0,0.03777949862695816,0.3890559516837203
34742,0,0.05776832267331718,0.5242241770095581
34743,0,0.05166630432711918,0.4808552262395091
34744,0,0.04013350116000273,0.4160493404898036
34745,0,0.025082345766033593,0.3190078954913343
34746,0,0.03473238823760839,0.3922930500428631
34747,0,0.054014456239384195,0.49809051757718437
34748,0,0.028176610233200745,0.32886114929457017
34749,0,0.031757656289483835,0.37451752781926867
34750,0,0.05093486198064256,0.47534274469794835
34751,0,0.02511510547102779,0.30297648804280464
34752,0,0.025455284144276488,0.3029923162484779
34753,0,0.06863413147203766,0.5544578308832027
34754,0,0.05122717151110449,0.47755400342136567
34755,1,0.09051126174290688,0.6343974027766133
34756,0,0.02581268071523106,0.31179296638926196
34757,0,0.031782863775039326,0.3727296816441752
34758,0,0.028984416175779647,0.3323960330999439
34759,0,0.05188025046809144,0.48245460485366987
34760,0,0.05301461000332525,0.4908370093824301
34761,0,0.05126955041178633,0.47787367424353494
34762,0,0.053282524638311304,0.4927929535063394
34763,0,0.03151575250344036,0.3831229430248035
34764,0,0.05247673478874681,0.48688276736667824
34765,0,0.04484102993543129,0.4579128944066207
34766,0,0.05177837725821862,0.4816937725046559
34767,0,0.02519461412183416,0.300007984461992
34768,1,0.06863413147203766,0.5544578308832027
34769,0,0.05134178539893196,0.47841802018083884
34770,0,0.019459328071300637,0.25162740300119973
34771,0,0.05336933611804084,0.4934247908002884
34772,0,0.05132916600780986,0.47832297192201567
34773,0,0.04178314480757577,0.4311228901245262
34774,0,0.02471410968814456,0.3000328230448941
34775,0,0.07627733837033082,0.5953243267872982
34776,0,0.02522769811596969,0.30253340441075005
34777,0,0.051204277796956424,0.4773812160209418
34778,1,0.051201988957968216,0.4773639375779496
34779,0,0.02973843294628379,0.33709837088486644
34780,0,0.0523807702891462,0.4861734128527257
34781,0,0.05421099191688005,0.49950159146282197
34782,0,0.03842386315947288,0.3946126132705437
34783,0,0.051517614197406435,0.47974021402778144
34784,0,0.05195097828121622,0.4829820479615472
34785,0,0.03969927426410442,0.41200847728837553
34786,0,0.04013350116000273,0.4160493404898036
34787,0,0.022639831430262162,0.2817063172880878
34788,0,0.052199826699574514,0.4848327142633945
34789,0,0.051259238979164415,0.4777959147978306
34790,0,0.051814242817458236,0.4819617834884494
34791,1,0.040209798231353844,0.4167561965441512
34792,0,0.02603605501222761,0.3110400746196927
34793,0,0.051216868141681526,0.47747624842391634
34794,1,0.024090405831835502,0.2951515977929598
34795,0,0.05122030238030851,0.4775021666352959
34796,0,0.02401647981506486,0.2944518808342456
34797,0,0.019458098635894223,0.2525623889745279
34798,0,0.05124892950837165,0.4777181564282952
34799,0,0.05170440646570109,0.48114049299883455
34800,0,0.05141067011501408,0.47893649255911036
34801,0,0.07038055212485403,0.6303565068826971
34802,0,0.05191154498654824,0.4826880585256397
34803,0,0.02521617454092166,0.3007913200061723
34804,0,0.054786349773747106,0.50360492357882
34805,0,0.051201988957968216,0.4773639375779496
34806,0,0.024252165126642893,0.2937965080789943
34807,1,0.04018162481260377,0.4164952929915204
34808,0,0.024363344829162872,0.2952282684458455
34809,0,0.029323391321682192,0.3343231035378557
34810,0,0.02460584740148075,0.2983430661174167
34811,0,0.02210316548770212,0.2770419345095788
34812,0,0.06878335869041273,0.5553045434057011
34813,0,0.025729223298192834,0.30723854229124986
34814,0,0.03752282035658074,0.3884040937973081
34815,0,0.051205422252748094,0.47738985526274025
34816,0,0.040041946679229404,0.4151998874480907
34817,0,0.04117810107000188,0.42564529030163667
34818,0,0.052861076465449776,0.489712032020391
34819,0,0.052212648363558364,0.484927853646181
34820,0,0.030291359985663357,0.3658351100159238
34821,0,0.02435231226184331,0.2972304615374591
34822,0,0.051409521320435206,0.4789278509778363
34823,0,0.027167659175125067,0.31835652166826883
34824,0,0.05126611304957773,0.47784775430895754
34825,0,0.02467303712152125,0.2989392426071888
34826,0,0.02214563240052239,0.27554419669889846
34827,0,0.051201988957968216,0.4773639375779496
34828,0,0.029211834724221227,0.3333204904224205
34829,0,0.050699657197100685,0.4735554373731793
34830,0,0.051201988957968216,0.4773639375779496
34831,0,0.051743691000355946,0.48143441706388446
34832,0,0.0512111448946997,0.4774330516745498
34833,0,0.05336100594753517,0.4933642027200925
34834,0,0.03466620673942133,0.3751882212965495
34835,1,0.019602624086376516,0.2551764268630422
34836,0,0.05121915760989531,0.4774935272180347
34837,0,0.051563676326325796,0.4800859331801466
34838,0,0.024613792969835464,0.2976519439587569
34839,0,0.025153420917315,0.303481045732625
34840,0,0.037603693151037454,0.3907095675474259
34841,0,0.0306694441560538,0.3663465395685626
34842,0,0.05109109638346594,0.4765259989043475
34843,0,0.04091569239911839,0.42325131538791005
34844,0,0.02184471834089354,0.2768089130352905
34845,0,0.17894361504977574,0.7952417049640638
34846,0,0.052108994757113045,0.48415812148417114
34847,0,0.051201988957968216,0.4773639375779496
34848,0,0.05411420395579411,0.49330934260711196
34849,0,0.054602439039396516,0.5022977702763436
34850,0,0.05148309313993014,0.4794809373784486
34851,0,0.05179225791545963,0.48179751745085264
34852,0,0.051355555354300524,0.47852171097252527
34853,0,0.04055760787613535,0.4199665514252578
34854,0,0.038989169367495156,0.40313844746933136
34855,0,0.05237258588254351,0.4861128607390409
34856,0,0.024273520317223227,0.2962115893840081
34857,0,0.0296167281216536,0.33267411158662236
34858,0,0.0760920940746063,0.6296753653974594
34859,0,0.04038927852820477,0.4184152805539738
34860,0,0.04247723666778408,0.43153409413924315
34861,0,0.05380060196133305,0.49654962579732576
34862,0,0.05175062649400646,0.481486287356182
34863,0,0.05166053359230487,0.4808120050874935
34864,0,0.05178300375314726,0.48172835397845826
34865,0,0.05126955041178633,0.47787367424353494
34866,0,0.04014166920650314,0.41612505860722476
34867,0,0.0629005274450193,0.5572766059518204
34868,0,0.051205422252748094,0.47738985526274025
34869,0,0.051201988957968216,0.4773639375779496
34870,0,0.051201988957968216,0.4773639375779496
34871,0,0.024604359198983957,0.29779531460695485
34872,0,0.026068015133597383,0.30927365265931395
34873,0,0.024881996744821624,0.30001575739009256
34874,0,0.023105402037990573,0.28436738000659256
34875,0,0.024843780629919758,0.30489565341586444
34876,0,0.03169181668752048,0.37439236371275925
34877,0,0.025480669547133572,0.33226796264236436
34878,0,0.05129132543579313,0.47803783659054716
34879,0,0.03991266227188344,0.4139980590936025
34880,0,0.030553628872644574,0.34603206482484195
34881,0,0.0508620315992455,0.47479007765758857
34882,0,0.05289292961881304,0.4899456729688251
34883,0,0.0328485602137795,0.3830429414370552
34884,0,0.023578373901899194,0.29508089816871175
34885,0,0.05074502711459044,0.47390075937479487
34886,0,0.024361084126451715,0.296533860740294
34887,0,0.05337766751564071,0.4934853790736146
34888,0,0.051184825750503114,0.47723435098514366
34889,0,0.05179572862939553,0.48182345393297105
34890,0,0.02634912584515975,0.3141025134215482
34891,0,0.03646115191947374,0.3843708866126745
34892,0,0.051441696747806076,0.47916982000171465
34893,1,0.036696957108382965,0.38243003913693946
34894,0,0.04013350116000273,0.4160493404898036
34895,0,0.050663388912172175,0.47327919796956625
34896,0,0.05122946141502506,0.47757128245755215
34897,0,0.036165582835461556,0.40076089028822015
34898,1,0.04196839364060045,0.43278822647035303
34899,0,0.12169468876116347,0.7067370333675734
34900,0,0.05055473136515797,0.47245057857844885
34901,0,0.051201988957968216,0.4773639375779496
34902,0,0.051201988957968216,0.4773639375779496
34903,0,0.019505439898152805,0.25039426119785907
34904,0,0.05293897172405108,0.49028316206700046
34905,0,0.05198579587576863,0.48324146019512326
34906,0,0.06863262565740019,0.5544492766102614
34907,0,0.040217981155357775,0.41683195147742547
34908,1,0.051201988957968216,0.4773639375779496
34909,0,0.05133103473884774,0.46665709538098993
34910,0,0.049887013023556796,0.4597556224264703
34911,0,0.02773042521731348,0.3513251895946712
34912,0,0.024747444133256587,0.2996448360267241
34913,0,0.028697708452208183,0.3315609450208734
34914,0,0.08701817982806483,0.644939679842085
34915,0,0.026861557294450118,0.3151984014839448
34916,0,0.0194953590519346,0.25023203884877354
34917,0,0.04052736900764546,0.419688217038695
34918,0,0.051600554067314765,0.48036252225016546
34919,0,0.028670617338138877,0.3406648057875304
34920,0,0.028118142873928394,0.341574688242041
34921,1,0.1756882369493095,0.7942183753597155
34922,0,0.03771514106472643,0.39482229150178616
34923,0,0.02496407084023879,0.30052792729851036
34924,0,0.03193954910669505,0.3750691964355927
34925,0,0.05096675629667993,0.4755845556018238
34926,0,0.04013350116000273,0.4160493404898036
34927,0,0.05122144717492652,0.47751080606601815
34928,0,0.030103753250769888,0.34356122239807113
34929,0,0.05109338053226265,0.4765432746724811
34930,0,0.03315475001906359,0.38606075701225956
34931,0,0.05107625177114084,0.4764137077824756
34932,0,0.05117109910352329,0.4771306839166146
34933,0,0.01916806625098442,0.24855593209444188
34934,0,0.051201988957968216,0.4773639375779496
34935,0,0.05133375453781102,0.47835753474397846
34936,0,0.051534882933907525,0.4798698564538954
34937,1,0.03082240703495843,0.34503575158557725
34938,0,0.05741034624376906,0.521805371174834
34939,0,0.06952639131928705,0.5594905238234268
34940,0,0.051201988957968216,0.4773639375779496
34941,0,0.06896615557117346,0.5563389778596606
34942,0,0.03047902811145557,0.3659348934420329
34943,0,0.050936000738051206,0.4753513806032428
34944,0,0.03246608304282975,0.3963837214949059
34945,1,0.019438207573830038,0.25082899874395226
34946,0,0.04066866870085075,0.4209875451731862
34947,0,0.050982710540964545,0.47570546535415215
34948,0,0.05183739435035108,0.4821346993185348
34949,0,0.0518443417169067,0.48218657490383177
34950,0,0.02900275743675428,0.3311681618730818
34951,0,0.05378261706014873,0.49641977795252556
34952,0,0.030076457445579137,0.3378755250602272
34953,1,0.037246320333335456,0.39119073716394387
34954,0,0.051063694132922485,0.47631869407981814
34955,0,0.019897603036716588,0.2560384929415268
34956,0,0.03207972854163454,0.37573980356604386
34957,0,0.051743691000355946,0.48143441706388446
34958,0,0.05382938960180017,0.49675738330980035
34959,0,0.053968490750864406,0.49226206999739797
34960,0,0.04450087563837034,0.46398372424239837
34961,0,0.05212761476509342,0.4842964948642937
34962,0,0.040817817746768056,0.4223555527852984
34963,0,0.03748030607638548,0.3879928879254788
34964,0,0.028712925309566557,0.32980085436206347
34965,1,0.02574280013277486,0.30685123040673634
34966,0,0.06866124136916239,0.5546118022744723
34967,0,0.06862961411993287,0.5544321679676112
34968,0,0.05196606319852047,0.4830944588114892
34969,0,0.040590620376793014,0.42027024700058024
34970,0,0.05122717151110449,0.47755400342136567
34971,0,0.05132916600780986,0.47832297192201567
34972,0,0.02621627469826623,0.31300394492241684
34973,0,0.029508026019345813,0.3368392875200595
34974,0,0.04029443208809381,0.4175391864445038
34975,0,0.055863341962944575,0.5056794818325703
34976,1,0.05150725558233121,0.4796624298806784
34977,0,0.054308907438502786,0.5002028043129401
34978,0,0.040149838845845075,0.41620078068323885
34979,0,0.03122527840644039,0.36852637206040645
34980,0,0.05719656136288217,0.5203535894067896
34981,0,0.018696859111209305,0.24691913516913874
34982,0,0.05094511166470338,0.4754204683758785
34983,0,0.026847442790423563,0.31997437141417134
34984,0,0.022316514597978652,0.30789162918425433
34985,0,0.16055683605429616,0.7642894734134734
34986,0,0.027541518470650436,0.3270520112058213
34987,0,0.024721843356601984,0.3001130828552756
34988,0,0.01895558081330616,0.24710730272662368
34989,0,0.03452052830929548,0.382522695077193
34990,0,0.05198347401679784,0.48322416576366234
34991,0,0.02643428943816293,0.3154451739743019
34992,0,0.05185939736409349,0.4822989733211143
34993,0,0.051297057159105784,0.4780810379981345
34994,0,0.0376668619299348,0.38979514302057855
34995,0,0.05155215714428233,0.47999950159110455
34996,1,0.05142101035885947,0.47901426735723085
34997,0,0.03277562073079362,0.3813713248980681
34998,0,0.05138769883595953,0.4787636633356337
34999,0,0.026537797806693342,0.3199914502450798
35000,0,0.03271167471663956,0.3683841472918525
35001,0,0.02803608433756581,0.3253438198482581
35002,0,0.0508654433206219,0.47481598255615165
35003,0,0.0596756970891154,0.5368586056663197
35004,0,0.040362809481760326,0.4181709330799776
35005,0,0.03759035683504581,0.3893570743088283
35006,0,0.05190342987992555,0.4826275327697997
35007,0,0.024817253700902542,0.3005178498671014
35008,0,0.05058526898075017,0.4726836126391394
35009,0,0.05133260736893778,0.478348894019048
35010,1,0.03735358822785282,0.38798609082061203
35011,0,0.025876043831307573,0.30987899729695834
35012,0,0.05217419229660641,0.4846424388025822
35013,0,0.04061723249346593,0.4205149345759613
35014,0,0.05111279969841214,0.47669012096368657
35015,0,0.025160808016249855,0.30170812576804984
35016,0,0.05178069045683366,0.4817110632196564
35017,0,0.02398335158386457,0.2953517448380475
35018,0,0.02583313440913649,0.31365990644566666
35019,0,0.051843183761359546,0.48217792894625294
35020,0,0.027760899224314167,0.3166706373121767
35021,0,0.03180035757652831,0.36606533436561
35022,0,0.05216487364519449,0.48457324882688624
35023,0,0.05178763063888462,0.48176293562730066
35024,0,0.05098499010447192,0.4757227384087418
35025,0,0.028873407063934327,0.3316483207077139
35026,1,0.05123289645247016,0.4775972011124684
35027,0,0.03710614704834237,0.3864775791431904
35028,0,0.050713264139089914,0.473659031332482
35029,0,0.02873725761080732,0.32625872188503113
35030,1,0.05180498494153421,0.4818926183637693
35031,0,0.0513509649810889,0.4784871471692027
35032,0,0.051201988957968216,0.4773639375779496
35033,1,0.05850743610682259,0.5291704268701314
35034,0,0.05120313336536329,0.47737257679267653
35035,0,0.028227373495053408,0.3268765104517734
35036,0,0.025787499695145908,0.30931355044136016
35037,0,0.024119714193703085,0.29984808016269343
35038,0,0.0519196612924868,0.482748584789453
35039,0,0.026235746998003424,0.31270167958401807
35040,0,0.03176023118620795,0.3530732653381247
35041,0,0.026723201690202276,0.3228357650962547
35042,0,0.02520700525477193,0.30333927481529127
35043,0,0.05760441705355393,0.5231185713456914
35044,0,0.04047244455998021,0.4191822855081833
35045,0,0.019228087335657947,0.24966874812508413
35046,0,0.05193705741587665,0.48287828562847857
35047,0,0.05082110783203738,0.47447922949784815
35048,0,0.05410359761970735,0.49873112538781744
35049,0,0.02564686004100831,0.3059225551474019
35050,0,0.05257755889448865,0.4876267812627839
35051,0,0.051799199563206166,0.48184939051303827
35052,0,0.05234102877269787,0.48587930642074245
35053,0,0.04115671457556154,0.42545059518346057
35054,0,0.051698631707168125,0.48109726996762836
35055,0,0.05123289645247016,0.4775972011124684
35056,0,0.03793511810775438,0.38994849704890705
35057,1,0.027889844834214285,0.33487617542386466
35058,0,0.029662146176023283,0.34158759848717724
35059,0,0.024833221657808706,0.3007217013433714
35060,0,0.03787592755638634,0.3960739710862713
35061,0,0.03979457810123005,0.4128979811375749
35062,0,0.030876981147452052,0.3687449791046945
35063,0,0.031539405502993695,0.3751088965586432
35064,0,0.0785825710820659,0.6066996994219523
35065,0,0.031943248887309414,0.37544856593335924
35066,0,0.03239937447452182,0.38168238265361903
35067,0,0.01912276533715602,0.24956352992410324
35068,0,0.04013350116000273,0.4160493404898036
35069,0,0.025650958864429124,0.30733590418989365
35070,0,0.019306013126438468,0.2505855839764207
35071,0,0.05159594298616653,0.4803279479546479
35072,0,0.051201988957968216,0.4773639375779496
35073,0,0.05119512302173178,0.4773121025741809
35074,0,0.02791158271996217,0.3231241513412568
35075,0,0.03723007045510903,0.3876852459270063
35076,0,0.024060671706232842,0.2963616838227328
35077,0,0.038948016385433895,0.39987590504302567
35078,1,0.05234803991091795,0.48593120685102
35079,0,0.02232752717984984,0.27805971865877593
35080,1,0.01915876793370958,0.2484201365206438
35081,0,0.051577502557647384,0.4801896526600344
35082,0,0.03775576682249396,0.39065206700393457
35083,0,0.051201988957968216,0.4773639375779496
35084,0,0.05120656673273869,0.47739849451806676
35085,0,0.051201988957968216,0.4773639375779496
35086,0,0.051012352390600466,0.47593001958258513
35087,0,0.024932713227807483,0.3017433232343538
35088,0,0.03928911017556969,0.4081634558885478
35089,0,0.02389515008172615,0.2912837880252871
35090,0,0.05073027767769968,0.4737885269696822
35091,0,0.051201988957968216,0.4773639375779496
35092,0,0.037842300097718995,0.39148491830483667
35093,0,0.051201988957968216,0.4773639375779496
35094,0,0.05125580227093534,0.477769995221559
35095,0,0.051258093385535206,0.4777872749257805
35096,0,0.03221727001443724,0.3818333623256124
35097,0,0.05283631431335967,0.4895303143848894
35098,0,0.02348798169471359,0.2867819646350103
35099,0,0.018864583093366524,0.25077002123362885
35100,0,0.01981476691473516,0.2550885235316537
35101,0,0.02582601722450502,0.3084266943887705
35102,0,0.05189531597246318,0.4825670075237047
35103,0,0.06870192481287989,0.55484273969884
35104,0,0.051201988957968216,0.4773639375779496
35105,0,0.05112079785517685,0.47675058825640587
35106,0,0.05201482738446833,0.4834576439622213
35107,0,0.051533731514526,0.4798612135409501
35108,0,0.0520985237649546,0.4840802875239339
35109,0,0.07054204024776159,0.5651323548640403
35110,0,0.051376216837243666,0.47867725062768623
35111,0,0.054101186570593825,0.49871381159896583
35112,0,0.05120885576531856,0.4774157730692832
35113,1,0.0203049421315326,0.26384779843770123
35114,0,0.054688841055931074,0.5029123970308194
35115,0,0.021507733905176844,0.26810112235629263
35116,0,0.05112079785517685,0.47675058825640587
35117,0,0.025569805794724367,0.30712516621543284
35118,1,0.051201988957968216,0.4773639375779496
35119,0,0.05137047674789133,0.4786340447519147
35120,1,0.05212761476509342,0.4842964948642937
35121,0,0.03029588617755217,0.3440467549704914
35122,0,0.05206363481700638,0.4838208465888738
35123,0,0.04286006605190434,0.44072724518566586
35124,0,0.03951021656787997,0.4102395761246033
35125,0,0.02892807108410856,0.33015847868308473
35126,0,0.025758352453113042,0.3073139699128922
35127,0,0.05096675629667993,0.4755845556018238
35128,0,0.06880297648926485,0.5554157041381769
35129,1,0.051321137013822515,0.47826248748319594
35130,0,0.04008180716994868,0.4155698845572156
35131,0,0.053672433653601276,0.495623389057793
35132,0,0.027855394785258298,0.3255804412207385
35133,0,0.05134178539893196,0.47841802018083884
35134,0,0.0413337048863893,0.4270596341501667
35135,0,0.032311051398563,0.37563243311729294
35136,0,0.041123986387342305,0.42000887567623835
35137,0,0.04800448309265906,0.4692255534603653
35138,0,0.05178300375314726,0.48172835397845826
35139,0,0.036105437991929626,0.4090638219683463
35140,0,0.04013713120626277,0.4160829924975045
35141,0,0.029243136090192193,0.3356302554808279
35142,0,0.04013350116000273,0.4160493404898036
35143,0,0.05177953384531405,0.4817024178566784
35144,0,0.03212669258838559,0.389798748729619
35145,0,0.052603380481933054,0.48781711933771194
35146,0,0.051201988957968216,0.4773639375779496
35147,0,0.05318279687598968,0.49206593646466945
35148,0,0.05130737578790973,0.47815880135767314
35149,0,0.05143020333800005,0.4790834013652901
35150,0,0.02312077100255396,0.2858267379057132
35151,0,0.043125634287150896,0.4430672142739695
35152,0,0.05447489714072636,0.5013888030315473
35153,0,0.04215252537549829,0.4344380665623773
35154,0,0.05327777169794076,0.49275833293166904
35155,0,0.028668682126659933,0.32868791907619604
35156,0,0.024728675704105807,0.3013009883942733
35157,0,0.05435611138086147,0.50054042520036
35158,0,0.051201988957968216,0.4773639375779496
35159,0,0.03950217172184273,0.410164176621219
35160,0,0.04013350116000273,0.4160493404898036
35161,0,0.029041981727632237,0.32752823113839863
35162,0,0.06046440789818458,0.5419602400687415
35163,0,0.0517171130812928,0.4812355846601866
35164,0,0.0245860459140385,0.29943134534742344
35165,0,0.0410415965109896,0.4244013342979943
35166,0,0.051201988957968216,0.4773639375779496
35167,1,0.04243112880333477,0.4369240609067376
35168,0,0.05139573767913291,0.47882415298769593
35169,0,0.026083762958830532,0.3148940920814668
35170,0,0.05122831645096081,0.4775626429327465
35171,0,0.02419698950654716,0.295202203345708
35172,0,0.05178184709277792,0.48171970859358476
35173,0,0.05274090571579758,0.4888294298521353
35174,0,0.04040023610001908,0.41851640157239534
35175,0,0.05121801286368646,0.47748488781423987
35176,0,0.02562056949241148,0.30586228301608637
35177,0,0.02877448390729718,0.3299192446110259
35178,0,0.05092006032658208,0.47523047927297823
35179,0,0.04036098464291825,0.41815408300887563
35180,0,0.033113398685750424,0.3820255100341031
35181,0,0.052226639027275416,0.48503164330941717
35182,0,0.026591088911723196,0.31902136712324797
35183,0,0.030201121714686564,0.3461346378975825
35184,0,0.0516259219796712,0.4805526842286874
35185,0,0.038143053286465424,0.3946720473123969
35186,0,0.04240816367017218,0.43671961127600356
35187,0,0.05098043107390244,0.4756881923576873
35188,0,0.04826495436227672,0.4722741912353128
35189,0,0.051235186598481586,0.47761448028277675
35190,0,0.02072848590816407,0.26700230069573766
35191,0,0.025512749134507268,0.3061400901623465
35192,1,0.02535318751860924,0.30251284856995064
35193,0,0.02479673817302993,0.30025587096549045
35194,0,0.05136244164186552,0.4785735570630077
35195,0,0.02574429452033954,0.30902390948409586
35196,0,0.05309864058354901,0.49145146000924156
35197,0,0.051661687690510764,0.48082064929494317
35198,0,0.03221022358105091,0.3796487231598174
35199,0,0.032841143828293784,0.38055518643964
35200,1,0.12417665662117156,0.707652627244448
35201,0,0.035771473242724304,0.4122967061777537
35202,0,0.024871349565896213,0.2993500275057991
35203,0,0.0257606949470157,0.30870871793113464
35204,0,0.02447502925196332,0.29721036952167756
35205,0,0.029445225106433926,0.3321437026202911
35206,0,0.05182813256394909,0.48206553247071554
35207,0,0.05294015278825674,0.49029181575140224
35208,0,0.05157174120193667,0.48014643600204593
35209,0,0.04263658836573317,0.4631247432480139
35210,0,0.05120656673273869,0.47739849451806676
35211,0,0.03141302030924007,0.3709614514804462
35212,0,0.03286936188109587,0.3811820249297014
35213,0,0.1571065359369948,0.757149682029056
35214,0,0.05311877922903897,0.4915985858926433
35215,0,0.042030432329900454,0.4443275087077243
35216,0,0.0299966284584563,0.33669281690840175
35217,0,0.051639763992727176,0.48065641132269027
35218,0,0.0508654433206219,0.47481598255615165
35219,0,0.051500350933255175,0.47961057433016546
35220,0,0.03417057156732531,0.3718321181872852
35221,0,0.026019621791622212,0.3277996848740849
35222,0,0.05194053730162249,0.4829042260736768
35223,0,0.05145664181224083,0.4792821660920979
35224,0,0.029587048365754105,0.33902368397712795
35225,0,0.028545563944345775,0.34926462079916504
35226,1,0.05133260736893778,0.478348894019048
35227,0,0.051657071443950896,0.4807860725340879
35228,0,0.052310657424181166,0.48565440808958227
35229,0,0.05095194587173349,0.47547228482293513
35230,1,0.038270817669742066,0.3980322413874505
35231,0,0.051309669083150586,0.47817608224813657
35232,0,0.025331017326462042,0.3038355790625645
35233,0,0.024714706732698294,0.29924505021235553
35234,0,0.051355555354300524,0.47852171097252527
35235,0,0.04772628998256887,0.47112639084545255
35236,0,0.0513498174484275,0.4784785062505442
35237,0,0.02515509436209196,0.3051070849522962
35238,0,0.05705825591085005,0.5194114741243309
35239,0,0.05182813256394909,0.48206553247071554
35240,0,0.019920818411562027,0.2600358485685187
35241,0,0.06838308421913816,0.5530288239536645
35242,0,0.025487879241154494,0.3074203397941621
35243,0,0.05148999560085851,0.4795327918285139
35244,0,0.04118740286292904,0.4257299475492441
35245,0,0.05115851940327174,0.4770356575010745
35246,0,0.059616240439339475,0.536471137670852
35247,0,0.028811555446930346,0.3502607986714125
35248,0,0.03997318619892533,0.41456102692374136
35249,0,0.025390408350726056,0.3045831908313799
35250,0,0.025031204736760033,0.30710952901151783
35251,0,0.04176195465151874,0.43390836880426614
35252,0,0.029056539941116812,0.32994578905207733
35253,0,0.03449842024223193,0.36344511752081143
35254,0,0.051499200243513545,0.4796019317810973
35255,0,0.05140607508237169,0.478901926309702
35256,0,0.05173213379703564,0.48134796746651304
35257,0,0.03954523837287815,0.41411851220614376
35258,0,0.05083247241806423,0.47456557423520623
35259,1,0.05174831456514299,0.48146899721435626
35260,0,0.037771792321600196,0.3889818776594189
35261,0,0.025544178524044767,0.30707212998511024
35262,0,0.037929644023388435,0.39049729435872454
35263,0,0.05202528247820953,0.48353547163836236
35264,1,0.052869332950826076,0.4897726051721429
35265,0,0.05116766798598161,0.4771047674569898
35266,0,0.05350305016448724,0.4718898349211761
35267,0,0.051238621999079824,0.47764039913868267
35268,1,0.025744385805063472,0.30660232959546385
35269,1,0.04162780205617088,0.42972215385011864
35270,0,0.025630918544934288,0.30789205038765005
35271,0,0.040962863051019344,0.4236824757304044
35272,0,0.05627627218491709,0.5140415757739819
35273,0,0.02466343912152026,0.29857043815282985
35274,0,0.05030993252281434,0.4705781197397911
35275,0,0.02480015627951806,0.30029952506073254
35276,0,0.03880298020574589,0.40357093131694777
35277,0,0.051246638781250346,0.4777008769371447
35278,1,0.11185767923543201,0.6825444719964731
35279,0,0.03932391027525471,0.4257431741834297
35280,0,0.024649613381904835,0.3002671077848593
35281,0,0.051204277796956424,0.4773812160209418
35282,0,0.06628296652390224,0.5774775104020153
35283,0,0.05089274488974848,0.47502322661263235
35284,0,0.051028320140494125,0.4760509374349625
35285,0,0.051275279833289944,0.4779168743992224
35286,0,0.025520140341520548,0.30621391235017636
35287,0,0.02932285747665291,0.3491342825097576
35288,0,0.02531557693760792,0.32179136057686636
35289,0,0.04403329044785108,0.44545432367901755
35290,0,0.03326482134106665,0.3691613984391746
35291,0,0.04000212417699476,0.41482998593638915
35292,0,0.02462784270535592,0.3026660949671511
35293,0,0.05075524064089363,0.47397846027774987
35294,0,0.05669937489066939,0.5169561567448026
35295,0,0.051201988957968216,0.4773639375779496
35296,0,0.041388813075802465,0.42755959900490415
35297,0,0.04886156391311869,0.4929811998392907
35298,0,0.024354181619693133,0.2956362646440697
35299,0,0.05325757616481665,0.4926111962681595
35300,0,0.051290179163830565,0.47802919634843466
35301,0,0.051800356590006195,0.4818580360614697
35302,0,0.02434131106946914,0.2954704446964489
35303,0,0.05121801286368646,0.47748488781423987
35304,0,0.024935025621803827,0.3004245898065109
35305,0,0.07151818200052082,0.5704688986499598
35306,1,0.04214586803644389,0.4343785107536171
35307,0,0.029661822198134524,0.3384651290327271
35308,0,0.05139458920014771,0.4788155115707695
35309,1,0.056016612258199365,0.5122421758769964
35310,0,0.027911850633309504,0.3217472082717826
35311,0,0.05189183895060213,0.48254106828900445
35312,0,0.051463540919192766,0.4793340188412926
35313,0,0.027903494708528626,0.3244504974135665
35314,0,0.05410239208248787,0.4987224684930086
35315,0,0.04960639153465899,0.5894962872708934
35316,0,0.024777528225729373,0.3010728664187951
35317,0,0.05157174120193667,0.48014643600204593
35318,0,0.05120885576531856,0.4774157730692832
35319,0,0.05197418756103658,0.48315498844009214
35320,0,0.02466149380657547,0.29932113847101605
35321,0,0.05244277715805333,0.4866318919006073
35322,0,0.038701496592544384,0.40006999138129457
35323,0,0.03293610569140332,0.38376407267394813
35324,0,0.04013985394741558,0.4161082320166897
35325,0,0.02407475723397686,0.2938981724702871
35326,0,0.04013350116000273,0.4160493404898036
35327,0,0.05166053359230487,0.4808120050874935
35328,0,0.028322950965976583,0.3271480281689521
35329,0,0.05142215939625455,0.47902290906433337
35330,0,0.05123060640329776,0.4775799219957779
35331,0,0.04370686919353672,0.45759067552116117
35332,0,0.01992041676017372,0.25684802917685134
35333,0,0.02804633992320283,0.3261453128026268
35334,0,0.028255110346718255,0.33419440115933313
35335,0,0.03755388984849231,0.39325960829297285
35336,0,0.04030718743868038,0.41765709200572876
35337,0,0.05321245932953909,0.49228230721589455
35338,0,0.027997163375537183,0.32443400230909236
35339,0,0.061863035190135626,0.5508342063832903
35340,0,0.024828993493564457,0.29750819500962083
35341,0,0.03920561426177654,0.4073773907961038
35342,0,0.019541039769277593,0.2516208097819043
35343,0,0.05461338428488743,0.5023756811329663
35344,0,0.04059337257983593,0.420295557693472
35345,0,0.03700071037294088,0.3890881624641031
35346,0,0.03257109024308489,0.37819571942063834
35347,0,0.018843016539265452,0.2473608748982499
35348,0,0.036144648317773254,0.38604282205582685
35349,0,0.023114629654368498,0.2907389513318383
35350,0,0.03401436529448112,0.37079423270406414
35351,0,0.05395670886904801,0.497674991406773
35352,0,0.051988117832758855,0.48325875466672874
35353,0,0.03741629984029825,0.41330467099990276
35354,0,0.05120313336536329,0.47737257679267653
35355,0,0.05214274815110063,0.48440892500957883
35356,0,0.04105179612690154,0.42449438649959786
35357,0,0.022556886909248845,0.28738339613510183
35358,0,0.051201988957968216,0.4773639375779496
35359,0,0.05205665967761875,0.4837689594439087
35360,0,0.050666788020291745,0.47330509472136834
35361,0,0.051988117832758855,0.48325875466672874
35362,0,0.033709303863717954,0.3887494620539936
35363,0,0.05157865490182283,0.48019829602722813
35364,1,0.05134178539893196,0.47841802018083884
35365,0,0.025725680520044588,0.3071943223443243
35366,0,0.041486124153151734,0.42844125277510636
35367,0,0.05263273773328414,0.4880334168902755
35368,0,0.04018525902938361,0.4165289553408837
35369,0,0.0245232598116462,0.29701966431911064
35370,0,0.03206726870248819,0.37710513069692153
35371,0,0.040320858178189874,0.41778342983875505
35372,0,0.04013350116000273,0.4160493404898036
35373,0,0.057701683282863424,0.5237750527298015
35374,0,0.051725200646542506,0.4812960982437817
35375,0,0.04003470339965277,0.4151326255057334
35376,0,0.028408670255028117,0.3293098495320158
35377,0,0.031280158369815465,0.3700297819113875
35378,1,0.030707614180523743,0.3848107286425247
35379,0,0.051201988957968216,0.4773639375779496
35380,0,0.041351443922535244,0.42722062356427765
35381,0,0.06862961411993287,0.5544321679676112
35382,0,0.05318635554624592,0.49209190079947834
35383,0,0.025532483988391634,0.3061194785734735
35384,0,0.024863322975148004,0.3000434081005927
35385,0,0.051238621999079824,0.47764039913868267
35386,0,0.024870177537131163,0.30013068463075476
35387,0,0.03796303412796405,0.41314174722341684
35388,0,0.051201988957968216,0.4773639375779496
35389,0,0.051205422252748094,0.47738985526274025
35390,0,0.058835291549507514,0.5313439861921632
35391,0,0.05159133229465461,0.4802933738475459
35392,1,0.04902245994659719,0.46060118960197677
35393,0,0.05456840038098645,0.5020553802480675
35394,0,0.051290179163830565,0.47802919634843466
35395,0,0.05299805541702466,0.49071585331289963
35396,0,0.05381139562454148,0.4966275347287299
35397,0,0.02535589222088693,0.3036331692139616
35398,0,0.0279052425695724,0.32336451759481677
35399,0,0.051201988957968216,0.4773639375779496
35400,0,0.02459957872206753,0.30040130184726027
35401,0,0.0386168013176432,0.4191758353683717
35402,0,0.0534658173838274,0.4941258950338465
35403,1,0.04632766660982144,0.47549532479174084
35404,0,0.02725112002570493,0.33918895240251373
35405,0,0.05365329307021343,0.4954848887946772
35406,0,0.052041549905251304,0.4836565384985099
35407,0,0.02486310740169918,0.3030241697847204
35408,0,0.05188372675595627,0.4824805437741895
35409,0,0.01922026205265593,0.24957122568418177
35410,0,0.051201988957968216,0.4773639375779496
35411,0,0.024954898213550698,0.30041147390709805
35412,0,0.028151893395308276,0.32457990824201083
35413,0,0.20263059125723887,0.809466409923171
35414,1,0.05364731295849609,0.49544160760356065
35415,0,0.05082906278972932,0.47453967065406466
35416,0,0.04004375769533732,0.4152167034275607
35417,0,0.02626027326505774,0.3119192303522557
35418,0,0.05191386380871613,0.48270535169211554
35419,0,0.024432852670477897,0.29745929065542354
35420,0,0.05117567426551079,0.4771652393876445
35421,0,0.06042962346393868,0.5417367360799461
35422,0,0.04009421987410384,0.4146981221403701
35423,0,0.05176796907337329,0.48161596483030145
35424,0,0.052075262012189476,0.4839073259384588
35425,0,0.05145779160265277,0.4792908081859939
35426,0,0.0410341801321412,0.4243336633351189
35427,0,0.050748209735126025,0.4660503294935702
35428,0,0.05143365110590513,0.47910932682500834
35429,0,0.10981344150852168,0.6797636096570085
35430,0,0.03661552257681124,0.40361862798038506
35431,0,0.052070610839663876,0.4838727340826764
35432,0,0.031177046432286314,0.3691568345697376
35433,0,0.047530708168517156,0.4711434363098436
35434,0,0.05121228949569184,0.47744169099743916
35435,0,0.025000975758122136,0.30126219144572747
35436,0,0.026781350661061375,0.317539212041559
35437,0,0.04139629078297225,0.4276274022665135
35438,0,0.05138540224206621,0.47874638069220643
35439,0,0.05400242073352888,0.49800394938843934
35440,0,0.019746248496292612,0.25360713985240685
35441,0,0.025327468057033283,0.305396570567962
35442,0,0.051201988957968216,0.4773639375779496
35443,0,0.027676162496414976,0.32563711509565363
35444,1,0.02475163565582835,0.30216577705893977
35445,0,0.02429804462628876,0.2967737983906193
35446,0,0.02508743529846185,0.3026255905695284
35447,1,0.1589618313825249,0.762748782238993
35448,0,0.051781805544818156,0.4639758980482593
35449,0,0.037099764576546373,0.4053623177193806
35450,0,0.05166745854721974,0.4808638705043166
35451,0,0.024364805553662407,0.29765596601499333
35452,0,0.024793739352606047,0.2991569205888835
35453,0,0.019203809521609126,0.24955071823879835
35454,1,0.028311974337105493,0.3267606430210938
35455,0,0.05138769883595953,0.4787636633356337
35456,0,0.024368178874258677,0.29581656495028513
35457,0,0.05134178539893196,0.47841802018083884
35458,0,0.05324569981452714,0.4925246458858971
35459,0,0.06889358734142816,0.5559286816363789
35460,0,0.052307154109443345,0.485628458654242
35461,1,0.05155906836145827,0.48005136040119634
35462,0,0.051476191554090237,0.4794290833705113
35463,0,0.05532902523626685,0.5019399135775219
35464,0,0.027813630284794746,0.33029211165403044
35465,0,0.05120656673273869,0.47739849451806676
35466,0,0.038059113227749075,0.3911353548292225
35467,0,0.05181192820185968,0.4819444921423725
35468,0,0.051173386636144305,0.47714796162478523
35469,0,0.027565824794642115,0.3337360944536838
35470,0,0.036039827461606826,0.3882682043236554
35471,0,0.020006340687208087,0.2573742309173174
35472,0,0.024630901533624877,0.3008233008575484
35473,0,0.02892079372527478,0.3319185373530478
35474,0,0.019370695036622546,0.24986695609376455
35475,0,0.0252895210877117,0.30520390574708284
35476,0,0.0525573804568834,0.5232849554452866
35477,0,0.028674726397948658,0.3307129317921044
35478,0,0.05200553563492185,0.4833884644792097
35479,0,0.04981923826358791,0.4668012622666302
35480,0,0.051409521320435206,0.4789278509778363
35481,0,0.032342408108693946,0.3732236417251108
35482,0,0.05129132543579313,0.47803783659054716
35483,0,0.025470215360341393,0.3058738992196001
35484,0,0.05239714272738048,0.4862945182959636
35485,0,0.05138769883595953,0.4787636633356337
35486,0,0.0521415838971004,0.4844002764806893
35487,0,0.02759331421667017,0.3235551735087733
35488,0,0.05403973903464736,0.49827231113998655
35489,0,0.02423950847281099,0.3138966653857124
35490,0,0.0512237368367788,0.47752808496782545
35491,0,0.022499487874520285,0.2908609242079005
35492,0,0.0975535963251809,0.6527778091366808
35493,0,0.051689393361902154,0.48102811370643994
35494,0,0.05182697495064802,0.4820568866630077
35495,0,0.05128788669260181,0.47801191590365555
35496,0,0.052528296377221985,0.48726341858472105
35497,0,0.051698631707168125,0.48109726996762836
35498,0,0.05167438437982521,0.4809157363335599
35499,0,0.051842025830261484,0.48216928299934564
35500,0,0.051201988957968216,0.4773639375779496
35501,0,0.05142330845793371,0.4790315507839906
35502,0,0.04013350116000273,0.4160493404898036
35503,0,0.05353977840846603,0.4946625584742872
35504,1,0.03635737505694219,0.4048720405093914
35505,0,0.03703016256644723,0.3863347594010013
35506,0,0.024783612528445614,0.3145516830213291
35507,0,0.05212412303472816,0.4842705496714725
35508,0,0.051201988957968216,0.4773639375779496
35509,0,0.05173097821094203,0.4813393225681099
35510,1,0.05127757177147315,0.47793415455403104
35511,0,0.03657066670958216,0.4045437902241295
35512,0,0.05136244164186552,0.4785735570630077
35513,0,0.02091424207253467,0.2692949355088384
35514,0,0.02703947502952077,0.32257818368377333
35515,1,0.033264829275974135,0.39027947549034747
35516,0,0.07313376775329833,0.60401774595215
35517,0,0.04275389110857157,0.43978857585401854
35518,0,0.0294983951908016,0.3350179567302832
35519,0,0.051201988957968216,0.4773639375779496
35520,0,0.03287290304896464,0.3850813829710817
35521,0,0.051259238979164415,0.4777959147978306
35522,0,0.051179105890966074,0.4771911561343844
35523,0,0.05432873231428417,0.4809766543579013
35524,0,0.0885898171705325,0.6515170047739441
35525,0,0.020658435003536067,0.2642162548486413
35526,0,0.051887203264005706,0.482506482789126
35527,0,0.04128799044427602,0.426644522308631
35528,0,0.029842353964373982,0.33884632155960104
35529,0,0.019334613689201318,0.25127376435533333
35530,0,0.032232715144830226,0.37987739052888725
35531,0,0.05088591819761145,0.47497141478912513
35532,0,0.05750858157166836,0.5224706495472564
35533,1,0.024898555713952004,0.3015741019834746
35534,0,0.0259202081344824,0.3107001183596071
35535,0,0.0299602712095468,0.36346024239679725
35536,0,0.025086714679827784,0.3021023043769691
35537,0,0.05256230631139092,0.4875143104470519
35538,0,0.07052042004513334,0.5650132103755734
35539,0,0.026373200879312473,0.337672328719873
35540,0,0.05476317663409756,0.5034404496768444
35541,0,0.03799733933143762,0.3908451328238205
35542,0,0.026479996338174484,0.3168479184734152
35543,0,0.0701369109836295,0.5628928982788096
35544,0,0.040318123674989964,0.41775816140837685
35545,0,0.03635135688490062,0.40233526230012884
35546,0,0.051902270676873696,0.48261888627482163
35547,0,0.030447337704244192,0.3460407023650731
35548,0,0.031811733409940784,0.37721919378745167
35549,0,0.051681311090218944,0.4809676025741086
35550,1,0.0512729879920124,0.47789959429726947
35551,0,0.1236430044840567,0.7064175088370463
35552,0,0.032840763538012324,0.38445153346732547
35553,1,0.04071648674061489,0.42142652758499577
35554,0,0.05142790494750039,0.4790661177880615
35555,0,0.028561297080109644,0.3274360655244294
35556,0,0.040681045016755304,0.4156642096545009
35557,0,0.05124434815098973,0.47768359749936495
35558,0,0.03456666279349113,0.382801920851376
35559,1,0.028812349901208345,0.3478508958336499
35560,0,0.02462276384229963,0.3006997594330325
35561,0,0.028154030736370805,0.32488213494291585
35562,0,0.05261747003198042,0.48792094159853794
35563,0,0.0513509649810889,0.4784871471692027
35564,0,0.03242798229900887,0.38018980967342
35565,0,0.07211645687152178,0.573698631771726
35566,1,0.0158150656320761,0.23407140985871364
35567,0,0.052679741522623,0.4883795022621896
35568,0,0.033058613443711665,0.36906096074199307
35569,0,0.0255928839946033,0.30712688547166567
35570,0,0.02904877599763513,0.33013569190680464
35571,0,0.05179572862939553,0.48182345393297105
35572,0,0.024667764439639295,0.29915530738046
35573,0,0.051201988957968216,0.4773639375779496
35574,0,0.01921953286107263,0.2512710283287749
35575,0,0.0514646908554,0.4793426610094798
35576,0,0.039990365702884084,0.4147207152056763
35577,0,0.051201988957968216,0.4773639375779496
35578,0,0.04301495204347115,0.442093337429894
35579,1,0.051536034377617355,0.4798784993788901
35580,0,0.051201988957968216,0.4773639375779496
35581,0,0.052280302726673694,0.48542951556776975
35582,0,0.05215206306752251,0.48447811357644405
35583,0,0.05058753172092395,0.47270087489617707
35584,0,0.053919444637928304,0.49740663242588173
35585,0,0.04013350116000273,0.4160493404898036
35586,0,0.05116194994042171,0.47706157363164137
35587,0,0.024161972995874026,0.29474851725154877
35588,0,0.051850131861394776,0.48222980485161776
35589,0,0.051201988957968216,0.4773639375779496
35590,0,0.06905090795675776,0.5568175596370256
35591,0,0.05173560070175207,0.48137390222870446
35592,0,0.05149114609609814,0.47954143427976453
35593,1,0.036141663480607156,0.38149725743414
35594,1,0.05166515013139844,0.4808465819861628
35595,0,0.028742144219008017,0.34644138019595033
35596,0,0.051201988957968216,0.4773639375779496
35597,0,0.051201988957968216,0.4773639375779496
35598,0,0.05308206122830964,0.49133029862774924
35599,0,0.051201988957968216,0.4773639375779496
35600,0,0.050537773565612586,0.4723211203920118
35601,0,0.02671263849300258,0.3175197516823412
35602,0,0.05261981863681634,0.48793824541024483
35603,0,0.040360072253134725,0.41814565804495524
35604,0,0.051414116644429984,0.47896241737854817
35605,0,0.06550578959218585,0.572942407642676
35606,0,0.04026074013099063,0.4172276243001186
35607,0,0.05123175141577931,0.4775885615474183
35608,0,0.051201988957968216,0.4773639375779496
35609,0,0.07372161683475788,0.5822124874153745
35610,0,0.040310832534985894,0.4176907810385412
35611,0,0.052103177293738555,0.4841148803000258
35612,0,0.05335981602333899,0.49335554729593395
35613,0,0.02505040603334115,0.30188943912179245
35614,0,0.05152452103523956,0.4797920706717818
35615,0,0.05179804256083802,0.48184074497547463
35616,0,0.03187159947872936,0.38037451338082817
35617,0,0.05143365110590513,0.47910932682500834
35618,0,0.02440941610560785,0.3001055350546637
35619,0,0.03911398787396247,0.42807231094715775
35620,0,0.026102126829248538,0.30969545805447024
35621,0,0.02876835143729886,0.3295687114804461
35622,0,0.03231002965033294,0.38169242611270865
35623,0,0.041739192803674725,0.42775112953096445
35624,0,0.05139573767913291,0.47882415298769593
35625,0,0.05168246562729862,0.4809762469874433
35626,0,0.03056894398503331,0.3663642956761831
35627,0,0.051356703008247184,0.4785303519555023
35628,0,0.024518254494194095,0.2959200781902235
35629,0,0.02434318191178085,0.29684867351988525
35630,0,0.05156828468062722,0.48012050614982316
35631,0,0.051201988957968216,0.4773639375779496
35632,0,0.02946443135237284,0.36145464170197233
35633,0,0.051777220695546904,0.4816851271635939
35634,0,0.041276802448022246,0.4265428779944687
35635,0,0.0526574097817958,0.48821511030104936
35636,0,0.051259238979164415,0.4777959147978306
35637,1,0.026771944220466946,0.3218006787673167
35638,0,0.024951611008780458,0.30143283636962276
35639,0,0.040356422891574865,0.41811195866691925
35640,0,0.051201988957968216,0.4773639375779496
35641,0,0.03724165812423969,0.38597867082113496
35642,0,0.04019443377675653,0.41180564795819896
35643,0,0.07661662531697153,0.5970250032140024
35644,0,0.051902270676873696,0.48261888627482163
35645,0,0.043488982916792644,0.44576882617119135
35646,0,0.023845132408935037,0.2940677276806615
35647,0,0.052392464394632125,0.486259916575915
35648,0,0.031728274749337,0.3727102873023272
35649,1,0.053586351723248146,0.49500014347010435
35650,0,0.051612083475033925,0.480448958811111
35651,0,0.05508083674765549,0.5001912192118356
35652,0,0.03999850583210748,0.41479636328015834
35653,0,0.024462274172353214,0.2973102097065009
35654,0,0.02565827379313769,0.30783695316100046
35655,0,0.05192661908082383,0.48280046484711214
35656,0,0.035248141525819766,0.4088901350758658
35657,0,0.05573699925277735,0.5102953537539097
35658,0,0.04013350116000273,0.4160493404898036
35659,0,0.06371773568621959,0.5385431754227487
35660,0,0.05193821735330552,0.4828869324332983
35661,0,0.02462395364337147,0.2991233961321855
35662,0,0.05538101085741532,0.5078029736987973
35663,0,0.030368296704102203,0.3658479103631777
35664,0,0.02238707018249552,0.2770355071514316
35665,0,0.05127986380656563,0.47795143476165425
35666,0,0.051201988957968216,0.4773639375779496
35667,0,0.05209038103469786,0.48401975053306445
35668,0,0.05172866711196985,0.4813220328048256
35669,0,0.0514014804381739,0.4788673602623204
35670,0,0.024922739389848625,0.30294858669902225
35671,0,0.025579789877130468,0.3123834576971229
35672,0,0.0512833020409171,0.4779773551720263
35673,0,0.028415955653988217,0.33393587230587907
35674,0,0.022553381856289405,0.27800049729033904
35675,0,0.06862961411993287,0.5544321679676112
35676,0,0.02428114052756046,0.29495748235181224
35677,0,0.040135316143808754,0.41606616639584637
35678,0,0.039835103557909896,0.41327577304974966
35679,0,0.05251891798492396,0.4871942081605412
35680,0,0.051201988957968216,0.4773639375779496
35681,0,0.051454342304309404,0.47926488194151035
35682,0,0.04320161498973802,0.43884879999541
35683,0,0.04315322593748389,0.4403141572286237
35684,0,0.051316549550645754,0.4782279252327887
35685,0,0.051234041513370764,0.47760584069092293
35686,0,0.05142445754389742,0.4790401925161971
35687,0,0.05132343089087569,0.47827976868646777
35688,1,0.05120656673273869,0.47739849451806676
35689,0,0.05105456314004518,0.4762495942813905
35690,0,0.020958762336547504,0.27115265575072955
35691,0,0.05199856785230285,0.48333658028463583
35692,0,0.05349801436036204,0.49435960171520316
35693,0,0.02407970275727284,0.2942061001006405
35694,0,0.052334018521644134,0.4858274062949961
35695,0,0.024986143217616424,0.3037391653763453
35696,0,0.05088933143534457,0.4749973206335917
35697,0,0.029867534153245102,0.33636197396713247
35698,0,0.05206363481700638,0.4838208465888738
35699,0,0.051454342304309404,0.47926488194151035
35700,0,0.051201988957968216,0.4773639375779496
35701,0,0.051481942814856095,0.4794722950130591
35702,0,0.028630220889173878,0.32909584090648747
35703,0,0.05120656673273869,0.47739849451806676
35704,0,0.05154524680317,0.47994764321200334
35705,0,0.024850580574591018,0.2996159466519685
35706,0,0.06910241179718751,0.5571080757542572
35707,0,0.028871668392374504,0.3310682732744653
35708,0,0.028708622532579612,0.3316686695932911
35709,0,0.05178416043794217,0.48173699937427183
35710,0,0.051499200243513545,0.4796019317810973
35711,0,0.02429398005461316,0.2951231350118734
35712,0,0.028893690601952134,0.33218403389025986
35713,0,0.050720068906311554,0.47371082916311746
35714,0,0.051604012633892166,0.48038845309525274
35715,0,0.020651333190554868,0.26680843010586724
35716,0,0.02357753603291091,0.2921361591821202
35717,0,0.025091038250791044,0.3256647140786746
35718,0,0.03777607341588699,0.3890230292625516
35719,0,0.025207979922068777,0.3030846627753693
35720,0,0.07232638817516272,0.5748246073713491
35721,0,0.028104003193369923,0.3245693141552561
35722,0,0.04144960687450838,0.42811057905806804
35723,0,0.037391369257712415,0.38985431873894905
35724,0,0.06265243809290796,0.5557468079737377
35725,0,0.019646757636597276,0.2531303111793005
35726,0,0.025548863618646906,0.31759161589730683
35727,0,0.05101577365322055,0.47595593031387323
35728,0,0.05180729926390128,0.4819099095799912
35729,0,0.06865069745297586,0.5545519257551463
35730,0,0.05733518167388541,0.5212955599478977
35731,0,0.051541791961107246,0.47992171418442225
35732,1,0.02930862639433861,0.3544814824805566
35733,0,0.0512867404933347,0.4780032757009995
35734,0,0.039961435876940093,0.4144517768619427
35735,0,0.02503049693788697,0.3016556988011545
35736,0,0.039271978716701385,0.4038328783384709
35737,0,0.05122831645096081,0.4775626429327465
35738,1,0.05217419229660641,0.4846424388025822
35739,0,0.0722221414023959,0.5742659488331164
35740,0,0.051201988957968216,0.4773639375779496
35741,0,0.04779060850013223,0.4700482277016394
35742,0,0.027841145002358972,0.3239861911728562
35743,0,0.026365726779924308,0.3146376299519675
35744,0,0.02172154640745845,0.275093323592518
35745,0,0.024283373013373317,0.2949862876250006
35746,1,0.052723255319610335,0.4886996411576887
35747,0,0.06862359141221423,0.5543979502953787
35748,0,0.03264367688544235,0.3786941938253641
35749,0,0.05106940178811042,0.47636188191440065
35750,0,0.024431721895324464,0.2968982747364693
35751,0,0.0294836700768386,0.33735158934663834
35752,0,0.051201988957968216,0.4773639375779496
35753,0,0.050699657197100685,0.4735554373731793
35754,0,0.036656242820059456,0.40821187560266725
35755,0,0.052195165013992774,0.4847981183963894
35756,0,0.023901295827009932,0.2903907240769312
35757,0,0.0512729879920124,0.47789959429726947
35758,0,0.051201988957968216,0.4773639375779496
35759,0,0.055385690401847855,0.5023381260117461
35760,0,0.06960262720043818,0.5599171997139332
35761,0,0.028800726967606948,0.33274415111561495
35762,0,0.05149229661564892,0.47955007674326044
35763,0,0.036460585990288515,0.3846642911202953
35764,0,0.0295037756915994,0.33895645463426277
35765,0,0.051404926384906686,0.47889328477890375
35766,0,0.05149804957808624,0.47959328924423816
35767,0,0.032538657192006486,0.3616131629445734
35768,0,0.031896393995593644,0.37551843462876006
35769,0,0.05140837255013549,0.47891920940917354
35770,0,0.02528786076041138,0.3022250854438381
35771,0,0.05340147827173127,0.49365848947429125
35772,0,0.024723389090527903,0.29852423698285685
35773,0,0.06867932014397607,0.5547144440471651
35774,0,0.048997417843488905,0.4568452632266208
35775,0,0.05306311937724292,0.4911918297254116
35776,0,0.056788895746856846,0.5175700674920657
35777,0,0.02428000337974294,0.2962768199076952
35778,0,0.051824659797373704,0.4820395950798288
35779,0,0.051360146115639375,0.47855627498150205
35780,0,0.051201988957968216,0.4773639375779496
35781,0,0.03175657875457052,0.37397654429510546
35782,0,0.03739483649046042,0.3874651517454737
35783,0,0.05554761313290647,0.5089713327011764
35784,0,0.04436324454753486,0.46050318255198863
35785,0,0.05097815170328206,0.47567091941938844
35786,1,0.051584416987891485,0.48024151304089424
35787,0,0.025081741759408433,0.3015068596063891
35788,0,0.023183238317139303,0.2874459044533982
35789,0,0.02802689412468122,0.32365902925082557
35790,0,0.11321353186457266,0.6871244549774751
35791,1,0.05479610964846853,0.5036741755167191
35792,0,0.051201988957968216,0.4773639375779496
35793,0,0.05171249215224014,0.48120100571660007
35794,0,0.07058220830407327,0.5653536032284652
35795,0,0.03274523164076153,0.3801031010250066
35796,0,0.03094402416825033,0.3668036505442154
35797,0,0.042506019326482666,0.44965253608861955
35798,0,0.05135785068645223,0.4785389929513275
35799,0,0.023911040094015748,0.2936008704123351
35800,0,0.05504762646252291,0.5247559364496006
35801,0,0.06904939367606805,0.5568090144559629
35802,0,0.051201988957968216,0.4773639375779496
35803,0,0.019142251776885638,0.2501199224741671
35804,0,0.051466990800717274,0.47935994538294063
35805,1,0.12252001326490543,0.7034991672767622
35806,0,0.05100779104482684,0.4758954721424569
35807,0,0.05131081576713066,0.47818472271296003
35808,0,0.051201988957968216,0.4773639375779496
35809,0,0.024283373013373317,0.2949862876250006
35810,0,0.05162938215399044,0.4805786158453713
35811,0,0.027059057976317726,0.3195313099883799
35812,0,0.051201988957968216,0.4773639375779496
35813,0,0.11552265159340273,0.6929601680619693
35814,1,0.040684295601856074,0.4211310449449745
35815,0,0.05123976718103598,0.4776490387840823
35816,0,0.04727973776511349,0.4659185745854959
35817,0,0.034976890530620246,0.3768943511114328
35818,0,0.052095033876131694,0.484054343041963
35819,0,0.05158211208042393,0.48022422619990895
35820,1,0.051201988957968216,0.4773639375779496
35821,1,0.05153948885472133,0.47990442822611823
35822,0,0.05186287233110777,0.48232491167220454
35823,0,0.05231416096060402,0.4856803576022662
35824,0,0.027627938487612805,0.33028765210178057
35825,0,0.021483411179184706,0.26977171967640995
35826,0,0.05120313336536329,0.47737257679267653
35827,0,0.0402298037512565,0.4169413822021455
35828,0,0.054093709479781045,0.4931622013767456
35829,0,0.051485393863002736,0.4794982221460667
35830,0,0.033347070182039175,0.390292311897452
35831,0,0.051610930424655796,0.48044031510226437
35832,0,0.03814583080502701,0.3964521369068905
35833,0,0.024297889050644596,0.29517356177199777
35834,0,0.05294487729384893,0.4903264305471405
35835,0,0.05117224285774087,0.47713932276386134
35836,1,0.08547605857214755,0.6204913730623379
35837,0,0.04092401285145472,0.4233273940332244
35838,0,0.023838015174824156,0.2974883507281639
35839,0,0.024420688042493668,0.2981136686559346
35840,0,0.024537708333457843,0.29773309289746425
35841,0,0.05122488170401392,0.47753672443890005
35842,0,0.01864254122013292,0.24532425749890308
35843,0,0.052019473847616016,0.48349223394166024
35844,0,0.04150111450310059,0.42857693229376526
35845,1,0.05231416096060402,0.4856803576022662
35846,0,0.05130508258962502,0.47814152051948866
35847,0,0.05269973013505612,0.4885265919381689
35848,0,0.05186518909806718,0.4823422039591921
35849,0,0.03060853553670124,0.36129890021450695
35850,0,0.05127757177147315,0.47793415455403104
35851,0,0.07165595806729275,0.5712154172327538
35852,0,0.04013259369759175,0.41604092761014944
35853,0,0.05134522756033433,0.47844394270475293
35854,1,0.051414116644429984,0.47896241737854817
35855,0,0.03290430019146454,0.38215944387562234
35856,0,0.028024717911430217,0.3261666389478009
35857,0,0.05156137229521461,0.48006864676681005
35858,0,0.06870343203579884,0.5548512924825899
35859,0,0.06316068316471757,0.5588736146278634
35860,0,0.0384075599494469,0.39566541770197106
35861,1,0.04012533470606159,0.4159736263343416
35862,0,0.03686028222917562,0.38497124330789756
35863,0,0.03910201178388709,0.401628905511667
35864,0,0.025899889311616468,0.30719150532351797
35865,0,0.025504744366886437,0.3068641443563904
35866,0,0.023970190883685207,0.2917371773480579
35867,0,0.025482475237106825,0.3073903257207369
35868,0,0.04021434410328912,0.4167982821331601
35869,0,0.05144974358000371,0.4792303137892992
35870,0,0.05897212256723692,0.5203546077455887
35871,0,0.02511133981241608,0.3007986837831252
35872,0,0.025241822071167295,0.30726424063065133
35873,0,0.028220307830565304,0.3247060618484132
35874,0,0.037063043351630603,0.38272593720281484
35875,1,0.0699834346706214,0.562040715529551
35876,0,0.03215322393136037,0.37596234406049933
35877,0,0.05161669592013693,0.4804835337634832
35878,0,0.036659944903556126,0.4204389204413216
35879,0,0.052261631185597214,0.48529112309661454
35880,0,0.05252595163085792,0.4872461159327856
35881,0,0.05114022688028063,0.4768974402297773
35882,0,0.05099410932302619,0.47579183120752644
35883,0,0.03016992313766872,0.34260275055761563
35884,0,0.03995420655499107,0.41438455023625814
35885,0,0.037560853588690914,0.38847152845730115
35886,0,0.03739483649046042,0.3874651517454737
35887,0,0.17993436824959447,0.7886332162687326
35888,0,0.024950624455657894,0.30303778889008354
35889,0,0.03944319734407231,0.40883430408699434
35890,0,0.05120656673273869,0.47739849451806676
35891,0,0.05127986380656563,0.47795143476165425
35892,0,0.05179804256083802,0.48184074497547463
35893,0,0.025278887560590293,0.30480164288753775
35894,0,0.051201988957968216,0.4773639375779496
35895,0,0.02500230577659668,0.30154510669036755
35896,0,0.029298251819663116,0.3600619936090002
35897,0,0.0518524480903495,0.48224709690525197
35898,0,0.051121940545659474,0.47675922649675667
35899,0,0.051327601698447446,0.4726103770466151
35900,0,0.051201988957968216,0.4773639375779496
35901,0,0.05212528692029043,0.48427919805966524
35902,0,0.052110158323445094,0.48416676974948597
35903,0,0.02567100624666248,0.30622409716947563
35904,0,0.04138129923806783,0.44315619916762594
35905,0,0.03211520669632177,0.3794004135837748
35906,0,0.051509557326558354,0.47967971516162217
35907,0,0.0519683843224611,0.4831117529405475
35908,0,0.05040343240593338,0.4712942187667402
35909,0,0.027562902411139543,0.33631332560148364
35910,0,0.03109248121663509,0.3742418076856613
35911,0,0.050780215230572,0.47416840111625724
35912,0,0.024053145178144213,0.2938610778286272
35913,0,0.051763343848372736,0.48158138392766064
35914,0,0.05139688618239186,0.4788327944172953
35915,0,0.04128146376051593,0.42658522903843066
35916,0,0.05536745660194499,0.507707770148605
35917,0,0.03143278473980673,0.37204844464987513
35918,0,0.05148999560085851,0.4795327918285139
35919,0,0.05028517697350036,0.47038833054219
35920,0,0.024067552350953536,0.29865758286296556
35921,0,0.028374211634032077,0.3277504781716901
35922,0,0.05183392099711158,0.4821087616702306
35923,0,0.05167207567142949,0.48089844767805645
35924,0,0.029991391697178703,0.3405395409096224
35925,0,0.051201988957968216,0.4773639375779496
35926,0,0.02404651024845755,0.2937748591810934
35927,0,0.04086580368491952,0.4227949200619691
35928,0,0.0518362365414917,0.48212605342506243
35929,0,0.051201988957968216,0.4773639375779496
35930,0,0.05179572862939553,0.48182345393297105
35931,0,0.051205422252748094,0.47738985526274025
35932,0,0.023977879452065608,0.2926209403574976
35933,0,0.051824659797373704,0.4820395950798288
35934,0,0.028149470815780273,0.3276448094963628
35935,0,0.05492044362950853,0.4990571597652434
35936,0,0.051201988957968216,0.4773639375779496
35937,0,0.02972108042318142,0.3618211766972216
35938,0,0.022580599647303804,0.2882252220977585
35939,0,0.07124180444731762,0.5689664104863617
35940,0,0.051201988957968216,0.4773639375779496
35941,0,0.055381566524129636,0.5011900157822416
35942,0,0.04103325317498848,0.424325204664178
35943,0,0.024359161323363132,0.2955446378414517
35944,0,0.019468081646400678,0.2498551869734675
35945,0,0.05126611304957773,0.47784775430895754
35946,0,0.03663129341947851,0.38212528948907454
35947,0,0.024469784503139403,0.2993144414762847
35948,0,0.024502604000068717,0.2975649049877312
35949,0,0.018428342665131055,0.2537935152668888
35950,0,0.05121457877028156,0.4774589696837041
35951,0,0.050851892368842085,0.4687465132159916
35952,0,0.05171133698097295,0.4811923610088277
35953,0,0.028053603197552755,0.3312299335131136
35954,0,0.07345342838467715,0.58080519709227
35955,0,0.027878528633845063,0.32639179974751736
35956,1,0.02433463357247925,0.31324389438715494
35957,1,0.02647594837464431,0.31942682791670596
35958,0,0.06880448576532718,0.5554242547341784
35959,0,0.03270769324200869,0.38152171216151076
35960,0,0.051496898936972804,0.4795846467195933
35961,0,0.033194633764243774,0.38439914365633787
35962,0,0.05122030238030851,0.4775021666352959
35963,0,0.02431162830569738,0.2972133913324756
35964,0,0.02546848325842818,0.3044936509674285
35965,1,0.025169212380096076,0.3045021580768872
35966,0,0.0514014804381739,0.4788673602623204
35967,0,0.02405222944012544,0.29519892154219046
35968,1,0.019189394162957892,0.2484286997169195
35969,0,0.04028805586301095,0.4174802371980096
35970,0,0.05238427826185177,0.48619936388294344
35971,0,0.06875167934303217,0.5551249643809494
35972,0,0.03217643099470393,0.3774272355713287
35973,0,0.027408687099441015,0.322165303366528
35974,0,0.024093371033039993,0.2941212442470261
35975,0,0.051201988957968216,0.4773639375779496
35976,0,0.025827241347112055,0.3081915872030208
35977,0,0.02587644988282582,0.30961393380224306
35978,0,0.04151519256624655,0.44057270884797173
35979,0,0.05267503936034582,0.48834489321817776
35980,0,0.034203661925075624,0.37515412856607355
35981,0,0.05162246202462814,0.48052675271677997
35982,0,0.03744177066478463,0.3882198904486398
35983,0,0.02431312802245193,0.2969689588384196
35984,0,0.030168560967255377,0.340558083619276
35985,0,0.05327539537780126,0.4927410226703578
35986,0,0.026911052157589585,0.3185934238528423
35987,0,0.023672992535805737,0.29259199975327604
35988,0,0.024056267662745764,0.2949701087593403
35989,0,0.05302762060270189,0.49093220419289024
35990,0,0.03986333596953944,0.4115136600223413
35991,0,0.051104802725611416,0.47662965435426674
35992,0,0.03140486662101584,0.3741808272126441
35993,0,0.050797250028353225,0.474297910522956
35994,0,0.052091544208236605,0.4840283986459455
35995,0,0.05126496731062111,0.47783911435726845
35996,0,0.05169401233940957,0.4810626917463347
35997,0,0.051772594689088354,0.4816505459090561
35998,0,0.02841277543476144,0.3488099324205716
35999,0,0.05136129386662234,0.478564916015841
36000,0,0.05074048839404463,0.4738662260456548
36001,0,0.1553722025060182,0.7549645211098052
36002,0,0.051205422252748094,0.47738985526274025
36003,0,0.04041941870310863,0.41869337982775223
36004,0,0.07107365204316016,0.5680490121078153
36005,1,0.05307850914512656,0.4913043356065931
36006,0,0.02452625576491113,0.2973219936281577
36007,0,0.018888761319494612,0.24994458989735147
36008,0,0.03653325586608166,0.38749337739950585
36009,0,0.05132228394022664,0.4782711280783305
36010,0,0.05179341479567516,0.4818061629340004
36011,0,0.05141641445211124,0.4789797006544683
36012,0,0.05155791643108705,0.4800427172362983
36013,0,0.05091095363973186,0.47516139410126296
36014,0,0.05195910041461563,0.4830425766674556
36015,0,0.03186474364469521,0.381170100365667
36016,0,0.026741529502196246,0.32004980677493056
36017,0,0.03202299279404465,0.374517347496625
36018,0,0.031263878300528535,0.3490658262838201
36019,0,0.0353242569445151,0.3973280420452346
36020,0,0.025668447591977624,0.32636522393443623
36021,0,0.05284220907025091,0.4895735802394058
36022,0,0.05196374217256843,0.48307716472292683
36023,0,0.04134677504898794,0.42717825643280943
36024,0,0.038559183103909093,0.39801441205291355
36025,0,0.04019525474947537,0.4166215308143435
36026,0,0.028356648616468548,0.32837951252970904
36027,0,0.037312589734742406,0.41790728460602483
36028,0,0.04033635705261944,0.41792662576033784
36029,0,0.01858572619647892,0.24351359638728343
36030,0,0.04018071630761417,0.4164868775258386
36031,0,0.03066637582458567,0.366290558349148
36032,0,0.051201988957968216,0.4773639375779496
36033,0,0.06389695175003318,0.5419019017872503
36034,0,0.029909631675877214,0.36165850457811854
36035,0,0.04019889014738134,0.4166551960811633
36036,0,0.025055461805294936,0.30009271750780436
36037,0,0.03573854462620428,0.3840869598712022
36038,0,0.04013713120626277,0.4160829924975045
36039,0,0.05179804256083802,0.48184074497547463
36040,0,0.023164905452849396,0.2898183232543412
36041,0,0.040261650369458585,0.41723604403089204
36042,0,0.06036411907455636,0.5413154714359658
36043,0,0.0512729879920124,0.47789959429726947
36044,0,0.04013350116000273,0.4160493404898036
36045,0,0.02038717675412387,0.2623118841445727
36046,0,0.03395967971633292,0.3965991162527316
36047,0,0.031485539154156736,0.3715043095595812
36048,1,0.051201988957968216,0.4773639375779496
36049,0,0.032795461190648474,0.3875263140631324
36050,0,0.051083102623504614,0.4764655341584932
36051,0,0.05186866443194022,0.4823681424689607
36052,0,0.039751394507287235,0.41249511612895284
36053,0,0.025862765614428695,0.31025386291402823
36054,0,0.051201988957968216,0.4773639375779496
36055,0,0.04338429022586055,0.44327233314066994
36056,0,0.04070452718577731,0.4213167703093049
36057,0,0.019786732829107357,0.254445526786639
36058,0,0.05138769883595953,0.4787636633356337
36059,0,0.05897109843083951,0.5322406688319395
36060,0,0.053332454676675106,0.49315647365007365
36061,0,0.0340416738141969,0.37505444715349107
36062,0,0.04025163883059891,0.4171434296477545
36063,0,0.03450409975203503,0.3984124161279922
36064,0,0.05131310920781241,0.47820200368176474
36065,0,0.04014620769836127,0.41616712593873295
36066,0,0.028056371054820943,0.3262445250794988
36067,0,0.029303927638244662,0.33552619642447085
36068,0,0.017763059647193727,0.24832934880925464
36069,0,0.04137666455809779,0.4274494245097773
36070,0,0.05257521207117616,0.4876094779785279
36071,0,0.057935237337569966,0.5253468147191624
36072,0,0.02410757253407564,0.29483063076368465
36073,0,0.04114429658341793,0.4236047437127676
36074,0,0.05212877872433507,0.4843051432807189
36075,0,0.05206247223243957,0.48381219870712455
36076,0,0.06296165047681622,0.5576524805053287
36077,0,0.05142905413060681,0.479074759570414
36078,0,0.04025254887192943,0.41715184889566387
36079,0,0.03771595001112157,0.3939591292941449
36080,0,0.051969544921178265,0.4831204000202498
36081,0,0.03751913672570158,0.38744729036764386
36082,0,0.05246853621806947,0.48682221060977604
36083,0,0.02562469659645646,0.30822375810949143
36084,0,0.03138719090985158,0.37155479847620254
36085,0,0.1285573917453987,0.7157514456278367
36086,0,0.12474112105192903,0.7107862562567624
36087,1,0.01878532163764759,0.24458441301774214
36088,0,0.04206836566935691,0.4468985176383243
36089,0,0.04021066659448914,0.42437598073085975
36090,0,0.051201988957968216,0.4773639375779496
36091,0,0.024830016754947688,0.30069959756551456
36092,0,0.05166284181309468,0.4808292935138746
36093,0,0.023869655620209526,0.29764177826203314
36094,0,0.051210000317908747,0.4774244123651627
36095,0,0.050741623038156214,0.4738748593545145
36096,0,0.03185711706360893,0.3738541182985514
36097,0,0.019605987618945265,0.2518271077736898
36098,0,0.022045841774464957,0.27494603302602705
36099,0,0.051510708235149284,0.4796883578203408
36100,1,0.03826280623412001,0.39458788841561976
36101,0,0.04063559541175977,0.4206837073954955
36102,0,0.05137047674789133,0.4786340447519147
36103,0,0.0517899442283156,0.4817802265172587
36104,0,0.05244628905356829,0.48665784422482977
36105,0,0.05154409516481729,0.4799390001907998
36106,0,0.05138310574525155,0.4787290980996567
36107,0,0.051201988957968216,0.4773639375779496
36108,0,0.030067989186940144,0.34197656765473994
36109,0,0.024458814625744042,0.29964651557262045
36110,1,0.02940413740843519,0.3363777546221247
36111,0,0.05164899395093837,0.4807255636456381
36112,0,0.05120313336536329,0.47737257679267653
36113,0,0.1027832124918007,0.6673060710924119
36114,0,0.029491032188665375,0.3371137441399524
36115,0,0.0398269953032255,0.4132002064842039
36116,0,0.051450893224636605,0.4792389558087186
36117,0,0.02791593462551146,0.3371448353857063
36118,0,0.0514014804381739,0.4788673602623204
36119,0,0.025666773215695063,0.31511831554428166
36120,0,0.028644292575600076,0.3730979686447623
36121,0,0.05186055566197555,0.4823076194275521
36122,0,0.03362641340335452,0.36673174611597936
36123,0,0.032451791572984764,0.3705434375602782
36124,0,0.05265505959238962,0.488197806031765
36125,0,0.05582260732966851,0.5108924151436792
36126,0,0.05139229231499669,0.4787982287749564
36127,0,0.05171018183410325,0.4811837163123154
36128,0,0.021880140217201444,0.2867433788629934
36129,0,0.026708679921394095,0.31503179737595854
36130,0,0.03031427726286062,0.34509032313939797
36131,0,0.023777923784022072,0.28956659555403874
36132,0,0.05880008196370226,0.5311111602487819
36133,0,0.02469122076852546,0.29892590594114465
36134,0,0.20139224318621657,0.8085355271018811
36135,0,0.05172751159909042,0.4813133879399549
36136,0,0.04004828557901507,0.4152587442401237
36137,0,0.05196142124460137,0.4830598706749019
36138,0,0.025216723759165536,0.3015959991072041
36139,0,0.053073773383235726,0.4912697183180415
36140,0,0.05123976718103598,0.4776490387840823
36141,0,0.023920360120726812,0.2945095154822066
36142,0,0.02774906859236323,0.32176670499466226
36143,0,0.05155906836145827,0.48005136040119634
36144,0,0.040351861634138016,0.4180698355194251
36145,0,0.028003565747361354,0.3239365588029561
36146,0,0.05121228949569184,0.47744169099743916
36147,0,0.026360249676329318,0.32002420314026014
36148,0,0.02544916601455415,0.3050542598915203
36149,0,0.05710425777721523,0.5617057396887617
36150,0,0.051201988957968216,0.4773639375779496
36151,0,0.03129090342710352,0.3779419625820787
36152,0,0.051201988957968216,0.4773639375779496
36153,0,0.02417456764536547,0.2941056197889718
36154,0,0.051404926384906686,0.47889328477890375
36155,0,0.055198905968153425,0.5065220085753946
36156,0,0.04995210426725357,0.4678270366410521
36157,0,0.05207991357735213,0.48394191794845326
36158,0,0.05215555656656995,0.48450405944256214
36159,0,0.024464101671392624,0.29784322098329796
36160,0,0.04013350116000273,0.4160493404898036
36161,1,0.05660369673470115,0.5162989561728789
36162,0,0.024214054298578737,0.2946162964656895
36163,0,0.051358998388916145,0.4785476339599959
36164,0,0.026021472042907556,0.3122138123421742
36165,1,0.10576998656158236,0.6676398418671974
36166,0,0.05111965518885988,0.4767419500299639
36167,0,0.05169401233940957,0.4810626917463347
36168,0,0.05124892950837165,0.4777181564282952
36169,0,0.053353866777934675,0.49331227023498897
36170,0,0.024723959443799185,0.3015253188437939
36171,1,0.10693069527481337,0.6732071354040239
36172,0,0.03448815964228753,0.37483120859911817
36173,1,0.050982710540964545,0.47570546535415215
36174,0,0.04064405486401522,0.4369671156576524
36175,0,0.025466096767387775,0.3117545940457755
36176,0,0.05139573767913291,0.47882415298769593
36177,0,0.03891175668597294,0.4028943700348492
36178,0,0.03298586124507647,0.38550335068062735
36179,0,0.0258709516811311,0.3323129831118556
36180,0,0.01981521807999291,0.25459817654868944
36181,0,0.02416901119248028,0.2940337349956758
36182,0,0.028005498328616762,0.3245326749528689
36183,0,0.04505642630099782,0.4597443203739103
36184,0,0.05096219880900534,0.47555001048339934
36185,0,0.0374524211143075,0.3913495668163629
36186,0,0.040322681279028064,0.4178002756988125
36187,0,0.04047427422570713,0.41919914716123025
36188,0,0.05087340484613357,0.4748764278463462
36189,0,0.030861224905801312,0.3664466675939689
36190,0,0.053077325167259784,0.49129568127662454
36191,0,0.025881043457197633,0.30859187216654077
36192,0,0.050234576550084994,0.47000015209387513
36193,0,0.025513541995884244,0.3050586155290756
36194,0,0.14534361724433723,0.7462794179020202
36195,0,0.03151991316954808,0.35712843186345516
36196,0,0.02820367895603585,0.32687500357169064
36197,0,0.04017254064832272,0.4164111405255337
36198,0,0.021281672856653572,0.2749577226146705
36199,0,0.05162938215399044,0.4805786158453713
36200,0,0.02393158573104928,0.29280308210252737
36201,0,0.05181887234191223,0.48199636631016907
36202,0,0.043141424875178726,0.452046794427764
36203,0,0.026049960203966015,0.3174757638369782
36204,0,0.020108240847806345,0.26185637817241175
36205,0,0.029418931590134485,0.3365478333302394
36206,0,0.02898067575087008,0.3343777365739628
36207,0,0.03120836908847206,0.36951172676095123
36208,0,0.05141871235691986,0.4789969839807095
36209,0,0.03687854027965295,0.3939394896946292
36210,0,0.06946698097491942,0.5591576555737324
36211,0,0.0524521427064564,0.48670109825833463
36212,0,0.031337712038359694,0.37426579280352096
36213,0,0.05261512152614906,0.48790363781578183
36214,0,0.051336048948306165,0.47837481623268807
36215,0,0.0231673473878561,0.2911530048349867
36216,0,0.05172173440074137,0.48127016378352067
36217,0,0.051234041513370764,0.47760584069092293
36218,0,0.05397835730744427,0.4978308133751487
36219,0,0.024154724924017445,0.295442941599678
36220,0,0.05159248493100577,0.4803020173566394
36221,0,0.041757687199649014,0.4308936026898771
36222,0,0.033350415491751224,0.38820479166598865
36223,0,0.021355221824915203,0.2680219483297263
36224,0,0.051887203264005706,0.482506482789126
36225,0,0.06862961411993287,0.5544321679676112
36226,0,0.025471961428284375,0.30534063273526885
36227,0,0.051720579034278,0.4812615189858539
36228,0,0.038771402476170544,0.39942068779621503
36229,0,0.051873298552866584,0.48240272729643874
36230,0,0.051201988957968216,0.4773639375779496
36231,0,0.10914390499945555,0.6831156974402882
36232,0,0.05120313336536329,0.47737257679267653
36233,1,0.06797302898456997,0.5506823372310391
36234,0,0.02214027249443659,0.2787797471435915
36235,0,0.03028307405919601,0.3636483700320306
36236,0,0.037436128530738626,0.38694446989520115
36237,0,0.051201988957968216,0.4773639375779496
36238,0,0.05131884323374707,0.4782452063319558
36239,1,0.05040568744417018,0.4713114756347893
36240,0,0.03867490735814207,0.4023546224144477
36241,0,0.05167900208921632,0.4809503137816273
36242,0,0.05308206122830964,0.49133029862774924
36243,0,0.06586065567523387,0.5559081465867727
36244,0,0.03139631585283128,0.3738092133258324
36245,0,0.024751410773049685,0.3015926606349881
36246,0,0.06903122470575618,0.5567064696622789
36247,0,0.05225346436779669,0.4852305770985175
36248,0,0.02765490680679261,0.3225953525138954
36249,0,0.030038794534827416,0.3399624198899748
36250,0,0.05190806693686399,0.48266211885369
36251,0,0.05131769638007489,0.4782365657758605
36252,0,0.05198463493403103,0.4832328129743721
36253,0,0.02431109053836724,0.29586999418073934
36254,0,0.024264353572751824,0.29686489617730727
36255,0,0.05323026429582043,0.49241213105960924
36256,0,0.04003741948234044,0.41515784836362624
36257,0,0.051260384597013715,0.4778045546831666
36258,0,0.024185684288724037,0.2942494201265299
36259,0,0.0377798533647023,0.39427497645301557
36260,0,0.05137851304284388,0.4786945330673555
36261,1,0.050775673531090255,0.47413386586069595
36262,0,0.028077610286507577,0.32566322297924805
36263,0,0.026074356567135158,0.31643337007855454
36264,0,0.032487988061290135,0.37332104956400297
36265,0,0.03536814940658985,0.3990139502614424
36266,0,0.051308522423410406,0.47816744179637266
36267,0,0.052953146136468565,0.49038700666268836
36268,0,0.024165832668693935,0.2955871220058308
36269,0,0.03532827081757967,0.397369502386537
36270,0,0.0255882534339012,0.30601352339830623
36271,0,0.027581376769114662,0.33809313782442457
36272,1,0.0401661829041829,0.4163522366975765
36273,0,0.02403372828801487,0.2970641086669947
36274,0,0.024393954319721023,0.29614848405824606
36275,0,0.01975462538632191,0.2532493899772774
36276,0,0.039481377690251826,0.4057935284715971
36277,0,0.051201988957968216,0.4773639375779496
36278,0,0.04058144765722688,0.4201858810530669
36279,0,0.05108538643416116,0.47648280972984974
36280,0,0.026508262548144763,0.32405723366992967
36281,0,0.0506803866116987,0.4734086831635111
36282,0,0.03355526739351779,0.4240139924233654
36283,0,0.04011989128804995,0.41592315243345085
36284,0,0.05187098144348345,0.48238543486160457
36285,0,0.05165937951847658,0.48080336089153103
36286,0,0.05231883268736576,0.4857149570725818
36287,1,0.05282806269681916,0.489469742452231
36288,0,0.029759586064474784,0.3410204795324861
36289,0,0.025917453107702843,0.3101248903268283
36290,0,0.023865845198787164,0.29142394984431014
36291,0,0.024026993914129085,0.2932592771320208
36292,0,0.028019778923316002,0.3258108182273175
36293,0,0.05172635611061477,0.4813047430862718
36294,0,0.05129476439707897,0.4780637573957152
36295,0,0.051415265536129906,0.47897105901021547
36296,0,0.0505016149244,0.47204495539040103
36297,1,0.04042159922749377,0.42508261766941324
36298,0,0.027252922276508246,0.32138850593444485
36299,0,0.051204277796956424,0.4773812160209418
36300,0,0.05911348398793285,0.5277005874823189
36301,0,0.0523305137287739,0.48580145634667143
36302,0,0.033052299518968584,0.3656596304851518
36303,0,0.05121457877028156,0.4774589696837041
36304,0,0.04013350116000273,0.4160493404898036
36305,0,0.05137506877084288,0.4786686094269901
36306,0,0.02542093093369347,0.3057901254777995
36307,0,0.051201988957968216,0.4773639375779496
36308,0,0.027965759757857346,0.32348929058952824
36309,0,0.05110594507781548,0.47663829239942523
36310,0,0.05131769638007489,0.4782365657758605
36311,0,0.04032997447208728,0.41786766105668166
36312,0,0.052890569504627706,0.4899283660800127
36313,0,0.05204038778676844,0.48364789080185144
36314,0,0.021736454974921392,0.2730184184853609
36315,0,0.051201988957968216,0.4773639375779496
36316,0,0.02609053793080953,0.32926331942502957
36317,0,0.025072154894059874,0.30030368039980954
36318,0,0.024285782183106994,0.29528021085379214
36319,0,0.052371416780227144,0.48610421047032243
36320,0,0.04087688503052198,0.42289632988520487
36321,0,0.05155330895297124,0.48000814469622
36322,0,0.02551012281119207,0.3077005738292356
36323,0,0.02461377170874382,0.298992738431366
36324,0,0.05273266816996174,0.48876886160623434
36325,0,0.019159245720603672,0.2486965078756822
36326,0,0.05361622651176274,0.49521654652567815
36327,0,0.05160631846672016,0.4804057403840188
36328,0,0.02486718209926989,0.30464201772713
36329,0,0.05210085048024698,0.4840975838929308
36330,0,0.023565019950280087,0.29705136725675907
36331,0,0.025551246078497538,0.30635489884445694
36332,0,0.04043678190909373,0.41885352104629325
36333,0,0.052077587745689345,0.4839246219242002
36334,0,0.03751759874036108,0.4177261132396914
36335,0,0.02195191857349293,0.3017843323133237
36336,0,0.051939377315220636,0.4828955792483661
36337,0,0.030889206400911067,0.3670801279276219
36338,0,0.051297057159105784,0.4780810379981345
36339,0,0.020601265782669406,0.2643727626523809
36340,0,0.03218107495545914,0.37839086873557576
36341,0,0.05199972908812874,0.48334522762547993
36342,0,0.05117109910352329,0.4771306839166146
36343,0,0.03056208521721358,0.3657986767171582
36344,0,0.027965759757857346,0.32348929058952824
36345,0,0.02613672195144592,0.31768139179551735
36346,0,0.02517320706850715,0.30671684223898227
36347,0,0.040663154696473504,0.4209369013807207
36348,0,0.03311780772908703,0.38476146421976365
36349,0,0.03252455531431549,0.3788735437439169
36350,0,0.04301204301955766,0.442067715071163
36351,0,0.03968670333432962,0.41189103847181385
36352,0,0.023037438343958522,0.2904686461931158
36353,0,0.03544192799310883,0.3973100209147522
36354,0,0.051371624717232396,0.4786426859015168
36355,0,0.0216338405848007,0.27084260651000575
36356,0,0.04298393214022848,0.44182004818955195
36357,0,0.051815400161913966,0.4819704291776913
36358,0,0.0518443417169067,0.48218657490383177
36359,0,0.051201988957968216,0.4773639375779496
36360,0,0.05282806269681916,0.489469742452231
36361,0,0.05127757177147315,0.47793415455403104
36362,0,0.051733289407534876,0.4813566123760833
36363,0,0.04554741920398,0.4630305806074975
36364,0,0.02310830133801104,0.28880159898092056
36365,0,0.05142560665414613,0.47904883426094796
36366,0,0.024435830046349756,0.2972149985099518
36367,0,0.05165822546902538,0.4807947167070608
36368,0,0.03609159741654537,0.38189285113682664
36369,0,0.051918501746776466,0.4827399381493035
36370,0,0.05229547799455138,0.4855419610968249
36371,0,0.051923140076493665,0.4827745247718643
36372,0,0.018724071869680725,0.2537462574005776
36373,0,0.039655292703359955,0.4115974853486519
36374,0,0.02398612190200338,0.29351345160816483
36375,0,0.0249900918856453,0.3027783817805557
36376,0,0.05279271240629219,0.48921015197951534
36377,0,0.05177490764347288,0.4816678365143726
36378,0,0.05072347161402143,0.4737367282906961
36379,0,0.051201988957968216,0.4773639375779496
36380,0,0.051788787421386206,0.4817715810668226
36381,0,0.05092802994211694,0.47529092957605057
36382,0,0.0278781995771294,0.3247430266072953
36383,0,0.03554954867762043,0.4067287288349767
36384,0,0.05330867296375736,0.4929833678936566
36385,0,0.0278538667391197,0.3249684040476703
36386,0,0.051201988957968216,0.4773639375779496
36387,0,0.05169054806969456,0.48103675819938946
36388,0,0.051687084019483596,0.4810108247546204
36389,0,0.05246268083696171,0.48677895602016835
36390,0,0.051250074908256144,0.47772679619387154
36391,0,0.05187213998594482,0.4823940810737505
36392,0,0.024352856392845984,0.29614562896632163
36393,0,0.05219633039850713,0.484806767349495
36394,0,0.037727252521441136,0.3894544480062548
36395,0,0.05120313336536329,0.47737257679267653
36396,0,0.051630535594160316,0.48058725974085886
36397,1,0.052107831215333994,0.4841494732283448
36398,0,0.050936000738051206,0.4753513806032428
36399,0,0.05148654426100218,0.47950686454828484
36400,0,0.0323997371124578,0.36188321948498947
36401,0,0.04149174492722945,0.42849213133494096
36402,0,0.12409160926270149,0.710542840925681
36403,0,0.03282937231500603,0.3816186413406168
36404,0,0.051201988957968216,0.4773639375779496
36405,0,0.019936537374857392,0.25585799470684384
36406,0,0.02369117419054372,0.2928498354550786
36407,0,0.0688920762554576,0.5559201329852551
36408,0,0.01976716997337361,0.2565666763272306
36409,0,0.05152797478252756,0.47981799915714385
36410,0,0.05278328943518906,0.48914092883050886
36411,0,0.02382119904862073,0.29455944974599096
36412,0,0.03441957277930402,0.40146576822576463
36413,0,0.02575392315075431,0.3123125041134467
36414,0,0.05226046442350599,0.4852824736418406
36415,0,0.040351861634138016,0.4180698355194251
36416,0,0.051201988957968216,0.4773639375779496
36417,0,0.025146520042594177,0.3025931280428634
36418,0,0.05249899415246947,0.487047137642882
36419,1,0.051630535594160316,0.48058725974085886
36420,0,0.02972643435481069,0.33841463082419576
36421,0,0.051201988957968216,0.4773639375779496
36422,0,0.05152221865866959,0.4797747850753438
36423,0,0.040929560719550916,0.4233781151502519
36424,0,0.04038014939311607,0.4183310182755149
36425,0,0.040280769932250646,0.4174128695182714
36426,0,0.026471773244716102,0.3139992060270034
36427,0,0.051840867923612054,0.48216063706311496
36428,0,0.05145664181224083,0.4792821660920979
36429,0,0.051412967777011,0.4789537757594715
36430,0,0.023659625898689158,0.28925216299671597
36431,0,0.050606768881568294,0.47284760671224463
36432,0,0.05200205163331188,0.48336252233708543
36433,0,0.040317212213403716,0.4177497386941916
36434,0,0.05167784762529242,0.4809416694024908
36435,0,0.10175015616632642,0.7007120551521848
36436,0,0.024406967055240626,0.3009036055770668
36437,0,0.05173906782613134,0.4813998370912607
36438,0,0.025893448703217557,0.30980667677755136
36439,0,0.020304849981981683,0.25579438514574104
36440,0,0.02544111239505414,0.3068308376909373
36441,0,0.04020888911604965,0.4167477795719054
36442,0,0.05174022358307384,0.4814084820677253
36443,1,0.03626218309947394,0.4057137612176025
36444,0,0.025075609989169672,0.30034733846251016
36445,0,0.036287306373487926,0.3880760126935536
36446,0,0.06907817026716147,0.5569713671415663
36447,0,0.0515567645250532,0.4800340740833466
36448,0,0.056045269142306856,0.5124411644349014
36449,0,0.027106526200050825,0.3210108258011865
36450,0,0.053991590940307685,0.49792603812073866
36451,0,0.05118940207356554,0.4772689071109543
36452,1,0.05135440772461183,0.4785130700024017
36453,0,0.03959561016397406,0.41581839540909526
36454,0,0.04237756197060537,0.4364470452290634
36455,0,0.027204446910826012,0.32575762768460603
36456,0,0.05482417841248087,0.503873274043665
36457,0,0.025655699641134653,0.30658888238720544
36458,0,0.03579856435494324,0.4135169931205867
36459,0,0.051259238979164415,0.4777959147978306
36460,0,0.019441799901704096,0.2508810586780021
36461,0,0.02400929506599155,0.29381512465516196
36462,0,0.05153718584565596,0.4798871423159288
36463,0,0.050575087835667484,0.4726059332913202
36464,0,0.055946896599691945,0.5117576658971817
36465,1,0.0526350869817389,0.4880507208891524
36466,0,0.031771688240642255,0.37408280565587904
36467,0,0.051201988957968216,0.4773639375779496
36468,0,0.051201988957968216,0.4773639375779496
36469,0,0.05152221865866959,0.4797747850753438
36470,0,0.02501416288126012,0.32113923400093525
36471,0,0.05182697495064802,0.4820568866630077
36472,0,0.03091292201584512,0.3673298493780228
36473,0,0.044636659689620106,0.45616850804956044
36474,0,0.05218001725252335,0.48468568283652197
36475,0,0.052746790421073705,0.4888726930858418
36476,0,0.028375571083265834,0.3286613304358482
36477,0,0.03280458296310413,0.3840339843509303
36478,0,0.040246178996545916,0.41709291517500985
36479,0,0.0509132301669371,0.4751786653051642
36480,0,0.03018383606601012,0.3627898127493974
36481,0,0.052845746222443785,0.4895995398271372
36482,0,0.051201988957968216,0.4773639375779496
36483,0,0.024924364292814333,0.30030790067975605
36484,0,0.03154567145661948,0.37277136862019405
36485,0,0.04068153749568707,0.4211057204868957
36486,0,0.023991637342404126,0.29358526210048314
36487,0,0.04996663936522286,0.4679391126626857
36488,0,0.05147159098297574,0.47939451427806296
36489,0,0.053587546413221665,0.49500879955689897
36490,0,0.024791821272683968,0.2996625028719923
36491,0,0.031163569710004915,0.371444122024401
36492,0,0.029789547003422005,0.3650280714711042
36493,0,0.047121027694639474,0.46907499823601023
36494,0,0.053914638118184983,0.4973720055661713
36495,0,0.05244863044066679,0.48667514581428745
36496,0,0.05312233385596317,0.4916245494356251
36497,0,0.05154294355079653,0.47993035718160443
36498,0,0.051617849092312554,0.4804921775307969
36499,0,0.024714273415068235,0.2992019999390391
36500,0,0.051201988957968216,0.4773639375779496
36501,0,0.042961589870470926,0.45022028027533467
36502,0,0.023321257203916243,0.29084447966079574
36503,0,0.024292834555795055,0.2958974243178367
36504,0,0.025540906311280098,0.3056885947548237
36505,0,0.020266387037593536,0.26517016803487375
36506,0,0.036686230373117634,0.38115304051015847
36507,0,0.04081627175816393,0.4203040303513536
36508,0,0.051201988957968216,0.4773639375779496
36509,0,0.051282155938570974,0.4779687150220509
36510,0,0.02396605324283929,0.29510703184607073
36511,0,0.025930621989666724,0.3149427188931496
36512,0,0.05448217767997687,0.501440744321291
36513,0,0.051201988957968216,0.4773639375779496
36514,1,0.06086145630880699,0.5360000452229849
36515,0,0.05139803470992498,0.4788414358595626
36516,1,0.05028180211072731,0.47036245085926637
36517,0,0.023368543694339734,0.2930972659016201
36518,0,0.051201988957968216,0.4773639375779496
36519,0,0.05824716152183306,0.5274359571010501
36520,0,0.05208805476125711,0.48400245433602085
36521,0,0.051204277796956424,0.4773812160209418
36522,0,0.051380809345511994,0.47871181555802605
36523,0,0.038499236009368575,0.42327559861008446
36524,0,0.05192429972012275,0.4827831714533054
36525,0,0.051824659797373704,0.4820395950798288
36526,0,0.040911070625407144,0.42320905104617434
36527,0,0.0298748568438384,0.33978255729912277
36528,0,0.0539759515210064,0.49781349980174544
36529,0,0.05218824939055626,0.5164060791171747
36530,0,0.03058015716361165,0.37225167257426967
36531,0,0.05088591819761145,0.47497141478912513
36532,0,0.05127642579026811,0.4779255144700223
36533,0,0.04022252791363481,0.4168740392485941
36534,0,0.03284335488216097,0.3634058842140611
36535,0,0.05287169217028211,0.48978991184216975
36536,1,0.06020264785740173,0.540274953905524
36537,0,0.033773212342683594,0.36768439597393515
36538,1,0.024552553281555308,0.30117986212973136
36539,0,0.025340264683412984,0.3055581972568834
36540,0,0.05253181368214262,0.4872893726198451
36541,0,0.027322737596409564,0.32081525718069814
36542,0,0.02374498799241472,0.2922124508686367
36543,0,0.05127757177147315,0.47793415455403104
36544,0,0.04035003726944621,0.4180529865950069
36545,0,0.05142445754389742,0.4790401925161971
36546,0,0.052195165013992774,0.4847981183963894
36547,0,0.031729428884340174,0.37481421116923314
36548,0,0.04015528615712444,0.4162512642648038
36549,0,0.052012504299993545,0.4834403490319231
36550,0,0.025382647123458568,0.3042180349077656
36551,0,0.03839672393672664,0.3986084459695816
36552,0,0.04033635705261944,0.41792662576033784
36553,0,0.05118596979498132,0.4772429899961782
36554,0,0.05144399572125406,0.47918710387876745
36555,0,0.02475084770992058,0.2991395288293125
36556,0,0.024687903446880877,0.3039947392239717
36557,1,0.05158672199275004,0.48025879992918963
36558,0,0.04265277673386587,0.4388929747790879
36559,1,0.028030711640819023,0.32453444601227677
36560,0,0.02531376306999743,0.30898726937015736
36561,0,0.11089529121874198,0.6813624330649306
36562,1,0.01927393298952344,0.25060879272224723
36563,0,0.028081458681247555,0.3251344087620457
36564,0,0.07042166279500406,0.5644684544137607
36565,0,0.05107625177114084,0.4764137077824756
36566,0,0.02489439325191241,0.2999081258153614
36567,0,0.05168362018876447,0.48098489141216694
36568,0,0.06863262565740019,0.5544492766102614
36569,0,0.05317923843046838,0.492039972172661
36570,0,0.035343014273687634,0.402047804398574
36571,0,0.03738089216308321,0.4111826064655389
36572,0,0.15699256547489318,0.7611092981645664
36573,0,0.052530641222451845,0.4872807212671813
36574,0,0.05139458920014771,0.4788155115707695
36575,1,0.05331105068464148,0.4930006783942761
36576,0,0.05170671653987447,0.48115778229038997
36577,0,0.053105747517712264,0.49150338662384774
36578,0,0.05116538069520844,0.4770874898857208
36579,0,0.05249782238469237,0.48703848650555753
36580,0,0.019597964994945052,0.25315892816390245
36581,0,0.024479285563870197,0.29803878663769723
36582,0,0.051302789488292776,0.47812423973362445
36583,1,0.04028532349103303,0.41745497395703135
36584,0,0.023996776731668334,0.2939143012832195
36585,0,0.037650045896125243,0.3893112262414374
36586,0,0.08591156591795439,0.6736956353694903
36587,0,0.05389997725781734,0.49176874966980694
36588,0,0.05121572344388003,0.47746760904706936
36589,0,0.025172026836307884,0.3050353858653073
36590,0,0.02430794970063067,0.31397593705897453
36591,0,0.051251220332357156,0.47773543597277524
36592,0,0.027846779100006932,0.32911366443824214
36593,0,0.05144284622238395,0.4791784619340102
36594,0,0.05306311937724292,0.4911918297254116
36595,1,0.040135316143808754,0.41606616639584637
36596,0,0.03504674278313098,0.41488426725233274
36597,0,0.03976308562641133,0.41260421385351587
36598,0,0.053217206770878614,0.49231692680650263
36599,1,0.04003741948234044,0.41515784836362624
36600,0,0.046385459732621315,0.4617590477262738
36601,1,0.05197418756103658,0.48315498844009214
36602,0,0.02245351771395583,0.2880392292487779
36603,0,0.05127413390053819,0.4779082343416365
36604,0,0.051533731514526,0.4798612135409501
36605,0,0.05165937951847658,0.48080336089153103
36606,0,0.028604999866901692,0.36058731200076993
36607,0,0.02560012836473618,0.3080441113433532
36608,0,0.05123060640329776,0.4775799219957779
36609,1,0.031382261796340745,0.3703407877622471
36610,0,0.0414262145401172,0.42789864247663534
36611,0,0.051458941417362805,0.4792994502922848
36612,0,0.05122144717492652,0.47751080606601815
36613,0,0.05169401233940957,0.4810626917463347
36614,0,0.01882456148762818,0.24658464261610552
36615,0,0.05294487729384893,0.4903264305471405
36616,0,0.03943389446575309,0.4061228339023594
36617,1,0.040278038033672636,0.4173876074329417
36618,0,0.025023773040509692,0.3012855014071449
36619,0,0.054533167135374816,0.5018043324160286
36620,0,0.049587166049891857,0.4823577293941269
36621,0,0.030764366604978412,0.36563348845696464
36622,0,0.05130508258962502,0.47814152051948866
36623,0,0.03816635046577846,0.39580107076146387
36624,0,0.05122488170401392,0.47753672443890005
36625,0,0.05131999011166281,0.47825384690106937
36626,0,0.05139573767913291,0.47882415298769593
36627,0,0.11015193182281514,0.6841543704459286
36628,0,0.02954285273366453,0.3411075196333448
36629,0,0.052910633644872716,0.4900754754003124
36630,0,0.051210000317908747,0.4774244123651627
36631,0,0.024233542688270476,0.29486822841357246
36632,0,0.06931942045066719,0.5583295224477641
36633,0,0.053302729099376354,0.492940091715803
36634,0,0.024958316012553956,0.3018031366018918
36635,0,0.05330510657007462,0.4929574021742852
36636,0,0.051842025830261484,0.48216928299934564
36637,0,0.04016799930412691,0.41636906611904256
36638,0,0.051718268374554184,0.4812442294241817
36639,0,0.024553710718902222,0.30039764736177865
36640,0,0.04803771554873521,0.47297690819290816
36641,0,0.05194053730162249,0.4829042260736768
36642,0,0.03973611109259268,0.4123524628435961
36643,0,0.056719537020499,0.5170945073624769
36644,0,0.051213434120885644,0.4774503303338255
36645,0,0.051235186598481586,0.47761448028277675
36646,0,0.033251942366640655,0.3657111973627973
36647,0,0.02485568376650693,0.3029291038827551
36648,0,0.025262739024970407,0.3133821836319402
36649,0,0.040046474366672115,0.41524192776702634
36650,0,0.021554227255543304,0.26848994646881436
36651,0,0.0405612746615497,0.42000029238979736
36652,0,0.05294015278825674,0.49029181575140224
36653,0,0.051147085851103766,0.4769492712930042
36654,1,0.04024162967684387,0.4170508211103544
36655,0,0.051309669083150586,0.47817608224813657
36656,0,0.021716085357652532,0.2729895685172773
36657,0,0.02304754351703856,0.2927668187522426
36658,0,0.026761090578586083,0.319818156130606
36659,0,0.06862961411993287,0.5544321679676112
36660,0,0.06871398345381417,0.5549111610588444
36661,0,0.051200844574770754,0.4773552983767661
36662,0,0.037892976084405734,0.44219535113106445
36663,0,0.025133789007419357,0.3032322357193169
36664,0,0.052738552007284265,0.4888121246054736
36665,0,0.023795415088455917,0.2916549862846387
36666,0,0.05164322504427311,0.4806823433570881
36667,0,0.051205422252748094,0.47738985526274025
36668,0,0.026299303944628566,0.311877315443653
36669,0,0.051260384597013715,0.4778045546831666
36670,1,0.02384479867861307,0.2916714509042503
36671,0,0.02486010634517497,0.29947207329362885
36672,0,0.05139229231499669,0.4787982287749564
36673,0,0.06938023497032131,0.5586710602239701
36674,0,0.024048904186690936,0.2946115952085311
36675,0,0.039828797000877755,0.41321699870113987
36676,0,0.025219553832743637,0.3056956669903349
36677,0,0.05137047674789133,0.4786340447519147
36678,1,0.030912698898712152,0.3670337352789507
36679,0,0.03153917504326756,0.37147574200172645
36680,0,0.027953006187577782,0.32365399294250385
36681,0,0.052122959173724816,0.4842619012927008
36682,0,0.05225813097315935,0.48526517475874653
36683,0,0.051355555354300524,0.47852171097252527
36684,0,0.05814387215162443,0.5267454342207021
36685,0,0.028224592757220574,0.32531078298330984
36686,0,0.03536252399676913,0.39895582501252314
36687,0,0.04013622366520457,0.41607457942222587
36688,0,0.05134522756033433,0.47844394270475293
36689,0,0.05378381587712762,0.4964284344606813
36690,0,0.05160516553812822,0.48039709673376846
36691,0,0.06913575676038099,0.5572960359675136
36692,1,0.05179804256083802,0.48184074497547463
36693,0,0.038287445007023,0.40006524487956435
36694,0,0.051934737614475895,0.4828609920496035
36695,0,0.02525432932031173,0.3036701205953454
36696,0,0.02420836987671292,0.30044065508048484
36697,0,0.050599978504790775,0.47279581847553526
36698,0,0.02364632878469502,0.29224092425013426
36699,0,0.05148424348931222,0.47948957975611955
36700,0,0.025911124912495847,0.3119987094693213
36701,0,0.01985735493590086,0.2552032356631612
36702,0,0.04037558556683477,0.41828888892315846
36703,0,0.05167323001343608,0.48090709200009296
36704,0,0.0517598751860113,0.48155544836645336
36705,0,0.18852194807349032,0.7951164885035276
36706,0,0.050661122960020295,0.47326193354822876
36707,0,0.05130622917664808,0.4781501609320435
36708,0,0.0240177303120106,0.29551920810436516
36709,0,0.037644071707422046,0.38925359895137135
36710,0,0.05720799514272211,0.5204313723643406
36711,0,0.041642841375079356,0.4298579339345216
36712,0,0.02813160014279654,0.3691006967003661
36713,0,0.03249944372833137,0.38246912947719697
36714,1,0.031791809801806264,0.3680251782017571
36715,0,0.05092347573156817,0.47525638645694274
36716,0,0.05148424348931222,0.47948957975611955
36717,0,0.051563676326325796,0.4800859331801466
36718,0,0.02378197638496563,0.29243593551381647
36719,0,0.051201988957968216,0.4773639375779496
36720,0,0.02525223919336549,0.3042161457654675
36721,0,0.044709043871384704,0.4567870858569721
36722,0,0.0514267557886803,0.47905747601823784
36723,0,0.051303936026840066,0.47813288012001387
36724,0,0.03192859400625127,0.3825473395047218
36725,0,0.05192082086267614,0.482757231439933
36726,1,0.024349839014469056,0.2985196609515602
36727,0,0.052696202212480336,0.48850063479142175
36728,0,0.02515982558075571,0.30896885198383406
36729,0,0.05150725558233121,0.4796624298806784
36730,0,0.050874542303190384,0.4748850629479421
36731,1,0.050850660758734914,0.47470372897643015
36732,0,0.022719587005365513,0.28956099237020316
36733,0,0.024701964328977605,0.299309486440574
36734,0,0.04054477662710064,0.41984846394233927
36735,0,0.05134866994002179,0.4784698653447648
36736,0,0.03608209522697663,0.40203901707588424
36737,0,0.024035476772896042,0.2923044174936241
36738,0,0.030207481124678526,0.3504274633285779
36739,0,0.03146844651662988,0.3727668525103743
36740,0,0.05147159098297574,0.47939451427806296
36741,0,0.039801779737421335,0.4129651366619329
36742,0,0.0496674852072515,0.460302208278248
36743,0,0.05120885576531856,0.4774157730692832
36744,0,0.02403932442241561,0.2936814723201052
36745,0,0.041807096891940655,0.4425997778693151
36746,0,0.051201988957968216,0.4773639375779496
36747,0,0.023528228207157248,0.29094482845734126
36748,0,0.0511665243285032,0.4770961286645038
36749,0,0.05211248552976996,0.4841840663085599
36750,0,0.023744269279945628,0.2919417898258366
36751,0,0.05139688618239186,0.4788327944172953
36752,1,0.11747165908397818,0.6972906965797429
36753,0,0.025283220537181874,0.3069310875210924
36754,0,0.025337813545007765,0.3036539468725472
36755,0,0.05793652304910246,0.525355449415511
36756,1,0.12344123548692647,0.7074205771539112
36757,0,0.04054294390893226,0.4198315950507339
36758,0,0.05120313336536329,0.47737257679267653
36759,0,0.02755561472006433,0.32337938500445834
36760,0,0.16087989448687964,0.7642247697168426
36761,0,0.05183739435035108,0.4821346993185348
36762,0,0.05170671653987447,0.48115778229038997
36763,0,0.025919854403981122,0.3087857251969615
36764,0,0.05168362018876447,0.48098489141216694
36765,0,0.05489990951499151,0.5044099681242967
36766,0,0.07155886309792261,0.5706894944813292
36767,1,0.05263978577574804,0.48808532897278467
36768,0,0.05131884323374707,0.4782452063319558
36769,0,0.05146124111967891,0.47931673454203017
36770,0,0.05129591076597511,0.47807239769036436
36771,0,0.029458222357017644,0.33199188649591954
36772,0,0.052962597735220954,0.49045623685460116
36773,0,0.03381709686756063,0.39110707591108285
36774,0,0.03383980570232625,0.40544602816571623
36775,0,0.038281199742813785,0.3965169877114658
36776,0,0.05107396834687625,0.47639643243662444
36777,0,0.07015842248460406,0.5630121743609977
36778,0,0.052804493353931815,0.4892966814973989
36779,0,0.05106711865360202,0.4763446067381105
36780,0,0.03277391670721283,0.3642062984583489
36781,0,0.04029443208809381,0.4175391864445038
36782,0,0.051201988957968216,0.4773639375779496
36783,0,0.0517425351701857,0.48142577205404236
36784,0,0.02463575030277708,0.30166476059533764
36785,1,0.051496898936972804,0.4795846467195933
36786,0,0.0194059058869005,0.2503607827899114
36787,0,0.024240061827914463,0.2982086915802381
36788,0,0.02458534719006562,0.29945988562141523
36789,0,0.019393499972564468,0.25041799239596735
36790,0,0.030443693325872496,0.34282126209394514
36791,0,0.05614630104474741,0.5131419184063346
36792,1,0.05542169236777115,0.5080885809262133
36793,0,0.01905893445224059,0.24837367569636412
36794,0,0.05194053730162249,0.4829042260736768
36795,0,0.02550180082083758,0.30571534752307883
36796,0,0.05120313336536329,0.47737257679267653
36797,0,0.02506300698719506,0.303649765293592
36798,0,0.11408558479034178,0.6984557141694452
36799,0,0.0714091810723763,0.6058791235964219
36800,0,0.036951005953684266,0.3846419240110579
36801,1,0.028772528077336622,0.35351744815996716
36802,0,0.052751498631717395,0.48890730379286185
36803,0,0.024225167715290784,0.2960935022310342
36804,1,0.05223596810428391,0.48510083713608254
36805,0,0.05134637499597567,0.47845258357186404
36806,0,0.06900549290805896,0.5565611896005539
36807,0,0.034738740108617445,0.38399214886087085
36808,0,0.051201988957968216,0.4773639375779496
36809,1,0.10892122831912601,0.6795828393340853
36810,0,0.06964230041653367,0.5601390362335475
36811,0,0.0697889674318075,0.5609579161642698
36812,0,0.028540206659599422,0.32367783377061693
36813,0,0.05123747684133567,0.47763175950666176
36814,0,0.040191619666570456,0.4165878663251052
36815,0,0.05189647502868856,0.4825756539561565
36816,0,0.05265153449402244,0.48817184968089106
36817,0,0.025547013995316503,0.32283832449973254
36818,0,0.03159924384166204,0.3817713735981164
36819,1,0.03976578404501903,0.41262939147097666
36820,0,0.06949896532072447,0.5593368989516209
36821,0,0.052534158675678004,0.4873066753480147
36822,0,0.024251931464601514,0.29510587901526825
36823,0,0.051909226262283656,0.4826707654006311
36824,0,0.0515890270950032,0.4802760868647539
36825,0,0.0513498174484275,0.4784785062505442
36826,0,0.03187313521595329,0.37587229667424993
36827,0,0.02634664633119839,0.31570729439850526
36828,0,0.05347893246300702,0.4942211085629007
36829,1,0.04086765037610649,0.4228118212475537
36830,0,0.019415816455244737,0.24908387910806526
36831,0,0.019258577494561602,0.2513005911425186
36832,0,0.029428714984207665,0.36190558128947675
36833,0,0.05581888266821956,0.5108664565867197
36834,1,0.027977336344798803,0.36319277833265085
36835,0,0.12328901606099552,0.7157359632102168
36836,0,0.020924182080384587,0.2759680055012907
36837,0,0.05721816030493188,0.5205005119395959
36838,0,0.05142790494750039,0.4790661177880615
36839,0,0.05305956849056377,0.49116586695604125
36840,0,0.026709850119522927,0.31725062383635005
36841,0,0.025708825791958774,0.3252406590735129
36842,0,0.051303936026840066,0.47813288012001387
36843,0,0.052107831215333994,0.4841494732283448
36844,1,0.05160977739863578,0.4804316714051267
36845,1,0.04032731709516167,0.4388252611096659
36846,0,0.04218418261158045,0.43359944834553005
36847,0,0.05142445754389742,0.4790401925161971
36848,0,0.0247060583055929,0.30122014222599175
36849,0,0.025684561368838822,0.3063933275633182
36850,0,0.0338565470605759,0.370343329250792
36851,0,0.0238062555300034,0.29518825935595616
36852,0,0.025255335635290317,0.30261522955102227
36853,0,0.029634010926572314,0.3395823252100601
36854,0,0.025451975151254545,0.30887156454135567
36855,1,0.04013622366520457,0.41607457942222587
36856,0,0.025078036415078702,0.3022398529566778
36857,0,0.06854233276357084,0.5539359613805748
36858,0,0.05118940207356554,0.4772689071109543
36859,0,0.0510214762400802,0.47599911515359367
36860,0,0.051201988957968216,0.4773639375779496
36861,0,0.04508537312436703,0.4607610080285503
36862,0,0.051840867923612054,0.48216063706311496
36863,1,0.05442274676773715,0.5010165563119663
36864,0,0.05194401740775288,0.4829301666110139
36865,1,0.051201988957968216,0.4773639375779496
36866,0,0.051271842107712115,0.47789095426612693
36867,0,0.051201988957968216,0.4773639375779496
36868,0,0.03666826256126251,0.40552992108557157
36869,0,0.05173675638547091,0.48138254717174517
36870,0,0.032862066842765686,0.3636061795618843
36871,1,0.0533443492871752,0.4932430271462076
36872,0,0.05392425156175199,0.4974412593104687
36873,1,0.0528575383444133,0.48968607219058985
36874,0,0.028554694549611074,0.3290304153313925
36875,0,0.02418791594751167,0.2948219276480868
36876,0,0.051529126080274226,0.4798266420097653
36877,0,0.0430353204727177,0.44227270256504436
36878,0,0.05387379901092628,0.49707767830996374
36879,0,0.05121801286368646,0.47748488781423987
36880,0,0.04138015758709769,0.4445592827554664
36881,0,0.051496898936972804,0.4795846467195933
36882,0,0.047229200632666765,0.4462529249165242
36883,0,0.05180614209050044,0.4819012639664619
36884,0,0.01909349127415455,0.24938695950809528
36885,0,0.0508586200944431,0.4747641728947094
36886,0,0.069106957960752,0.5571337076566711
36887,0,0.029108911752852247,0.3494652996081167
36888,0,0.05183507875707869,0.48211740754229265
36889,1,0.052315328855343755,0.4856890074569907
36890,0,0.020082587795472125,0.2617477410939866
36891,0,0.02509265888402441,0.302444107831521
36892,0,0.051344080148946904,0.47843530185054167
36893,0,0.056222499846317345,0.513669612754321
36894,0,0.03214907791959591,0.3774416106555717
36895,0,0.04014620769836127,0.41616712593873295
36896,0,0.05147849198547752,0.47944636799062973
36897,0,0.055250527007611926,0.5068855351388428
36898,0,0.051415265536129906,0.47897105901021547
36899,0,0.0513498174484275,0.4784785062505442
36900,0,0.05413856921771377,0.4989821756471207
36901,0,0.0402007079644675,0.41667202900607375
36902,0,0.052296645495217196,0.48555061081367773
36903,0,0.05138425398152427,0.4787377393895692
36904,0,0.05175525064469147,0.4815208677728065
36905,0,0.051630535594160316,0.48058725974085886
36906,0,0.05173675638547091,0.48138254717174517
36907,1,0.11192165107084323,0.6922088479592269
36908,0,0.03747501666372795,0.4111297891893035
36909,0,0.053432635986212305,0.4847003029071397
36910,0,0.02635097847142728,0.31387250052840693
36911,0,0.02398174488565077,0.31125087620651165
36912,0,0.07044788271551729,0.5646131704530042
36913,0,0.023801776553684654,0.2964078522631255
36914,0,0.02351686022184871,0.29320098888195095
36915,0,0.028320483662050967,0.3444043427945943
36916,0,0.03364014582089775,0.39063086742283937
36917,0,0.0365811204447706,0.4047945462527271
36918,0,0.05167438437982521,0.4809157363335599
36919,0,0.01980523703889532,0.2600927843725872
36920,0,0.025638351269115085,0.3085240846904023
36921,0,0.05301224476359,0.49081970130626434
36922,1,0.0547763440779877,0.49803564854303406
36923,0,0.024293371929353103,0.2972408934401022
36924,0,0.0402798592796678,0.4174044487749917
36925,0,0.051881409206248855,0.48246325115001026
36926,0,0.03285380621868771,0.3773313756721591
36927,0,0.026190155630023415,0.32943736639397414
36928,0,0.05142330845793371,0.4790315507839906
36929,0,0.0239885023062937,0.2938065188845509
36930,0,0.05126267590537449,0.4778218344936763
36931,0,0.07082097625972411,0.6027492394210551
36932,0,0.0405612746615497,0.42000029238979736
36933,0,0.025085007986562505,0.30073170173299035
36934,0,0.033122637657486846,0.39115642725318517
36935,0,0.052171862486291874,0.48462514125336187
36936,0,0.050991829373701725,0.47577455792084866
36937,0,0.051540640395749,0.4799130711992584
36938,0,0.04013350116000273,0.4160493404898036
36939,0,0.0289981741237628,0.33996670283271996
36940,0,0.052523606983355994,0.4872288133114162
36941,0,0.05122831645096081,0.4775626429327465
36942,0,0.03716893857611973,0.39011284031100796
36943,0,0.024658102206610293,0.299826621205983
36944,0,0.03087316429813641,0.3735026410927655
36945,0,0.04015891809138255,0.4162849209619533
36946,0,0.051121940545659474,0.47675922649675667
36947,0,0.05175756286652021,0.4815381580475228
36948,0,0.02224968248416218,0.2886876573994986
36949,0,0.05287051254812936,0.4897812585040943
36950,0,0.031074388985512756,0.3912946564697235
36951,0,0.05191154498654824,0.4826880585256397
36952,0,0.027730734159316938,0.3294328939067991
36953,0,0.05138425398152427,0.4787377393895692
36954,0,0.02553489309109612,0.3096497268592023
36955,0,0.02525036416994621,0.3062979963082018
36956,0,0.06862961411993287,0.5544321679676112
36957,0,0.05123175141577931,0.4775885615474183
36958,0,0.02392623701090485,0.2943239091428148
36959,0,0.051356703008247184,0.4785303519555023
36960,0,0.05161438964886642,0.48046624626391016
36961,0,0.03303648295241448,0.3886692660032295
36962,0,0.05126611304957773,0.47784775430895754
36963,0,0.05143020333800005,0.4790834013652901
36964,0,0.028442003660018787,0.32966230005537783
36965,0,0.03366555487928358,0.3891807706648163
36966,0,0.027060846058007768,0.32063341255351263
36967,0,0.025434357455052008,0.3059592218090299
36968,0,0.0322823003812232,0.37620440364631896
36969,0,0.05186750596285743,0.482359496288473
36970,0,0.051316549550645754,0.4782279252327887
36971,0,0.030751003523264646,0.3616628526937258
36972,0,0.05277622324912968,0.4890890117419199
36973,0,0.05158211208042393,0.48022422619990895
36974,1,0.0252893455737883,0.3054886431840027
36975,0,0.04718129948926928,0.47051031359990503
36976,0,0.05280802812226768,0.4893226404780757
36977,0,0.05200901985714496,0.4834144067108686
36978,0,0.051201988957968216,0.4773639375779496
36979,0,0.051916182728791,0.48272264490001726
36980,0,0.023739383380578422,0.2910949614424117
36981,0,0.026983463293618414,0.3241041780236791
36982,0,0.04054477662710064,0.41984846394233927
36983,0,0.03561038845181111,0.3861023644492196
36984,0,0.05147849198547752,0.47944636799062973
36985,1,0.051301642973982736,0.4781155993603251
36986,0,0.043271941482190934,0.450961611168834
36987,0,0.05057282562244985,0.472588671394016
36988,0,0.037650103866298114,0.4150216640081763
36989,0,0.03856839970259532,0.42216085738816145
36990,0,0.03138721783346995,0.37006038429222493
36991,0,0.051414116644429984,0.47896241737854817
36992,0,0.05145664181224083,0.4792821660920979
36993,0,0.024154753520028716,0.2946549500147245
36994,0,0.03618779002561076,0.3855629274575286
36995,0,0.05476561547705919,0.5034577627548392
36996,0,0.02298749362367367,0.29007462210127166
36997,0,0.055072503696031255,0.5056304745484919
36998,0,0.02474964637151908,0.30316909243315976
36999,0,0.024397873515293735,0.2986310523253236
37000,0,0.05277151295468661,0.4890544004802278
37001,0,0.059559919758180396,0.5558851138917689
37002,0,0.06867630670867769,0.554697337408927
37003,0,0.027424698218914984,0.3571155702821125
37004,0,0.05137851304284388,0.4786945330673555
37005,0,0.025952909873939407,0.3119206839279375
37006,0,0.047169651864681736,0.4704154194581811
37007,0,0.01946188924789076,0.25191942989016775
37008,0,0.037067438137554726,0.3854798927141423
37009,0,0.052489620701955515,0.48697792876201773
37010,0,0.059489732384976624,0.5204012234901575
37011,0,0.05147849198547752,0.47944636799062973
37012,0,0.052316496774716996,0.4856976573202883
37013,0,0.024596898255597157,0.2963993302299781
37014,0,0.03837689001949317,0.4282524362731299
37015,0,0.018462499967472207,0.24309141668104492
37016,0,0.024346494678493615,0.2965904792582207
37017,1,0.05060790069489929,0.4728562381418679
37018,0,0.040044663232825475,0.41522511149135244
37019,0,0.02502465200619518,0.3034287046664068
37020,1,0.028423849869848996,0.32777638523715275
37021,0,0.05109109638346594,0.4765259989043475
37022,0,0.051201988957968216,0.4773639375779496
37023,0,0.05546857258926247,0.5084174554241174
37024,0,0.04324715853818007,0.4523081297997801
37025,0,0.02523754792404154,0.30265763286751635
37026,0,0.05266681153012411,0.48828432766023766
37027,0,0.023260695232186747,0.28949953913604065
37028,0,0.022361673579671067,0.2960531732796514
37029,0,0.038580644839303097,0.4007418311951415
37030,0,0.029095752244960277,0.33366541458550136
37031,0,0.05353977840846603,0.4946625584742872
37032,0,0.024850341293840485,0.30094020107075453
37033,0,0.05189531597246318,0.4825670075237047
37034,0,0.03422191993500209,0.37236609027272294
37035,0,0.05168592938485651,0.48100218029576064
37036,0,0.06010808857099945,0.5396642382077602
37037,0,0.03673189706858473,0.38642495927567444
37038,0,0.051201988957968216,0.4773639375779496
37039,0,0.025906711639104695,0.31024223708039317
37040,0,0.05153027740234693,0.47983528487446175
37041,0,0.05124892950837165,0.4777181564282952
37042,0,0.024552737174818547,0.29900294792652393
37043,0,0.05157404567118944,0.48016372262962465
37044,0,0.02311945129824717,0.29026878066030315
37045,0,0.019054983414330828,0.24929365794578462
37046,0,0.04155925106867033,0.429102791680332
37047,1,0.051201988957968216,0.4773639375779496
37048,0,0.02401627908164236,0.29794777184508664
37049,0,0.062038260446809886,0.5519305935440894
37050,0,0.023613959730193198,0.28865453636211125
37051,0,0.035701341414567954,0.39997470054986595
37052,0,0.024680586866610926,0.2993007879474562
37053,0,0.0690206281839308,0.556646649633635
37054,0,0.03191961445769012,0.378172484979263
37055,1,0.051751782495057276,0.4814949324437242
37056,0,0.019570344859499364,0.2529811366258874
37057,0,0.024854698554400263,0.301527716885588
37058,0,0.040259829912238164,0.4172192046176107
37059,0,0.051201988957968216,0.4773639375779496
37060,0,0.05126267590537449,0.4778218344936763
37061,0,0.03961046171511747,0.41117823289901934
37062,0,0.051271842107712115,0.47789095426612693
37063,0,0.01832863393388168,0.24297895733545782
37064,0,0.052255797621257455,0.4852478759109584
37065,0,0.040384713713556536,0.41837314881931376
37066,0,0.03049580537513315,0.3558804421850247
37067,0,0.025399157935041182,0.309802612762387
37068,0,0.05123060640329776,0.4775799219957779
37069,1,0.0508870559194487,0.47498005005565264
37070,0,0.05271149148794819,0.4886131162067598
37071,0,0.051102518093680965,0.47661237830589775
37072,0,0.05148654426100218,0.47950686454828484
37073,0,0.024196805917298773,0.2943932614512438
37074,0,0.02170826351205313,0.2723810631240345
37075,0,0.019356046112353326,0.2501113346330688
37076,0,0.05126611304957773,0.47784775430895754
37077,0,0.03334305155579404,0.3878038021198575
37078,0,0.05172866711196985,0.4813220328048256
37079,0,0.12475456541620984,0.7131734697919286
37080,1,0.056261261087794674,0.5139377736875544
37081,0,0.05180151364123855,0.4818666816207637
37082,0,0.05196722374824196,0.48310310587095895
37083,0,0.06957669832733045,0.5597721398121617
37084,0,0.05282099085113407,0.48941782389885297
37085,0,0.05258694717719993,0.487695994695943
37086,0,0.05227096616841727,0.48536031905156535
37087,0,0.05232350480828523,0.4857495566798174
37088,0,0.0516086243969735,0.4804230277197032
37089,0,0.023367375009043907,0.29022460563935804
37090,0,0.053313428505606365,0.49301798891167764
37091,0,0.0626334995078347,0.5861138270045569
37092,0,0.04356225439370071,0.44688999228214416
37093,1,0.054484604730158696,0.5014580580776841
37094,0,0.05107511004693469,0.4764050701024926
37095,1,0.07076942245300633,0.5663829152019605
37096,0,0.05126496731062111,0.47783911435726845
37097,0,0.05298859784461319,0.4906466217619159
37098,0,0.051271842107712115,0.47789095426612693
37099,1,0.051201988957968216,0.4773639375779496
37100,0,0.03269171244870282,0.37857657488233215
37101,0,0.05171595781243115,0.4812269399074258
37102,0,0.025640986480274446,0.31153010760835315
37103,0,0.04604135380885576,0.4611272342344018
37104,0,0.13021434375707872,0.7196703198466
37105,0,0.03746808620723637,0.3878534064102084
37106,1,0.053363385871046595,0.49338151358033755
37107,1,0.051733289407534876,0.4813566123760833
37108,0,0.04445730553437657,0.4587797870317615
37109,0,0.05185128996364601,0.4822384508731172
37110,0,0.05197302686432264,0.48314634131998685
37111,0,0.024247472330334068,0.29504825652384614
37112,0,0.051315402745459295,0.47821928470274516
37113,1,0.05212528692029043,0.48427919805966524
37114,0,0.024529533047132596,0.2966100494024542
37115,0,0.05138195753324762,0.478720456822474
37116,0,0.05948431314152752,0.5356099406714109
37117,1,0.024379937148998467,0.2983990141268687
37118,0,0.05120313336536329,0.47737257679267653
37119,0,0.02835886790621752,0.3270138550938604
37120,0,0.054051538010906314,0.49285926730773033
37121,0,0.05308206122830964,0.49133029862774924
37122,0,0.025539828529912295,0.3083631285211193
37123,1,0.05246268083696171,0.48677895602016835
37124,0,0.025488351958384066,0.3112242989854353
37125,0,0.024256222876276917,0.2954428614830292
37126,0,0.051201988957968216,0.4773639375779496
37127,0,0.040477933794841395,0.41923287103342816
37128,0,0.03239606279844566,0.38341514904117124
37129,0,0.051246638781250346,0.4777008769371447
37130,0,0.024671233196770836,0.3194553396783914
37131,0,0.023959114116922392,0.2931617286652583
37132,0,0.051201988957968216,0.4773639375779496
37133,1,0.1221681621196112,0.7040753304054381
37134,0,0.0542182392078414,0.4995535331220556
37135,0,0.03481806198444281,0.39269863610352024
37136,0,0.05220099218243989,0.48484136325287147
37137,0,0.025539695404175076,0.3059226368719414
37138,0,0.05155561264335625,0.4800254309423462
37139,0,0.05157289342439145,0.48015507930989576
37140,1,0.05170440646570109,0.48114049299883455
37141,0,0.06931942045066719,0.5583295224477641
37142,1,0.03286525564674962,0.370831738576008
37143,0,0.02366937421109743,0.29148106200326795
37144,0,0.031999328744500566,0.3757349843794392
37145,0,0.03599093081800426,0.3898782877640623
37146,0,0.02479326978068722,0.302358137385046
37147,0,0.05133834345580245,0.4783920977731616
37148,0,0.02374410516787928,0.29251336134569705
37149,0,0.05120313336536329,0.47737257679267653
37150,0,0.06842061191663917,0.5532428035075106
37151,0,0.0272240610365173,0.3393466397552356
37152,0,0.05499165141007044,0.5050591811369378
37153,0,0.051210000317908747,0.4774244123651627
37154,0,0.040135316143808754,0.41606616639584637
37155,0,0.05146929084324132,0.47937722980581543
37156,0,0.07288630934918075,0.5778093073835291
37157,0,0.052102013874717634,0.48410623209171866
37158,1,0.051772594689088354,0.4816505459090561
37159,0,0.025232494257225596,0.30421495662458026
37160,0,0.026520539997855492,0.3203276338452537
37161,0,0.05129132543579313,0.47803783659054716
37162,0,0.04013350116000273,0.4160493404898036
37163,0,0.12362802633521923,0.724378362103903
37164,0,0.05174022358307384,0.4814084820677253
37165,0,0.027379155968077426,0.3226373938811597
37166,0,0.051874457144249216,0.48241137352966423
37167,0,0.027655166401634085,0.33377959116089323
37168,0,0.0687622376237293,0.5551848256578792
37169,0,0.05143939787152515,0.4791525361745297
37170,0,0.024283565004862177,0.29634154551237174
37171,0,0.05483369693249571,0.49844252016825347
37172,1,0.01872929717705992,0.24873290053598465
37173,0,0.028592050846766037,0.34929148248065756
37174,0,0.05369636844059062,0.4957965153287518
37175,0,0.05139918326173272,0.4788500773144927
37176,0,0.05211341307795473,0.4787002514673953
37177,0,0.05077453816629525,0.4741252320854586
37178,0,0.03206392248663803,0.37893433725297554
37179,0,0.024737003481707574,0.30004179215833376
37180,0,0.03141276438419228,0.35694776348219354
37181,0,0.018940826363192134,0.24929718646414362
37182,0,0.051500350933255175,0.47961057433016546
37183,0,0.02397730743606805,0.29394137039001955
37184,1,0.052433413189371995,0.48656268605545716
37185,0,0.05157865490182283,0.48019829602722813
37186,0,0.11760386129493505,0.6978249980823674
37187,0,0.051419861345748066,0.47900562566268784
37188,0,0.0376213065955411,0.3893342963250243
37189,0,0.023866313728089304,0.29973358184579746
37190,1,0.05154294355079653,0.47993035718160443
37191,0,0.025661528229476323,0.30827589084125095
37192,0,0.052199826699574514,0.4848327142633945
37193,0,0.02522769811596969,0.30253340441075005
37194,0,0.04195892318675391,0.43270322322434146
37195,0,0.051242057617586136,0.47766631811499705
37196,0,0.02425505040168029,0.29700804803941294
37197,0,0.05164091765220575,0.48066505532258325
37198,0,0.05144859395966573,0.47922167178231057
37199,0,0.026545396406954188,0.3184574242062233
37200,0,0.03359846716568747,0.3696705534449023
37201,0,0.05524683828366885,0.5068595691926406
37202,0,0.0512111448946997,0.4774330516745498
37203,0,0.03778989025206044,0.4145774383829886
37204,0,0.04561275808469002,0.46008093187309823
37205,0,0.05250954117424503,0.48712499822740635
37206,0,0.04051454692133563,0.41957015120681346
37207,0,0.03077584890997478,0.3672730364896176
37208,0,0.051201988957968216,0.4773639375779496
37209,0,0.030771308305642963,0.37623992682228047
37210,0,0.05416752734517947,0.49918994177256343
37211,0,0.05715592530573853,0.5200770198140758
37212,0,0.02553098202121725,0.32903408783940935
37213,0,0.024390561929955774,0.29689541546511405
37214,0,0.051657071443950896,0.4807860725340879
37215,0,0.051533731514526,0.4798612135409501
37216,0,0.050938278325147725,0.4753686524580527
37217,0,0.02508196224121493,0.3229554544341125
37218,0,0.023859933898321247,0.29371871340821165
37219,0,0.04225250617474848,0.4353316299163021
37220,0,0.06862961411993287,0.5544321679676112
37221,0,0.024278145032140465,0.2954445432281525
37222,0,0.03072272943851676,0.3648643707555991
37223,0,0.02525152379049909,0.3063127119048052
37224,0,0.02636450896706817,0.31405869856156415
37225,0,0.052726784952537485,0.4887255987752489
37226,0,0.02468927565764539,0.30267748024313473
37227,0,0.04023071331961549,0.4169498002892915
37228,0,0.04039019155044363,0.41842370704375814
37229,0,0.05157174120193667,0.48014643600204593
37230,0,0.03412939664864372,0.3770250170546441
37231,0,0.05106597712256489,0.47633596917118887
37232,1,0.051205422252748094,0.47738985526274025
37233,0,0.02413478210699673,0.2979129087258756
37234,0,0.05451859413271233,0.5017004502811477
37235,0,0.05427262300899009,0.4999430957960408
37236,0,0.03975052897863897,0.44885729582806627
37237,0,0.032653113412391646,0.37850028700641974
37238,0,0.024598885151708084,0.29798942948631535
37239,0,0.040266201857544266,0.41727814340858027
37240,0,0.05071553229880529,0.4736762972130871
37241,0,0.05284103006919754,0.4895649270559849
37242,1,0.051364737265134276,0.4785908391958032
37243,0,0.04042764248922547,0.41876923406078487
37244,0,0.04048616898419938,0.419308752504267
37245,0,0.02056476950614828,0.2658059880982208
37246,0,0.04576032090517964,0.4620074007643705
37247,1,0.02367917496262973,0.29160980265219527
37248,0,0.021291829676408587,0.2840809086829946
37249,0,0.05140607508237169,0.478901926309702
37250,1,0.05165937951847658,0.48080336089153103
37251,0,0.02542835636345645,0.30425758386176605
37252,0,0.07036154528995091,0.564136417327335
37253,0,0.02410480166147458,0.29479463548296464
37254,0,0.03983776705803802,0.41188775597817245
37255,0,0.022084686911780307,0.2742148350071915
37256,0,0.024727022007395814,0.2991375769719382
37257,0,0.05629378989170736,0.5141626766765575
37258,0,0.051843183761359546,0.48217792894625294
37259,0,0.053562463199748646,0.4948270223705508
37260,1,0.051297057159105784,0.4780810379981345
37261,0,0.024190132341809348,0.2943069517389072
37262,0,0.05167438437982521,0.4809157363335599
37263,0,0.05128100986045397,0.4779600748852585
37264,0,0.04765519046947912,0.4737240869935513
37265,0,0.05249547892325145,0.48702118425421126
37266,0,0.02353526494071168,0.29103770367326204
37267,0,0.04081689546918225,0.42234710461633307
37268,0,0.04752510440669626,0.46694090913056746
37269,0,0.04039932286028176,0.4185079745591946
37270,0,0.026005168424122937,0.3117395856437834
37271,0,0.0239255679947654,0.3104942055781363
37272,1,0.052217311524596764,0.4849624500565835
37273,0,0.03263982998683405,0.36535603840992753
37274,0,0.05236323375433692,0.4860436588226749
37275,0,0.05495738422477694,0.5048168101573132
37276,0,0.03955762364704938,0.41068368088175206
37277,0,0.05171942369221577,0.4812528741994059
37278,0,0.051137940750064295,0.47688016331921806
37279,0,0.05367841640671134,0.4956666705287631
37280,0,0.03701778674770811,0.3874124823233899
37281,0,0.04989400392514188,0.4673787651301831
37282,0,0.037250863050469186,0.3878663965475329
37283,0,0.05241937019781775,0.4864588782546105
37284,0,0.02610459500310009,0.3215374212430472
37285,0,0.02101615962767036,0.26707821064681075
37286,0,0.051201988957968216,0.4773639375779496
37287,0,0.02742781628907049,0.34551219749463985
37288,0,0.05116194994042171,0.47706157363164137
37289,0,0.05133031310393764,0.47833161260806145
37290,0,0.050130155122321454,0.4691980321609352
37291,0,0.05238895590403976,0.4862339653722915
37292,0,0.028280227878765298,0.32581242380992476
37293,0,0.15677709523673136,0.7562267424189303
37294,0,0.05329916308095514,0.49291412605983176
37295,0,0.05278093394057842,0.48912362310822766
37296,0,0.04888078563862949,0.45060875622801794
37297,0,0.024363110122685723,0.2965413409215821
37298,0,0.06903273861753963,0.5567150152464534
37299,0,0.02434670819273384,0.29661189559486495
37300,0,0.051201988957968216,0.4773639375779496
37301,0,0.051250074908256144,0.47772679619387154
37302,0,0.05124434815098973,0.47768359749936495
37303,0,0.05177606415729847,0.4816764818334978
37304,1,0.025372720259956117,0.3054506368190334
37305,0,0.05175525064469147,0.4815208677728065
37306,0,0.05112308326030824,0.4767678647510112
37307,0,0.051282155938570974,0.4779687150220509
37308,0,0.039387220675322986,0.40991422266204286
37309,1,0.05480709146528891,0.5037520837782162
37310,0,0.05151876527623876,0.479748856771495
37311,0,0.03803340017264105,0.3945265107075405
37312,0,0.052301315744147,0.4855852097675947
37313,0,0.05232233674110149,0.48574090676519033
37314,0,0.051128797196059714,0.47681105623065967
37315,0,0.040341828606088474,0.4179771688023057
37316,1,0.05144284622238395,0.4791784619340102
37317,0,0.026134351694363706,0.3124593936100342
37318,0,0.051884885567507186,0.4824891901020178
37319,0,0.036088806855710566,0.38397592255865803
37320,0,0.10600205597724467,0.6725909060656735
37321,0,0.058414078279001226,0.5285492030437569
37322,0,0.023220420029832774,0.2887038685507528
37323,0,0.0519196612924868,0.482748584789453
37324,0,0.051201988957968216,0.4773639375779496
37325,0,0.04015437822273716,0.4162428502125105
37326,0,0.03127472071804216,0.36998913591459764
37327,0,0.024406632494043578,0.2987256052386207
37328,1,0.05155330895297124,0.48000814469622
37329,0,0.04013350116000273,0.4160493404898036
37330,1,0.039883786322799875,0.41372925810861383
37331,0,0.026059458716343915,0.31404603358284333
37332,0,0.025626853132589538,0.305672621906439
37333,0,0.051336048948306165,0.47837481623268807
37334,0,0.053490857896181,0.4943076666805115
37335,0,0.05120313336536329,0.47737257679267653
37336,1,0.05219866124129754,0.4848240652830028
37337,0,0.05178416043794217,0.48173699937427183
37338,0,0.024094829091745828,0.2946650736517596
37339,0,0.05183044786388131,0.48208282411834175
37340,0,0.024635650921344985,0.2984604937342889
37341,0,0.028463353864425944,0.327961037441253
37342,0,0.051201988957968216,0.4773639375779496
37343,0,0.04092493744614126,0.42333584744053765
37344,0,0.03382947500494198,0.3915832503991583
37345,0,0.040754227380431864,0.42177273595922815
37346,0,0.018882423805134507,0.2457966841270901
37347,0,0.01852950526495214,0.24385806899458728
37348,0,0.052220809153624266,0.4849883974589821
37349,1,0.051463540919192766,0.4793340188412926
37350,0,0.05201134279452933,0.48343170158164744
37351,0,0.048968390933466555,0.47782700002136896
37352,0,0.05137047674789133,0.4786340447519147
37353,0,0.051415265536129906,0.47897105901021547
37354,0,0.05140837255013549,0.47891920940917354
37355,0,0.02449509950453833,0.296658278902925
37356,0,0.054231528280099604,0.499648759521536
37357,1,0.029198084658857495,0.33651888252485324
37358,0,0.025114319031029776,0.3065222562814167
37359,0,0.054820268855824916,0.498347294689513
37360,0,0.03762996604098987,0.39520468288161614
37361,0,0.02644665374386788,0.3317937809712825
37362,0,0.05162130875500637,0.48051810890278535
37363,0,0.051414116644429984,0.47896241737854817
37364,0,0.06894347039968984,0.5562107685180774
37365,1,0.025789566844646103,0.3138481582646655
37366,0,0.022401700100647768,0.2767262598791031
37367,0,0.031455779564357446,0.3714224368007166
37368,0,0.051201988957968216,0.4773639375779496
37369,0,0.051949818074413526,0.48297340104428355
37370,0,0.05153718584565596,0.4798871423159288
37371,1,0.05384258879154252,0.49685260588156743
37372,0,0.035251251055136476,0.39810753983588065
37373,0,0.02565238146793302,0.324474129875672
37374,0,0.043306805162121584,0.4446571079090526
37375,0,0.018853178055697258,0.24558386707124813
37376,0,0.02894265217318932,0.333333982635295
37377,1,0.05470345693319869,0.5030162767903363
37378,0,0.03889829900305321,0.4009234898547348
37379,0,0.024906172703689868,0.30193746153851847
37380,0,0.105018315438356,0.6708640720960664
37381,0,0.05193357775050308,0.48285234527555865
37382,0,0.05829757748159425,0.5277725491128549
37383,0,0.05152682350910654,0.4798093563166027
37384,0,0.04033635705261944,0.41792662576033784
37385,0,0.024244128504324503,0.2950050439489348
37386,0,0.049240828550997755,0.4796520210914692
37387,0,0.04229346460289499,0.4507777416329731
37388,0,0.051508406442285805,0.4796710725150664
37389,0,0.0327171057528093,0.37584366997998514
37390,1,0.04013350116000273,0.4160493404898036
37391,0,0.05131884323374707,0.4782452063319558
37392,0,0.024401548145360025,0.29890581279770223
37393,0,0.051235186598481586,0.47761448028277675
37394,0,0.05442638363851756,0.5010425270546752
37395,1,0.040786471499628295,0.4220683405566536
37396,0,0.024214610897557314,0.2946234927816671
37397,0,0.04778451586002129,0.4703139326302122
37398,0,0.051631689058696036,0.4805959036479678
37399,0,0.05157865490182283,0.48019829602722813
37400,0,0.02419695542135367,0.2984221006768962
37401,0,0.054661807865071084,0.4972219136359908
37402,0,0.02530502837608392,0.30568704337642527
37403,0,0.044973655241612814,0.46568683956819684
37404,0,0.04332643334596601,0.4840385476783279
37405,0,0.05131310920781241,0.47820200368176474
37406,0,0.02707994262738015,0.31374993136241275
37407,0,0.024985454988229374,0.30241496788465516
37408,0,0.053768233222049606,0.49631590002355924
37409,0,0.051121940545659474,0.47675922649675667
37410,1,0.1208687018325151,0.7038250757581533
37411,0,0.03178189252204727,0.3745347791350572
37412,0,0.040140761567127196,0.41611664528751924
37413,0,0.027809911379075087,0.32304215989125407
37414,0,0.025465130168109456,0.305522831168925
37415,1,0.051506104746694106,0.47965378725846347
37416,0,0.03236497894328856,0.3835129744522493
37417,0,0.0710347801505814,0.5678365845800981
37418,0,0.031435890329359645,0.37299037594406265
37419,0,0.023052860802403742,0.2909736901809079
37420,0,0.05087226741314501,0.4748677927597748
37421,0,0.05570105593044175,0.5100444060433647
37422,0,0.05211830397529127,0.4842273078719288
37423,0,0.024827056020298544,0.3053678922540825
37424,0,0.025109719071867903,0.30454914340123074
37425,0,0.05148769468331098,0.47951550696276884
37426,0,0.051309669083150586,0.47817608224813657
37427,0,0.051263821595886834,0.4778304744188397
37428,0,0.02580558973162641,0.3128277479815024
37429,0,0.027596713359920443,0.3205030183163425
37430,0,0.02334248106512303,0.28909622477594754
37431,0,0.05155215714428233,0.47999950159110455
37432,0,0.051470440900957,0.4793858720357702
37433,0,0.02019506023233134,0.259104057060906
37434,0,0.061224941843214774,0.5468128320420832
37435,0,0.024039704642898136,0.2963886270740576
37436,0,0.042596978858507745,0.4369633234281309
37437,0,0.03137120264941846,0.37046897071043106
37438,0,0.17191057846641342,0.7863587511891216
37439,0,0.04156394289474283,0.4291452066871707
37440,1,0.02242424722096836,0.27677614839367376
37441,0,0.03004948582243628,0.34632869351046
37442,0,0.03094771670456641,0.36951161939108934
37443,0,0.051201988957968216,0.4773639375779496
37444,0,0.051205422252748094,0.47738985526274025
37445,0,0.05183507875707869,0.48211740754229265
37446,0,0.050094272735722735,0.4689220704905219
37447,0,0.03577331302002887,0.40257653733378823
37448,0,0.21858917838061034,0.8283304413093829
37449,0,0.03969029463909908,0.41192459139625637
37450,0,0.05201715056700795,0.4834749389321475
37451,0,0.05158095966321066,0.4802155827971707
37452,0,0.024793169779968826,0.2991496605027931
37453,0,0.02985773252256711,0.34187825379157966
37454,0,0.05098157079537806,0.47569682884865155
37455,0,0.05195561935334411,0.48301663573246156
37456,0,0.024200699665449375,0.294443615594967
37457,1,0.055755599189179696,0.5104251522657646
37458,0,0.05145664181224083,0.4792821660920979
37459,0,0.031294899221462155,0.37139638736145575
37460,0,0.05482784055397723,0.503899243327534
37461,0,0.05124892950837165,0.4777181564282952
37462,0,0.052667986860126845,0.4882929798617815
37463,0,0.024221291058567726,0.2947098565566623
37464,0,0.0384940102176612,0.4180125448080046
37465,0,0.05386059260572248,0.4969824552096685
37466,0,0.05085748297430106,0.47475553800392556
37467,0,0.03151396425177273,0.3720775152985158
37468,0,0.040286234261965856,0.4174633949892233
37469,0,0.055702294992174814,0.5100530594976939
37470,0,0.051365885113160786,0.4785994802814217
37471,0,0.02426124122394506,0.29550773760198434
37472,0,0.0320598722767401,0.37818954882128014
37473,0,0.03953525502548577,0.4104741793203402
37474,0,0.024271768161198914,0.2991129910420776
37475,0,0.051468140809828214,0.47936858758820383
37476,0,0.023563432418427184,0.29140937923796045
37477,0,0.037582783022579384,0.3948237894046256
37478,1,0.051201988957968216,0.4773639375779496
37479,0,0.05157404567118944,0.48016372262962465
37480,0,0.01906050293424261,0.25396311004188854
37481,0,0.05128100986045397,0.4779600748852585
37482,0,0.02548739267297446,0.30555341315310075
37483,0,0.053587546413221665,0.49500879955689897
37484,0,0.019688710625175673,0.2532573066177263
37485,0,0.05122144717492652,0.47751080606601815
37486,0,0.0400229357482542,0.4150233315956927
37487,0,0.05051178206573329,0.47212262507509284
37488,0,0.05133146022431346,0.4783402533070739
37489,0,0.05161323654977064,0.48045760253166125
37490,0,0.05193357775050308,0.48285234527555865
37491,0,0.026021254806578024,0.3267079163180381
37492,0,0.05195677968260761,0.4830252827006293
37493,0,0.03346982363301353,0.3920944258642787
37494,0,0.03767071733162277,0.41528981338794557
37495,0,0.03043784445547685,0.37230766944470106
37496,0,0.051364737265134276,0.4785908391958032
37497,0,0.05235154581274611,0.4859571571800088
37498,0,0.03690100663267534,0.3844518093653829
37499,0,0.05159479027676128,0.4803193044101956
37500,0,0.01796495892308953,0.24098430602050835
37501,0,0.024361430378815774,0.29651967082485414
37502,0,0.0689389341945893,0.5561851257508085
37503,0,0.024096112095786815,0.2949444086663785
37504,0,0.05221614569744541,0.4849538009404587
37505,0,0.05132343089087569,0.47827976868646777
37506,1,0.051193978783710514,0.4773034634543662
37507,0,0.05141067011501408,0.47893649255911036
37508,0,0.05115851940327174,0.4770356575010745
37509,0,0.036759464608922904,0.40688872809546117
37510,0,0.06022903887702774,0.5349782186236764
37511,1,0.024392577037373974,0.2987897194694159
37512,1,0.04013350116000273,0.4160493404898036
37513,0,0.030638094801892845,0.3680411930878544
37514,1,0.05648556790118221,0.5154860250871629
37515,0,0.04024344934559994,0.4170676585911605
37516,0,0.03856819327212393,0.3984027841445966
37517,0,0.05702911236207948,0.5192126612921515
37518,1,0.07965698557377492,0.6118600242482511
37519,0,0.04124046149288321,0.4262125768690392
37520,0,0.04326875761221865,0.4443236481073521
37521,0,0.05188952105836947,0.4825237755181353
37522,0,0.025705478237199254,0.31211064557550805
37523,0,0.04198927861078319,0.4290453331261214
37524,0,0.033984760901102716,0.39320200823783846
37525,0,0.030098373883415755,0.3389159714400401
37526,0,0.051409521320435206,0.4789278509778363
37527,0,0.034317646874097885,0.37129348303652776
37528,0,0.05123633170780309,0.47762311988802475
37529,0,0.03202516375650235,0.361367772382342
37530,0,0.02368026417942169,0.291624109233685
37531,0,0.037659359686213534,0.39182826662465553
37532,0,0.05294723969591315,0.4903437379798156
37533,0,0.040135316143808754,0.41606616639584637
37534,0,0.051657071443950896,0.4807860725340879
37535,0,0.051303936026840066,0.47813288012001387
37536,0,0.0528481044481042,0.489616846250131
37537,0,0.051415265536129906,0.47897105901021547
37538,0,0.05164437877686275,0.4806909873916898
37539,0,0.04098970879150441,0.4239276972169488
37540,0,0.02423188714703645,0.295935919018697
37541,0,0.028237942817844926,0.325870268144741
37542,0,0.05127642579026811,0.4779255144700223
37543,0,0.052532986166551165,0.4872980239801248
37544,0,0.0707647752387956,0.5663574019553537
37545,0,0.049223396304598085,0.5261304625631139
37546,0,0.05252243469667718,0.48722016201220675
37547,0,0.04320736359624575,0.4437850883217872
37548,0,0.05197883059290009,0.48318957702133986
37549,0,0.05423998656103507,0.49970935815309003
37550,0,0.029101943158924146,0.333436283264296
37551,0,0.05269149866265507,0.4884660253589198
37552,0,0.05180961368400857,0.4819272008395394
37553,0,0.053810196227781985,0.49661887817263956
37554,0,0.05141181893387252,0.4789451341529905
37555,0,0.05224529875585519,0.48517003153393173
37556,0,0.05135211253800645,0.4784957881007353
37557,0,0.023633582529891003,0.29525494428754323
37558,0,0.03657765040565457,0.4093389086403574
37559,0,0.0688195802124156,0.5555097588882314
37560,0,0.03189369422017393,0.3745579970686627
37561,0,0.05140262906280826,0.4788760017552079
37562,0,0.02990621436347731,0.3616185343793784
37563,0,0.022157776931276393,0.28422547398346903
37564,0,0.03178590907747573,0.3859778483873301
37565,0,0.0328639210607528,0.38943464952607215
37566,0,0.05157519794233113,0.48017236596122737
37567,0,0.02124527181930081,0.29380390549147223
37568,0,0.02456348013171982,0.2977996914993212
37569,0,0.05173791209359717,0.48139119212593234
37570,0,0.06925106309012774,0.55794522649335
37571,0,0.024192532490435386,0.29460048092759195
37572,0,0.051481942814856095,0.4794722950130591
37573,0,0.05287169217028211,0.48978991184216975
37574,1,0.11191435685188594,0.6846387282223491
37575,0,0.03806608784245868,0.39727919767341335
37576,0,0.021507551633190757,0.26859474028592445
37577,0,0.05151876527623876,0.479748856771495
37578,0,0.0529708691905945,0.49051681357290544
37579,0,0.025025847113759665,0.30374886479323926
37580,1,0.05590833910929737,0.5114894454566915
37581,0,0.05174137936442516,0.48141712705532086
37582,0,0.05319703290554846,0.4921697940593079
37583,0,0.03989010122519689,0.41378805393827245
37584,1,0.054680316826679426,0.5028518003877471
37585,0,0.04282743075163932,0.4509298813543231
37586,0,0.019123521652881156,0.25031874452664027
37587,0,0.05516697284762108,0.5062969648413321
37588,0,0.02115316250264623,0.2686562713802276
37589,0,0.04136358535477783,0.42733078310166017
37590,0,0.051496898936972804,0.4795846467195933
37591,0,0.05152682350910654,0.4798093563166027
37592,0,0.019895880722261207,0.25647829771168257
37593,0,0.043913002663542075,0.4499390526254315
37594,0,0.03420719010149934,0.39419203090538313
37595,0,0.039968666452506234,0.41451900667408026
37596,1,0.03077560720799772,0.3657620063112289
37597,0,0.02425433759253844,0.29539987147640684
37598,0,0.05370594517411279,0.4958657661216986
37599,0,0.05137277271083769,0.4786513270639002
37600,0,0.025331598934098958,0.3038429035687476
37601,0,0.05322195461196011,0.49235154647079477
37602,0,0.07227108852836255,0.5745283727609514
37603,0,0.031211960124060818,0.37138293196777555
37604,0,0.0512729879920124,0.47789959429726947
37605,0,0.05233752353628134,0.4858533563197331
37606,0,0.040278038033672636,0.4173876074329417
37607,0,0.19933504191171836,0.8292601656164836
37608,0,0.07181438927225334,0.5720718175218622
37609,0,0.05180382781700213,0.48188397277191863
37610,0,0.020115177386170472,0.2668535177555756
37611,1,0.05068492024321076,0.47344321315338417
37612,0,0.024842417414138115,0.2997959450319187
37613,0,0.05096903518514568,0.47560182824867575
37614,0,0.029700371498205168,0.3630302696340695
37615,0,0.04013350116000273,0.4160493404898036
37616,0,0.02454136489477434,0.29621596865854544
37617,0,0.023958563246616032,0.2931545532148517
37618,0,0.05263156314619259,0.48802476490159
37619,0,0.032138915857501796,0.3790694089214484
37620,0,0.040209798231353844,0.4167561965441512
37621,0,0.025441210754963885,0.30497325446053664
37622,1,0.05236557163846649,0.48606095925170456
37623,1,0.052281469907240224,0.4854381651716265
37624,0,0.056526757344311014,0.5102751202653784
37625,0,0.025102457325644208,0.30256831552747193
37626,0,0.037632126062557406,0.38913835365423055
37627,0,0.06888603221848383,0.5558859380497384
37628,0,0.052163708924359384,0.4845646001214507
37629,0,0.02448473598542064,0.3008345497828792
37630,0,0.028067293479144547,0.32637393388253616
37631,0,0.05122717151110449,0.47755400342136567
37632,0,0.025950239446383166,0.3134973200101212
37633,0,0.052516573633986555,0.48717690563111854
37634,0,0.05233518683521515,0.4858360562947584
37635,0,0.03233433061177074,0.3779871313901179
37636,0,0.05121801286368646,0.47748488781423987
37637,0,0.05123747684133567,0.47763175950666176
37638,0,0.05170556149059018,0.4811491376389693
37639,0,0.03273851729192781,0.3800296712660209
37640,0,0.05167900208921632,0.4809503137816273
37641,0,0.05147964223763023,0.4794550103191444
37642,0,0.023044184020014118,0.28898092739870285
37643,0,0.05189531597246318,0.4825670075237047
37644,0,0.051814242817458236,0.4819617834884494
37645,0,0.051205422252748094,0.47738985526274025
37646,0,0.03368661227931654,0.3965734289897681
37647,0,0.03357509007738311,0.38673016750183314
37648,0,0.025793784475552556,0.30937299921380357
37649,0,0.05326470317493704,0.49266312671043766
37650,0,0.0512111448946997,0.4774330516745498
37651,1,0.0547448885729329,0.5033106013317684
37652,0,0.051271842107712115,0.47789095426612693
37653,0,0.05421786286567182,0.5182099008760952
37654,0,0.05269108812376963,0.508728841906838
37655,0,0.051995084291882515,0.48331063832200016
37656,0,0.024239670769124144,0.2949474329081393
37657,0,0.051681311090218944,0.4809676025741086
37658,0,0.05188372675595627,0.4824805437741895
37659,0,0.05106597712256489,0.47633596917118887
37660,0,0.051201988957968216,0.4773639375779496
37661,0,0.06875771246241581,0.5551591710209061
37662,0,0.025827359447640565,0.30952245487514013
37663,1,0.031632391741423856,0.37193181167754336
37664,0,0.0522639647836178,0.4853084220325899
37665,0,0.025436731402023287,0.3057398642367434
37666,0,0.051777220695546904,0.4816851271635939
37667,1,0.0549177770485183,0.5369152252912514
37668,1,0.04027976826722385,0.43490195545569205
37669,0,0.06895559494118159,0.6275789192409413
37670,0,0.05178069045683366,0.4817110632196564
37671,0,0.05406262355903268,0.4984367914250637
37672,0,0.023761182388813043,0.293490139639626
37673,1,0.054056600430048715,0.4983935071052619
37674,0,0.051301642973982736,0.4781155993603251
37675,0,0.050538887134699034,0.4612367663459396
37676,0,0.04013350116000273,0.4160493404898036
37677,0,0.02572840748841358,0.3072093238527249
37678,0,0.03746960638674753,0.4116882793566479
37679,0,0.027756237465441834,0.32352831084179795
37680,0,0.05121228949569184,0.47744169099743916
37681,1,0.05159363759170785,0.48031066087752433
37682,0,0.05142445754389742,0.4790401925161971
37683,0,0.04076682499264176,0.41859924901365314
37684,0,0.05309864058354901,0.49145146000924156
37685,0,0.051939377315220636,0.4828955792483661
37686,0,0.030409877071045577,0.34069664244587555
37687,1,0.03167646185737036,0.36462898276131833
37688,0,0.05201482738446833,0.4834576439622213
37689,0,0.051242057617586136,0.47766631811499705
37690,1,0.1838480949625335,0.8050253102074902
37691,0,0.02584717422253227,0.3084207691218042
37692,1,0.05277504563830078,0.4890803589166762
37693,0,0.054992875610215444,0.5050678372000533
37694,0,0.06852428739538532,0.5538332844934417
37695,0,0.022518717000171214,0.29536906259882956
37696,0,0.05214391242966699,0.48441757354780685
37697,0,0.025446377614164906,0.3074540260555458
37698,0,0.11053214888794212,0.6840195845676371
37699,0,0.02425583386304683,0.2951563040615444
37700,0,0.051201988957968216,0.4773639375779496
37701,0,0.02423213611223343,0.29571321753459817
37702,0,0.05217885221218037,0.4846770340113674
37703,0,0.024936983996175013,0.29912341206167625
37704,0,0.03594556142400883,0.38585160241911104
37705,0,0.031342255809429016,0.3731135511782537
37706,1,0.03967862403757283,0.41181554738656756
37707,0,0.05385098986508653,0.49691320218291296
37708,0,0.12173854430650671,0.7025811131911647
37709,0,0.024709343216213223,0.2994039043216009
37710,1,0.05014810544410932,0.4693360200710583
37711,1,0.03292035502499169,0.385900050206638
37712,0,0.023649240650630034,0.2912165335407134
37713,0,0.04034547670339686,0.4180108651207351
37714,1,0.028906884581358025,0.3287575096963481
37715,0,0.05093144585296967,0.47531683707056804
37716,0,0.02445984011666855,0.29646903055076934
37717,0,0.05133146022431346,0.4783402533070739
37718,0,0.051201988957968216,0.4773639375779496
37719,0,0.040152562412972645,0.4162260222543489
37720,0,0.05232233674110149,0.48574090676519033
37721,0,0.028845809430109975,0.3327087519058044
37722,0,0.06863413147203766,0.5544578308832027
37723,0,0.051364737265134276,0.4785908391958032
37724,0,0.05143824846982121,0.47914389427965043
37725,0,0.024367363033317917,0.2984633457707092
37726,0,0.02460448757238022,0.3001990130678975
37727,0,0.024559292934565723,0.29906853193999583
37728,0,0.05246385186379963,0.4867876069222686
37729,0,0.05159824847803432,0.48034523507887533
37730,0,0.05124549345401269,0.47769223721158083
37731,0,0.023955258284218812,0.29311150267105546
37732,0,0.028657541970953743,0.339235450779504
37733,0,0.032487006704893566,0.3787578542992801
37734,0,0.03988829686958853,0.41377125487897454
37735,1,0.07010926230017027,0.5627395326300825
37736,0,0.04024708891961261,0.41710133413297845
37737,0,0.01864885858639656,0.24421723045737267
37738,0,0.05165822546902538,0.4807947167070608
37739,0,0.03136352894258059,0.372172806146766
37740,0,0.024580210841432124,0.2985432036046593
37741,0,0.02496890288662563,0.3043209856441931
37742,0,0.024353983608983297,0.2967058228521994
37743,0,0.04228779148722048,0.43564660505919434
37744,0,0.03201284329095,0.3890829256471068
37745,0,0.030975586972603115,0.3689677064502369
37746,0,0.05144744436362223,0.47921302978775804
37747,1,0.051990439887772154,0.4832760491784377
37748,0,0.024747321270373636,0.31598405421946624
37749,0,0.05277033544310452,0.4890457476811899
37750,0,0.05285729907046978,0.48418978937752144
37751,1,0.07163377213148607,0.5488657709655906
37752,0,0.03296546011901994,0.3845976264757447
37753,0,0.05193589750293358,0.4828696388339119
37754,0,0.05192198045734493,0.48276587810073845
37755,0,0.04213246562917627,0.43375767244829516
37756,1,0.024886901632339233,0.3014066358338997
37757,0,0.05239012537624108,0.4862426157652591
37758,0,0.051201988957968216,0.4773639375779496
37759,0,0.04732251823729276,0.4721838744058838
37760,0,0.024904238192786712,0.3018939314344152
37761,0,0.03235620636999245,0.3773167453790273
37762,0,0.036722616776311175,0.4070264111816924
37763,0,0.04077725640248131,0.4219838763929116
37764,0,0.02476731370373937,0.30014531297735986
37765,0,0.02705916043290578,0.324088194474005
37766,0,0.026603085145638763,0.3183268823009047
37767,0,0.04015347030802003,0.416234436209024
37768,0,0.05108424451675725,0.4764741719371347
37769,0,0.05165360951498294,0.48076014008420515
37770,0,0.051315402745459295,0.47821928470274516
37771,0,0.052027606102085795,0.48355276678610276
37772,0,0.051353260119180594,0.4785044290451367
37773,0,0.02387224494241271,0.29311249145529683
37774,0,0.032116638419691514,0.37528147577393495
37775,0,0.05695441676398722,0.5187026354843696
37776,0,0.03595249620864977,0.38139768914582817
37777,0,0.03990183144362456,0.41389725271179545
37778,0,0.05246268083696171,0.48677895602016835
37779,0,0.01921165726918401,0.24942880707123452
37780,1,0.03721259788583852,0.38719407006941203
37781,0,0.06879693969161983,0.5553815014260601
37782,0,0.05156482837839059,0.480094576404698
37783,0,0.052704434378789806,0.4885612015633932
37784,0,0.0518211872507749,0.48201365778572935
37785,0,0.03169907363379929,0.3729742871584473
37786,0,0.05154639846585513,0.47995628624520964
37787,0,0.02479281754717,0.29916392275344317
37788,1,0.05213809128249222,0.4843743309501029
37789,0,0.052481420229586975,0.4869173714007754
37790,0,0.051404926384906686,0.47889328477890375
37791,0,0.02887637376914501,0.35762585431615906
37792,0,0.051205422252748094,0.47738985526274025
37793,0,0.041762400451995106,0.4309360610934982
37794,0,0.05150265238568323,0.4796278594649088
37795,0,0.051204277796956424,0.4773812160209418
37796,0,0.05136358944136934,0.4785821981229967
37797,0,0.028669554640756767,0.3295547357285733
37798,0,0.027870723698648042,0.32378445174372256
37799,0,0.051902270676873696,0.48261888627482163
37800,0,0.09514803936514118,0.7088868629726459
37801,0,0.05107967708865,0.47643962090706105
37802,0,0.02329228777395107,0.2923218492688644
37803,0,0.024187352215150944,0.2942709937127205
37804,0,0.05128788669260181,0.47801191590365555
37805,0,0.05241468999024102,0.4864242759134873
37806,1,0.04013350116000273,0.4160493404898036
37807,0,0.052677390391935544,0.4883621977262365
37808,0,0.019229638574321816,0.2527980062881376
37809,0,0.025983985953145945,0.30987150974272
37810,0,0.06931942045066719,0.5583295224477641
37811,1,0.11029836491760131,0.6846477499541563
37812,0,0.03399288652121867,0.39786275418203815
37813,0,0.05069172141030523,0.47349500861440125
37814,0,0.03118341421187127,0.37011219196645806
37815,0,0.053834188954044,0.4967920096726811
37816,0,0.024719743241236762,0.2998021155651342
37817,1,0.05091209189129272,0.47517002969578864
37818,0,0.051560220316167325,0.48006000357803524
37819,0,0.0514738912199242,0.4794117987996421
37820,0,0.06862961411993287,0.5544321679676112
37821,0,0.051687084019483596,0.4810108247546204
37822,0,0.02594913476055668,0.31354124201756634
37823,0,0.030773070575114667,0.3723926430714407
37824,0,0.05200901985714496,0.4834144067108686
37825,0,0.05131196247535112,0.4781933631908378
37826,0,0.05236206484925063,0.48603500862069887
37827,0,0.04092493744614126,0.42333584744053765
37828,0,0.024210714966705685,0.29457312071944725
37829,0,0.028410424390119624,0.32962936268604615
37830,0,0.05210085048024698,0.4840975838929308
37831,0,0.025261318758333335,0.30295736141540514
37832,0,0.024849229024283995,0.3001292460723264
37833,0,0.019224585647241575,0.2486889162596452
37834,0,0.03596038191321023,0.4037234721007544
37835,0,0.024277602528921423,0.29652788956130943
37836,0,0.052445118397046055,0.4866491934420885
37837,0,0.024600975258330753,0.2982993175855467
37838,0,0.05181887234191223,0.48199636631016907
37839,0,0.05189763410938392,0.48258430039904227
37840,0,0.05440456584912545,0.5008867025189461
37841,0,0.051446294791872745,0.4792043878056464
37842,0,0.05120656673273869,0.47739849451806676
37843,0,0.022620166516583336,0.28745168480805044
37844,0,0.023966960390475217,0.296189917398977
37845,0,0.018532384990732686,0.24248931233449064
37846,0,0.051419861345748066,0.47900562566268784
37847,0,0.035050970395035436,0.39633159641177734
37848,0,0.024528725291208114,0.2973723804623819
37849,0,0.03276031629641055,0.3823544535394979
37850,0,0.05435974405464126,0.5005663960213651
37851,0,0.03060655374681103,0.3446259376181228
37852,0,0.05474123165119077,0.5032846316086044
37853,0,0.024421183660556397,0.29915985713895904
37854,0,0.02541686790810972,0.30438076126280816
37855,0,0.05093258453810224,0.4753254729316058
37856,0,0.05132916600780986,0.47832297192201567
37857,0,0.03452562331931119,0.37403463933068776
37858,0,0.05250602527795393,0.48709904462961917
37859,0,0.05115394569226356,0.47700110285268954
37860,0,0.0199097768962585,0.2593729715059334
37861,0,0.0512729879920124,0.47789959429726947
37862,0,0.051993923154093326,0.4833019910211044
37863,0,0.03985132481426701,0.41342691843214224
37864,0,0.11467888754227812,0.6911918494792618
37865,0,0.05148654426100218,0.47950686454828484
37866,0,0.033109371527858325,0.38381531923782175
37867,0,0.05663767026487211,0.5165324418980494
37868,0,0.062290958884672565,0.5535057633834521
37869,0,0.040607136275971,0.42042211744261215
37870,1,0.050690587822467256,0.4734863759979196
37871,0,0.025398051770538808,0.30817002931835763
37872,0,0.025961094783478206,0.31610546129065725
37873,1,0.06098572915239823,0.5452935521764661
37874,0,0.0526186443220226,0.48792959350077514
37875,0,0.05144974358000371,0.4792303137892992
37876,1,0.02545169595181522,0.30590920632255914
37877,0,0.02470450955986224,0.29777325384968506
37878,0,0.051931258096010374,0.4828350517582801
37879,0,0.02622644649828084,0.3153271908005701
37880,0,0.06938631913721446,0.5587052109539263
37881,0,0.0259511847673121,0.3102745460331113
37882,0,0.052528296377221985,0.48726341858472105
37883,0,0.03266126582265409,0.3614534975414065
37884,0,0.05125694781612568,0.47777863506702156
37885,0,0.052695026287852505,0.4884919824229472
37886,1,0.05241586000512575,0.48643292648658115
37887,1,0.05863603161862978,0.530024461710605
37888,0,0.05236089596881603,0.4860263584270889
37889,0,0.0392571128852945,0.4078623539358343
37890,0,0.051326871888296564,0.47830569058884487
37891,0,0.051873298552866584,0.48240272729643874
37892,0,0.06913120884299605,0.5572704059943329
37893,0,0.055124013423186034,0.505994017340292
37894,0,0.05164322504427311,0.4806823433570881
37895,0,0.035204450707785225,0.3783547278488911
37896,1,0.05115394569226356,0.47700110285268954
37897,0,0.04052278924500848,0.4196460496140702
37898,0,0.025017299738091737,0.30014075465002343
37899,0,0.028990024090441456,0.36319751115466753
37900,0,0.05139573767913291,0.47882415298769593
37901,0,0.0688195802124156,0.5555097588882314
37902,0,0.01921938011834936,0.2500486451946585
37903,0,0.05407587667017007,0.49853201701018796
37904,0,0.05148654426100218,0.47950686454828484
37905,0,0.02569135883968837,0.30863070301558176
37906,0,0.051584416987891485,0.48024151304089424
37907,0,0.02398943101781199,0.2935565366714801
37908,0,0.033420988869205005,0.37052688033891307
37909,0,0.05265505959238962,0.488197806031765
37910,0,0.031502801011914876,0.3695938200996974
37911,0,0.06997730208248845,0.5620066205694927
37912,0,0.025988128926113345,0.31073418390844115
37913,0,0.03034966966733537,0.34802537220668794
37914,0,0.051857080841695255,0.48228168114004166
37915,0,0.051923140076493665,0.4827745247718643
37916,0,0.02492197797865329,0.30212021591154914
37917,0,0.04135891516951874,0.4272884131952904
37918,0,0.05186171398431349,0.48231626554458396
37919,1,0.11163657620643486,0.6862229560208277
37920,0,0.04029989819333815,0.417589716245799
37921,0,0.04721715756059997,0.4647592169705817
37922,0,0.051404926384906686,0.47889328477890375
37923,0,0.05165937951847658,0.48080336089153103
37924,1,0.04042033237798407,0.41870180788609795
37925,0,0.051720579034278,0.4812615189858539
37926,0,0.051250074908256144,0.47772679619387154
37927,0,0.03945446390185089,0.45772253161971194
37928,0,0.07193381786030657,0.5727159532163125
37929,0,0.06191637511065854,0.5511683146735202
37930,0,0.02419658051005846,0.29624944964136474
37931,0,0.033970326057239056,0.3950500279977581
37932,0,0.03640638053334069,0.3895638176527871
37933,0,0.05133260736893778,0.478348894019048
37934,0,0.052199826699574514,0.4848327142633945
37935,0,0.05673970588866992,0.5172328553595045
37936,0,0.03799031825482898,0.39348831657092903
37937,0,0.04185866193170786,0.43180243332564583
37938,0,0.0513739207287077,0.47865996823905965
37939,0,0.03862443317920008,0.41828951424563604
37940,1,0.07797071579746422,0.6037211972365628
37941,0,0.024609455618992217,0.29840805170899526
37942,0,0.054057805005228034,0.49840216396731674
37943,0,0.023223148903917475,0.29011294050264014
37944,0,0.04083719018569551,0.4225329748203344
37945,0,0.03923624122907098,0.44690128592644096
37946,0,0.030206600239120984,0.3630540200011582
37947,0,0.05118940207356554,0.4772689071109543
37948,0,0.04019707240905167,0.41663836335057425
37949,1,0.05280095880901049,0.48927072257444953
37950,0,0.05152452103523956,0.4797920706717818
37951,0,0.02534942123606094,0.3046022937212718
37952,0,0.040945283589418686,0.42352183374844055
37953,0,0.05234803991091795,0.48593120685102
37954,0,0.023940022692971265,0.29371721284130264
37955,0,0.041598678159515054,0.429459110042628
37956,0,0.03290803804126811,0.38158263213835547
37957,0,0.05100893134508732,0.4759041089808747
37958,0,0.01888811123894888,0.25710546630593795
37959,0,0.0521415838971004,0.4844002764806893
37960,0,0.025409105203582343,0.322986834392086
37961,0,0.0514267557886803,0.47905747601823784
37962,0,0.0515567645250532,0.4800340740833466
37963,0,0.05320296564596845,0.4922130682570572
37964,0,0.0514646908554,0.4793426610094798
37965,0,0.06955077839137055,0.5596270697018108
37966,0,0.05086430605609859,0.4748073475748965
37967,0,0.05419046288477068,0.4993544234904658
37968,0,0.0548129457560436,0.49829535356938337
37969,0,0.05122946141502506,0.47757128245755215
37970,0,0.03324434264852921,0.3909587253168579
37971,0,0.051308522423410406,0.47816744179637266
37972,0,0.05153833733802381,0.47989578526500665
37973,0,0.02000602174480688,0.2617229533253805
37974,0,0.051517614197406435,0.47974021402778144
37975,0,0.025297489973954406,0.30368033922857174
37976,0,0.019890898170459227,0.26106201368807624
37977,0,0.024947026515563842,0.301374506665846
37978,0,0.02191183926212814,0.29054622186391776
37979,0,0.04863740771670028,0.4891442814857413
37980,0,0.052695026287852505,0.4884919824229472
37981,0,0.051517614197406435,0.47974021402778144
37982,0,0.027375590693798156,0.3228705383154668
37983,0,0.0524065005768444,0.48636372212985013
37984,0,0.051316549550645754,0.4782279252327887
37985,0,0.052115976523416055,0.48421001121820406
37986,0,0.0323441516799736,0.3603862749843922
37987,0,0.022441484548097797,0.28630413717159403
37988,0,0.050636203817475155,0.4730720291425237
37989,0,0.03718414789372421,0.3887380369834461
37990,1,0.05163630316050621,0.4806304793925122
37991,0,0.040134408642074924,0.4160577534183707
37992,0,0.02971680609197872,0.3593992181331341
37993,1,0.04557232737079339,0.4635541054304511
37994,0,0.023880436696548414,0.2929207376694128
37995,0,0.06838008282741043,0.5530117047395743
37996,0,0.023773257919425313,0.29449133759657675
37997,0,0.051499200243513545,0.4796019317810973
37998,0,0.051263821595886834,0.4778304744188397
37999,0,0.05104999822297159,0.4762150447229861
38000,0,0.019000276284448312,0.2496697863253852
38001,0,0.023857413115848256,0.2918360219746084
38002,0,0.05219749580760856,0.4848154163117012
38003,0,0.05129247173198843,0.47804647684580154
38004,0,0.032654561347092784,0.3878362672202859
38005,1,0.05825491516013529,0.5274877421186456
38006,1,0.024931192196454822,0.30309433434061483
38007,0,0.046044690703418184,0.4680545324627201
38008,0,0.0520508477361117,0.48372572042371625
38009,0,0.023779768313245308,0.2937343258648163
38010,0,0.025463939018127154,0.30686885804833525
38011,1,0.05226046442350599,0.4852824736418406
38012,1,0.03085934385215135,0.3673263801825028
38013,0,0.023651624012165695,0.2912663145757282
38014,0,0.05265976007026869,0.4882324145985804
38015,0,0.02388354494653246,0.29457117034552244
38016,0,0.051918501746776466,0.4827399381493035
38017,0,0.04115279560824924,0.4888036515816023
38018,0,0.02679997065037871,0.31804071566662717
38019,0,0.051991600952038614,0.483284696449318
38020,0,0.0397558907015601,0.41253707577567406
38021,0,0.0678343685711859,0.5498853836086962
38022,0,0.019285156927685933,0.25194462033282405
38023,0,0.052402991198290304,0.4863377706307295
38024,0,0.04411018581845072,0.46682050266812597
38025,0,0.05118711386365082,0.4772516290208283
38026,0,0.053752654825224094,0.49620336595969955
38027,0,0.051201988957968216,0.4773639375779496
38028,0,0.0512111448946997,0.4774330516745498
38029,0,0.05177953384531405,0.4817024178566784
38030,0,0.06206156738875273,0.5520761697311012
38031,0,0.05168592938485651,0.48100218029576064
38032,0,0.053242137396861865,0.49249868085835785
38033,0,0.035918932384101786,0.38498540068102305
38034,0,0.10355971608016878,0.6737192210658252
38035,0,0.03590828717300522,0.4203536205630122
38036,0,0.051205422252748094,0.47738985526274025
38037,0,0.051906907635918806,0.48265347231713107
38038,0,0.02147699304084418,0.26842336229335506
38039,0,0.051258093385535206,0.4777872749257805
38040,0,0.05232116869855394,0.48573225685910526
38041,0,0.07062394365528013,0.565583333588272
38042,0,0.0363804682032051,0.40384504689279255
38043,0,0.021446624193373842,0.29305800079068245
38044,0,0.024754117045334086,0.29867046043263057
38045,0,0.023567089181843564,0.3089140811370608
38046,1,0.05143939787152515,0.4791525361745297
38047,0,0.0527785785452265,0.4891063174120176
38048,0,0.051610930424655796,0.48044031510226437
38049,0,0.024592460787100614,0.2984358750813992
38050,0,0.051563676326325796,0.4800859331801466
38051,0,0.03015324008676104,0.36510762232500615
38052,0,0.04103881521857668,0.4243759573546228
38053,0,0.07336850263605506,0.5803582959245249
38054,0,0.05198231312406861,0.48321551856299905
38055,0,0.055179252757958715,0.5063835204306192
38056,0,0.0231915454016368,0.29095576663133105
38057,0,0.05181887234191223,0.48199636631016907
38058,0,0.051201988957968216,0.4773639375779496
38059,0,0.05094738963732257,0.4754377404661487
38060,0,0.051446294791872745,0.4792043878056464
38061,0,0.049212399667433765,0.48333937674485694
38062,0,0.05118596979498132,0.4772429899961782
38063,0,0.024006608068672344,0.31439841760525133
38064,0,0.0261656908075655,0.3162086264810273
38065,0,0.05123175141577931,0.4775885615474183
38066,0,0.06877581476266456,0.5552617878034041
38067,0,0.024777737508338307,0.3005440872909762
38068,0,0.02669279421393609,0.35595797078710745
38069,0,0.027178814257788904,0.33267482618613375
38070,0,0.05122488170401392,0.47753672443890005
38071,0,0.051358998388916145,0.4785476339599959
38072,0,0.05683938851318937,0.5179159094636812
38073,0,0.06113428941328812,0.546237838418978
38074,0,0.05114479943079679,0.4769319942167116
38075,0,0.04111954599057093,0.4251120500761698
38076,0,0.023214715221863177,0.31287102675929573
38077,0,0.040446837556764446,0.4189462422013322
38078,0,0.030735287115298267,0.3549090103968091
38079,0,0.025332342580857294,0.3054771168304037
38080,0,0.030777234731852107,0.3660737593351065
38081,0,0.051576350237816954,0.48018100930469915
38082,0,0.034873536552795084,0.4105862589061242
38083,0,0.05129132543579313,0.47803783659054716
38084,0,0.037163677568774034,0.38671763242475626
38085,0,0.02422647842217072,0.29503962972503983
38086,0,0.019267248728649343,0.250020262094916
38087,0,0.031906721881574056,0.36179821375101756
38088,0,0.032615814821824365,0.3807692412971641
38089,1,0.051687084019483596,0.4810108247546204
38090,0,0.024574928415949618,0.299553410114421
38091,0,0.051645532533823646,0.48069963143785077
38092,0,0.024684047780999464,0.29775759770253774
38093,0,0.02398741459874924,0.294879172718981
38094,0,0.024560600048001577,0.2993502696838542
38095,0,0.027732276901339784,0.32549689280613775
38096,0,0.051840867923612054,0.48216063706311496
38097,0,0.024620615815813204,0.3156773576226337
38098,0,0.05092575278866479,0.47527365798692023
38099,1,0.05134522756033433,0.47844394270475293
38100,0,0.023593770160240696,0.2950083416657091
38101,0,0.05149114609609814,0.47954143427976453
38102,0,0.05193589750293358,0.4828696388339119
38103,1,0.051204277796956424,0.4773812160209418
38104,0,0.023860676652732966,0.29266261062122134
38105,0,0.05342053409231523,0.49379697889162544
38106,0,0.029495177089391256,0.3617986645994601
38107,0,0.030541061739959487,0.36786643963379484
38108,0,0.03140257640819927,0.37497999168904006
38109,0,0.05142560665414613,0.47904883426094796
38110,0,0.051969544921178265,0.4831204000202498
38111,0,0.03641682098627943,0.4022077662628186
38112,0,0.0693133417129016,0.5582953656293911
38113,0,0.0311611716630634,0.3686827725440096
38114,0,0.06907211111493114,0.556937188639074
38115,1,0.036506334716925444,0.4278747144372922
38116,1,0.019947901950842114,0.25578019100888116
38117,0,0.03225773616648508,0.3786466145356637
38118,0,0.040268022590800534,0.41729498349735233
38119,0,0.03999579227928118,0.41477114680876703
38120,0,0.0406732642514457,0.421029749603797
38121,0,0.05103630578886617,0.47611139741496017
38122,0,0.02355472879772978,0.2944900746270072
38123,0,0.06869438915767095,0.5547999752929154
38124,0,0.029101122669725768,0.3366425639146601
38125,0,0.028689588653980382,0.33202621818409433
38126,0,0.024583013751015213,0.2999226511948991
38127,0,0.08596288158500717,0.6404309635860107
38128,0,0.0583713359865103,0.5282644457837326
38129,0,0.05161900228884904,0.48050082130978866
38130,0,0.02823515293583565,0.3255599622073248
38131,0,0.05673214177333296,0.5171809751690692
38132,0,0.04119856766888829,0.4258315419939713
38133,0,0.051404926384906686,0.47889328477890375
38134,0,0.05474610759799004,0.5033192579021939
38135,0,0.054288098075729145,0.49455575932770046
38136,0,0.02351195676192417,0.29337925795255126
38137,0,0.02620583833420566,0.3105956071419016
38138,0,0.05205317243912049,0.483743016002589
38139,0,0.03729431566211241,0.38616935854319034
38140,0,0.05191038561217825,0.48267941195794944
38141,0,0.0512111448946997,0.4774330516745498
38142,1,0.051772594689088354,0.4816505459090561
38143,0,0.032759410746517906,0.38025813742297343
38144,0,0.02878453478554353,0.33115450962239484
38145,0,0.03727064136267204,0.3859395525289899
38146,0,0.031073939528739873,0.3712461765996439
38147,0,0.051201988957968216,0.4773639375779496
38148,0,0.051038587619871865,0.4761286718236424
38149,0,0.026339522768462343,0.3154235066011557
38150,0,0.05165937951847658,0.48080336089153103
38151,0,0.051465840815908,0.4793513031900309
38152,1,0.023897667112432977,0.2926224376441353
38153,0,0.02517363214711211,0.30564866420572534
38154,0,0.023416069384681847,0.29104326101452177
38155,1,0.01875813518661586,0.2453846540034764
38156,1,0.04099526518499142,0.4239784373787674
38157,0,0.028554228182923233,0.3593857731765538
38158,0,0.05273031480860745,0.48875155645361357
38159,0,0.0252929075582877,0.3071064825530144
38160,0,0.05169978661008788,0.4811059145512567
38161,0,0.024896983402306595,0.30206766717014166
38162,0,0.024175141107453942,0.2981751476318415
38163,0,0.05173791209359717,0.48139119212593234
38164,0,0.02341952008348266,0.2892489993202928
38165,0,0.04023617114353942,0.4170003098287921
38166,1,0.024017227322813424,0.29339423694557226
38167,0,0.051258093385535206,0.4777872749257805
38168,0,0.0518443417169067,0.48218657490383177
38169,0,0.052987415760095385,0.4906379678432146
38170,1,0.05136244164186552,0.4785735570630077
38171,0,0.02681588224364929,0.3245532888445263
38172,0,0.023584500497900566,0.3291841661009852
38173,0,0.028261158946408838,0.3309605282678028
38174,0,0.02438832763049061,0.2974130117935452
38175,0,0.032132628790074315,0.37751381384679067
38176,0,0.052298980570427867,0.4855679102733454
38177,0,0.04108704983514579,0.42481588070425513
38178,0,0.06879995802912253,0.5553986028477307
38179,0,0.05182697495064802,0.4820568866630077
38180,1,0.025131313932962796,0.3040400845133039
38181,0,0.05186982292548207,0.48237678866000633
38182,0,0.03322417431905671,0.3657096087222189
38183,0,0.051661687690510764,0.48082064929494317
38184,0,0.052706786649364554,0.4885785064171529
38185,0,0.04142153758920287,0.4278562583326351
38186,0,0.02457120477992529,0.2976346025356945
38187,0,0.025018316949956525,0.30525819775454066
38188,0,0.026253476929593133,0.3157596302601184
38189,0,0.0527397288491416,0.4888207772254548
38190,0,0.036347200133518484,0.4038347650372436
38191,0,0.05370594517411279,0.4958657661216986
38192,0,0.05129247173198843,0.47804647684580154
38193,0,0.01895951953902291,0.2493373534904751
38194,0,0.0527520263113556,0.4912038828777309
38195,0,0.024600580855475167,0.29801116149282114
38196,0,0.050914368466665444,0.47518730092938466
38197,0,0.023248022994540485,0.2895907324709711
38198,0,0.02413845209732741,0.2949688603963116
38199,0,0.04814491665483412,0.48216081481745987
38200,0,0.051201988957968216,0.4773639375779496
38201,0,0.051536034377617355,0.4798784993788901
38202,0,0.03042613290705479,0.36620334325690895
38203,0,0.03882286435612959,0.40142435284011735
38204,0,0.05152106750686992,0.4797661422952813
38205,0,0.06845214992825456,0.553422531092766
38206,0,0.02513709156659323,0.30165587696764085
38207,0,0.04572087724999759,0.46534831269643145
38208,0,0.0510945226428931,0.476551912577599
38209,0,0.052585773555278346,0.4876873429909407
38210,0,0.03320357065254954,0.3745242367810481
38211,0,0.03779732130856531,0.3934616882702953
38212,0,0.06913727279439091,0.5573045792241131
38213,0,0.05120656673273869,0.47739849451806676
38214,0,0.025017633477309682,0.3014736223493899
38215,0,0.04032906275385148,0.4178592377192033
38216,0,0.05144514524441684,0.4791957458359811
38217,0,0.03047564888325328,0.34344438402646593
38218,0,0.05134293276181293,0.47842666100923514
38219,0,0.02430377784853996,0.2979039271181403
38220,0,0.025530534704009945,0.3083032623006691
38221,0,0.051617849092312554,0.4804921775307969
38222,0,0.0253577409699293,0.3068907746311484
38223,0,0.03939951463009455,0.4092011112918516
38224,0,0.02565469992982884,0.30628885637867953
38225,0,0.028468789798592107,0.3294582050007287
38226,0,0.051201988957968216,0.4773639375779496
38227,0,0.028839648954315806,0.35988087662134016
38228,0,0.052110158323445094,0.48416676974948597
38229,1,0.035499160415109546,0.39852597103932214
38230,0,0.021091536660676674,0.2686104477938058
38231,0,0.05121915760989531,0.4774935272180347
38232,0,0.05335981602333899,0.49335554729593395
38233,0,0.05140607508237169,0.478901926309702
38234,0,0.024693252197751044,0.3002775198577487
38235,0,0.027315875428741206,0.3193383935579624
38236,0,0.023771569147921053,0.296592021411607
38237,1,0.05114365625690621,0.476923355699264
38238,0,0.05361981254204359,0.49524251501438504
38239,0,0.051216868141681526,0.47747624842391634
38240,0,0.030571772432554243,0.36551739290454066
38241,0,0.06859198022832477,0.5542182990637086
38242,0,0.053953101592040024,0.4976490211218012
38243,1,0.040157102084910905,0.4162680925157926
38244,0,0.0399505923640612,0.41435093811907103
38245,0,0.02384185033556807,0.29456806837130106
38246,0,0.029353069825610013,0.3378057509005703
38247,0,0.024617801042799054,0.3030509537347995
38248,1,0.031331141484339145,0.370016830902214
38249,0,0.051455492046126525,0.47927352401060164
38250,0,0.023994241847233977,0.29203087453244597
38251,0,0.023341335842704238,0.28927159069778824
38252,0,0.03163057480990479,0.378511221273921
38253,0,0.024607271924810815,0.3029336862274957
38254,0,0.03411572923829643,0.4016051768291713
38255,0,0.02330107590055879,0.29299949405502823
38256,0,0.032350501699031836,0.3784418384218627
38257,0,0.05239012537624108,0.4862426157652591
38258,0,0.05188372675595627,0.4824805437741895
38259,0,0.02879210451326262,0.32518834600501106
38260,0,0.03180210065703307,0.3753112072979236
38261,0,0.027683635348143516,0.32378734981254925
38262,1,0.036928078508908294,0.39233963687960055
38263,0,0.024885833106300482,0.3008988574531194
38264,0,0.05010660456107114,0.4690169301794433
38265,0,0.02577584928492046,0.31402685461660257
38266,0,0.039600872156745306,0.40945042507993484
38267,0,0.05093486198064256,0.47534274469794835
38268,0,0.024457263889202017,0.30258876021123876
38269,0,0.04019525474947537,0.4166215308143435
38270,0,0.0513509649810889,0.4784871471692027
38271,1,0.03697906019648213,0.39035686487863736
38272,0,0.025040511288520157,0.3079979906088466
38273,0,0.050689454258625456,0.4734777433972894
38274,0,0.025667783117732032,0.30833522921081535
38275,0,0.032926897966531164,0.37275086103579264
38276,0,0.02370840809223803,0.29305809355394363
38277,0,0.031905824319272746,0.3771274363934433
38278,0,0.07420889392957968,0.584753996609841
38279,0,0.040651210142893905,0.4208271788727928
38280,1,0.0506713205002678,0.47333962394717477
38281,0,0.040422159787085764,0.41871866414514414
38282,0,0.01993263439303019,0.2599638799767913
38283,0,0.051210000317908747,0.4774244123651627
38284,0,0.024643726569522673,0.2996233747528604
38285,0,0.05128788669260181,0.47801191590365555
38286,1,0.05124549345401269,0.47769223721158083
38287,0,0.01914220006967388,0.2510514174803446
38288,0,0.04027348526382799,0.4173455049210039
38289,1,0.0582349510026269,0.5179298006280755
38290,0,0.05177837725821862,0.4816937725046559
38291,0,0.048746404426065156,0.4799833010971876
38292,0,0.051246638781250346,0.4777008769371447
38293,0,0.024400860018679273,0.29650085870226667
38294,0,0.06420287811756752,0.5651980998660849
38295,0,0.051697476828640856,0.4810886253953169
38296,0,0.04035733520232947,0.41812038343977215
38297,0,0.02412761834293517,0.3138139250848436
38298,0,0.051617849092312554,0.4804921775307969
38299,0,0.05273737519022515,0.48880347199219654
38300,1,0.02638545882707359,0.3148619535661749
38301,0,0.055419226021124,0.5080712715456974
38302,0,0.03364376389906097,0.36871828404117846
38303,0,0.030920249102130894,0.3674341864955164
38304,0,0.05177606415729847,0.4816764818334978
38305,0,0.05139573767913291,0.47882415298769593
38306,0,0.051213434120885644,0.4774503303338255
38307,0,0.020050526553781683,0.25871637333545194
38308,0,0.053044183906767066,0.4910533621745575
38309,0,0.05359590994661957,0.49506939224795055
38310,0,0.03804490549176339,0.4446176557175782
38311,1,0.052102013874717634,0.48410623209171866
38312,0,0.05164784012086101,0.48071691956483015
38313,0,0.04524430730194922,0.4613358800101718
38314,0,0.03629988421245929,0.4033349580035622
38315,0,0.05247439221650682,0.4868654653967625
38316,1,0.051125368762105966,0.47678514130121086
38317,0,0.031082551460595607,0.36808495372202804
38318,0,0.03086236810271621,0.36975478434613224
38319,0,0.051240912387204594,0.4776576784428554
38320,0,0.06863262565740019,0.5544492766102614
38321,0,0.024233747490299946,0.29434575730663115
38322,0,0.024437898835823958,0.29697779486341114
38323,0,0.02533737267823121,0.3282522786231532
38324,0,0.05202528247820953,0.48353547163836236
38325,0,0.039946978486461476,0.4143173267993795
38326,1,0.014354450737369415,0.2529224681270538
38327,0,0.02552605964740349,0.3046799182698469
38328,0,0.03860104572574694,0.40085848951144293
38329,0,0.05117453043873415,0.47715660049938136
38330,0,0.05142790494750039,0.4790661177880615
38331,0,0.050785892895636585,0.47421157053320095
38332,0,0.0511974115703595,0.47732938085452786
38333,0,0.025852028158999327,0.3169176295901834
38334,0,0.026413012399786044,0.311648373086263
38335,0,0.024788973751718447,0.2996261683317241
38336,0,0.031159236291213185,0.3704478300837046
38337,0,0.051297057159105784,0.4780810379981345
38338,0,0.0396418383016497,0.4114716961099929
38339,0,0.052866973830766065,0.489755298526633
38340,0,0.05099752942788258,0.4758177412461289
38341,0,0.051205422252748094,0.47738985526274025
38342,0,0.040042852177472096,0.41520829541313853
38343,0,0.025556386386292332,0.3064574038693015
38344,0,0.05279742448749133,0.4892447637093674
38345,0,0.05203341559090542,0.4835960048277407
38346,0,0.0483170556218797,0.47743789085122684
38347,0,0.04072476840340858,0.4215025179403956
38348,0,0.0563025506678522,0.5142232265051355
38349,0,0.07067498449545714,0.5658640768725097
38350,0,0.02462660378783045,0.29889257356491233
38351,0,0.05173444504244021,0.4813652572968155
38352,0,0.051260384597013715,0.4778045546831666
38353,0,0.051455492046126525,0.47927352401060164
38354,0,0.0652280285917455,0.5713063830799229
38355,0,0.036156103352818374,0.4061811929279411
38356,0,0.043467787620110165,0.4537790868770811
38357,0,0.05130622917664808,0.4781501609320435
38358,0,0.026397133797888845,0.31415022805811854
38359,0,0.1051271142464319,0.6701430769847599
38360,0,0.052103177293738555,0.4841148803000258
38361,0,0.040597042461894516,0.42032930593597895
38362,0,0.05091209189129272,0.47517002969578864
38363,1,0.051235186598481586,0.47761448028277675
38364,0,0.05137277271083769,0.4786513270639002
38365,0,0.03401534471375579,0.39594350957963276
38366,0,0.030627433681190377,0.3646509967315268
38367,1,0.069477640909815,0.5592174050821843
38368,0,0.04785273880846579,0.48263514360688775
38369,0,0.05954232742602861,0.5359888938211819
38370,0,0.03633146786160197,0.4102084437083699
38371,0,0.024156398490367995,0.2960095812298829
38372,0,0.04028987754296458,0.41749707959930205
38373,0,0.02771790262543922,0.3216521358123021
38374,0,0.05140837255013549,0.47891920940917354
38375,0,0.02983074582507622,0.3407382142527813
38376,0,0.051529126080274226,0.4798266420097653
38377,0,0.04098230138826347,0.4238600461629916
38378,1,0.05122717151110449,0.47755400342136567
38379,1,0.03300273837011789,0.37858759901651273
38380,0,0.051412967777011,0.4789537757594715
38381,0,0.0411232614028626,0.4251459014317236
38382,0,0.05121801286368646,0.47748488781423987
38383,0,0.05449188649205137,0.5015099993257173
38384,0,0.026596702783028604,0.3158056011882264
38385,0,0.051496898936972804,0.4795846467195933
38386,0,0.051315402745459295,0.47821928470274516
38387,0,0.039885584747538956,0.41078117801664826
38388,0,0.05114479943079679,0.4769319942167116
38389,0,0.05192082086267614,0.482757231439933
38390,0,0.032873057327225785,0.3814993057474932
38391,0,0.051989278848012396,0.48326740191757295
38392,1,0.025335276934477968,0.30926089674609425
38393,0,0.02410461875440267,0.29398634458052675
38394,1,0.025541686136526135,0.30652245221180346
38395,0,0.025351565362141084,0.3043617476757699
38396,0,0.024804693047320175,0.30170548331520625
38397,0,0.05137047674789133,0.4786340447519147
38398,0,0.02436275606058884,0.29600993372043183
38399,0,0.04053011710317295,0.41971351805640383
38400,0,0.025193270238956605,0.30423430702031307
38401,0,0.05178300375314726,0.48172835397845826
38402,0,0.0283341931388144,0.343613305032151
38403,0,0.05178300375314726,0.48172835397845826
38404,0,0.050353845727684025,0.47091458510166917
38405,0,0.02536109408047992,0.30394690600831503
38406,0,0.051923140076493665,0.4827745247718643
38407,0,0.053173308187310246,0.4919966984481394
38408,0,0.04017617407787889,0.4164448009276141
38409,1,0.0241452586710316,0.29610944449695265
38410,0,0.024713346593555414,0.29866059584598015
38411,0,0.05980404811845579,0.5376936624866671
38412,0,0.05282216943000331,0.48942647697525893
38413,0,0.032222706469937135,0.37643527193894055
38414,0,0.040324504458833774,0.4178171217506711
38415,0,0.05094283378847021,0.4754031963444115
38416,0,0.029054599825582405,0.3320871313365039
38417,1,0.04030992123130523,0.4176823587083106
38418,1,0.05160747141966842,0.48041438404599884
38419,0,0.024186591812137215,0.29478618882055485
38420,0,0.05149114609609814,0.47954143427976453
38421,0,0.053792208301683284,0.4964890300774342
38422,0,0.06892835079075488,0.5561252914633105
38423,0,0.03227417366179859,0.3826590550186897
38424,0,0.032672508312057924,0.3598261651768528
38425,0,0.05146124111967891,0.47931673454203017
38426,0,0.028114724869347393,0.3263995143967985
38427,0,0.07089034902602358,0.5670461357224306
38428,1,0.03203123960029159,0.3770218969171888
38429,0,0.026713404536726732,0.31805757259871875
38430,0,0.0250007726234324,0.3023433665970492
38431,0,0.04249973699044149,0.4351463939302724
38432,0,0.052813919899337675,0.4893659055737734
38433,0,0.0513168463541232,0.4760615843622638
38434,1,0.051005510516669,0.47587819850888097
38435,0,0.031912685698600445,0.3729951987313767
38436,0,0.028468805231937927,0.32746816247230276
38437,0,0.02492529882584587,0.3008510099883297
38438,0,0.026019285806745847,0.3301252751360497
38439,0,0.02647301460961665,0.3178177134934518
38440,0,0.05133719618992894,0.47838345699645696
38441,0,0.021156688070522657,0.28002328861162795
38442,0,0.026717953326490143,0.3219624777173381
38443,0,0.05170556149059018,0.4811491376389693
38444,0,0.05384738925363356,0.4968872323282718
38445,0,0.05134637499597567,0.47845258357186404
38446,0,0.019347948825103344,0.25361465644473813
38447,0,0.040789236417568354,0.422093680694961
38448,0,0.04398624851737943,0.4505733262413878
38449,1,0.05047564103222994,0.4718464723534769
38450,0,0.051367032985449285,0.4786081213798474
38451,0,0.05149114609609814,0.47954143427976453
38452,0,0.05133719618992894,0.47838345699645696
38453,0,0.024109650470864608,0.29435109597387416
38454,0,0.05242405080017904,0.4864934807255339
38455,0,0.054014456239384195,0.49809051757718437
38456,0,0.07371679113810092,0.5821872184836314
38457,0,0.05403251424048598,0.49822037007332964
38458,0,0.051258093385535206,0.4777872749257805
38459,0,0.051201988957968216,0.4773639375779496
38460,0,0.051842025830261484,0.48216928299934564
38461,0,0.02368315964611887,0.2919232271740659
38462,0,0.05720291319776054,0.5203968022830514
38463,1,0.052199826699574514,0.4848327142633945
38464,1,0.04025527911419457,0.417177106929217
38465,0,0.05388460652288959,0.4971555882772873
38466,0,0.05188372675595627,0.4824805437741895
38467,0,0.051481942814856095,0.4794722950130591
38468,1,0.06870493928934471,0.5548598452338498
38469,0,0.03637407054092376,0.38197337622340805
38470,0,0.042802121261031854,0.44021519075994
38471,0,0.03167544988636813,0.37300507888473067
38472,0,0.026388097995841308,0.3189778870977941
38473,0,0.05362220335459425,0.49525982735445856
38474,0,0.03758854309689701,0.4159053509934815
38475,0,0.06868233370174913,0.5547315505557598
38476,0,0.024791627714216623,0.3012909932258009
38477,1,0.024130839277167002,0.2964673295800044
38478,0,0.031082584966963128,0.3714659180381672
38479,0,0.026218180181568476,0.31114802902759114
38480,0,0.05602533245917592,0.5123027380256875
38481,0,0.0976752796968357,0.6511709477293587
38482,0,0.05279271240629219,0.48921015197951534
38483,1,0.023609574230335034,0.2912348951599135
38484,0,0.03762342787459566,0.41353266900974894
38485,0,0.031319714471089506,0.3704977935053684
38486,0,0.05114479943079679,0.4769319942167116
38487,0,0.05087113000422425,0.4748591576882334
38488,0,0.025720470885161814,0.31038414988470847
38489,0,0.05139114390882996,0.47878958739608013
38490,0,0.025857826544392545,0.31451486585654415
38491,1,0.02519464806367212,0.3042706970868983
38492,1,0.05117681811647469,0.4771738782895694
38493,0,0.032816032489161456,0.384458398632323
38494,1,0.05221614569744541,0.4849538009404587
38495,0,0.037745495774005086,0.41109609390602847
38496,0,0.051367032985449285,0.4786081213798474
38497,1,0.03950842300525506,0.40726564987771874
38498,0,0.02410278890965856,0.29424347570730136
38499,0,0.05140033183781553,0.47885871878208036
38500,0,0.0515567645250532,0.4800340740833466
38501,1,0.052163708924359384,0.4845646001214507
38502,0,0.030615087721588743,0.3660154391247722
38503,0,0.03796534936053119,0.41868897336120453
38504,0,0.027019778020538805,0.3190348578884709
38505,0,0.04102769185297972,0.424274453569648
38506,0,0.025578075013246195,0.3126716144842503
38507,0,0.02517059457674067,0.302079136850494
38508,0,0.05139573767913291,0.47882415298769593
38509,0,0.05149459772768582,0.47956736170696734
38510,0,0.05256230631139092,0.4875143104470519
38511,0,0.030599483218954067,0.36824657581671166
38512,0,0.05127757177147315,0.47793415455403104
38513,0,0.03847744129265797,0.39854673385361467
38514,0,0.05131999011166281,0.47825384690106937
38515,0,0.018858032005432943,0.24969067506811027
38516,0,0.0515567645250532,0.4800340740833466
38517,0,0.05146124111967891,0.47931673454203017
38518,0,0.051661687690510764,0.48082064929494317
38519,0,0.01954262644418262,0.2530570838967199
38520,0,0.052091544208236605,0.4840283986459455
38521,0,0.05128444816749281,0.47798599533517966
38522,1,0.05442274676773715,0.5010165563119663
38523,0,0.02446585404570418,0.2968285964115214
38524,0,0.051246638781250346,0.4777008769371447
38525,0,0.052433413189371995,0.48656268605545716
38526,0,0.02767418216273321,0.3214461403792812
38527,1,0.05147849198547752,0.47944636799062973
38528,0,0.0402007079644675,0.41667202900607375
38529,0,0.0357885702231277,0.399979336086975
38530,0,0.05104999822297159,0.4762150447229861
38531,0,0.10480665164809924,0.6704112869625051
38532,0,0.051201988957968216,0.4773639375779496
38533,0,0.039317567552094784,0.40547802548943523
38534,1,0.0513498174484275,0.4784785062505442
38535,0,0.05189067999225195,0.48253242189834006
38536,0,0.023655445043942503,0.289457248223137
38537,0,0.02620028002211274,0.3133877956395202
38538,0,0.028425835065430404,0.3269650334001749
38539,0,0.05116309350116816,0.47707021236928443
38540,0,0.11128499909756465,0.6848063093785655
38541,0,0.052528296377221985,0.48726341858472105
38542,0,0.06875620413660298,0.5551506194099062
38543,0,0.05218933846021124,0.48475487376755116
38544,1,0.03177730427479499,0.3735750644013804
38545,1,0.05521979472558044,0.5066691511321035
38546,0,0.051016914122341994,0.4759645672530736
38547,0,0.054231528280099604,0.499648759521536
38548,0,0.05123060640329776,0.4775799219957779
38549,0,0.051617849092312554,0.4804921775307969
38550,0,0.030904195382160833,0.3678176965291658
38551,0,0.058516520022314215,0.5292308188424809
38552,0,0.023309304804750054,0.3070013221350529
38553,0,0.024384171675964295,0.31229230984706763
38554,0,0.05181192820185968,0.4819444921423725
38555,0,0.02341680309747481,0.29589817936760365
38556,1,0.02379838138459608,0.29210953731325373
38557,0,0.024634102663363237,0.29949985683377817
38558,0,0.038926220659839625,0.44417140839019315
38559,0,0.051282155938570974,0.4779687150220509
38560,0,0.04014166920650314,0.41612505860722476
38561,1,0.05148769468331098,0.47951550696276884
38562,0,0.025873974832693956,0.31145741057626664
38563,0,0.02380361229390795,0.29536053714666605
38564,0,0.038951128510466074,0.40233326705805716
38565,0,0.05127642579026811,0.4779255144700223
38566,0,0.05179225791545963,0.48179751745085264
38567,0,0.05119970021577044,0.47734665918913116
38568,0,0.024488030725970725,0.30082075974920386
38569,1,0.03459563275682917,0.41288070377586006
38570,0,0.051201988957968216,0.4773639375779496
38571,0,0.06832307957222189,0.5526864158337149
38572,0,0.02192852784363161,0.27440862557113826
38573,0,0.024829584997341034,0.3369029881927782
38574,0,0.05136244164186552,0.4785735570630077
38575,0,0.02151282369238353,0.27971329565330166
38576,0,0.02492059534239227,0.3171662098869799
38577,0,0.051639763992727176,0.48065641132269027
38578,0,0.0779859588894601,0.6037957546241374
38579,0,0.01838777341325706,0.2396983476531863
38580,0,0.03963107793141921,0.41137107304716464
38581,0,0.025912695871266007,0.3100656252040241
38582,0,0.02474707116027741,0.3010050728119786
38583,0,0.04534168504868412,0.4603336814413109
38584,0,0.0551141985501724,0.5059247715711455
38585,0,0.04087134399816717,0.4228456241607812
38586,0,0.027821265877217668,0.31985036276156
38587,0,0.05189464730850528,0.4746510509854073
38588,0,0.05869977791410177,0.5304471010967712
38589,0,0.031131953213841577,0.3701170715214856
38590,0,0.02398359578367732,0.2921724094710634
38591,0,0.0512111448946997,0.4774330516745498
38592,0,0.030898374966412474,0.3671847212324795
38593,0,0.03634837835126165,0.38564516579291863
38594,0,0.051207711236928695,0.47740713378691607
38595,0,0.051563676326325796,0.4800859331801466
38596,0,0.018969597967912626,0.24682672413843684
38597,0,0.055250527007611926,0.5068855351388428
38598,0,0.06898884765390234,0.5564671796977745
38599,0,0.05707346679458764,0.5195152001221873
38600,0,0.05542169236777115,0.5080885809262133
38601,0,0.051201988957968216,0.4773639375779496
38602,0,0.05108881233128521,0.4765087231923844
38603,0,0.060922356388179166,0.5448899846617599
38604,0,0.02926543274825876,0.359068678503027
38605,0,0.028423437652854232,0.32538415459871145
38606,0,0.0590325690481309,0.5326458324477068
38607,0,0.04695456332643488,0.4664355000674884
38608,0,0.05139458920014771,0.4788155115707695
38609,0,0.05146929084324132,0.47937722980581543
38610,0,0.05267151299876162,0.48831893650848196
38611,0,0.029272337354954606,0.35944173925208434
38612,0,0.029959577075023242,0.3628470420521027
38613,0,0.03353982340480496,0.37022915836845166
38614,0,0.025768438665241308,0.31176057079145597
38615,0,0.051263821595886834,0.4778304744188397
38616,0,0.03989280790529007,0.41381325290334064
38617,0,0.02441305951532523,0.29614965508884933
38618,0,0.055124013423186034,0.505994017340292
38619,0,0.05267268842785026,0.4883275887380547
38620,0,0.05160977739863578,0.4804316714051267
38621,0,0.051360146115639375,0.47855627498150205
38622,0,0.05080406546178968,0.4743497152548388
38623,0,0.053363385871046595,0.49338151358033755
38624,0,0.0389587924364025,0.40504708742418327
38625,0,0.06965451176826892,0.5602072887955283
38626,0,0.05182002978412355,0.4820050120425618
38627,0,0.05111736992872117,0.47672467361882714
38628,1,0.051201988957968216,0.4773639375779496
38629,0,0.05099752942788258,0.4758177412461289
38630,0,0.02371604282192923,0.29315853986547247
38631,0,0.024460439838770276,0.3067396534146087
38632,0,0.029652964639094486,0.36099830088213825
38633,0,0.0516259219796712,0.4805526842286874
38634,0,0.024512733270669277,0.2971483949495327
38635,0,0.03311936011705896,0.36576751591684076
38636,0,0.024658102206610293,0.299826621205983
38637,1,0.05335029753113684,0.493286304046487
38638,0,0.05409154338710098,0.4986445564748196
38639,0,0.0688784778627721,0.5558431936359128
38640,0,0.05445669980366186,0.5012589496784994
38641,0,0.05219749580760856,0.4848154163117012
38642,0,0.024810701550084403,0.30447016877478805
38643,0,0.02584166761813923,0.310962045753935
38644,0,0.02755975630594635,0.33904039387837265
38645,0,0.02745834858237541,0.32333523957495164
38646,0,0.05104543369210307,0.47618049539222673
38647,0,0.051481942814856095,0.4794722950130591
38648,0,0.051238621999079824,0.47764039913868267
38649,0,0.04039201765423367,0.4184405601661416
38650,0,0.05140607508237169,0.478901926309702
38651,0,0.08087428638103668,0.6176007430143389
38652,0,0.019447787096302138,0.2516978486613437
38653,1,0.024042087953765105,0.29371738829111615
38654,0,0.046624811364903616,0.47966888865448
38655,0,0.05186287233110777,0.48232491167220454
38656,0,0.06750888107685958,0.5480076819096621
38657,0,0.024143658460010275,0.2950550270916435
38658,0,0.0405044751507451,0.41947739165424264
38659,0,0.05141641445211124,0.4789797006544683
38660,0,0.030485714561916837,0.3653844327110486
38661,0,0.03400908785352037,0.38944609724890417
38662,0,0.051548701864224306,0.47997357234761046
38663,0,0.0197290964935086,0.25288284347671114
38664,0,0.051510708235149284,0.4796883578203408
38665,0,0.05128444816749281,0.47798599533517966
38666,0,0.02444545192133768,0.29684859318264684
38667,0,0.030507707466444448,0.3713657793069036
38668,1,0.0380384181229795,0.39945677667465446
38669,0,0.027827557302678513,0.3235479648757117
38670,0,0.0403336215424843,0.4179013548856799
38671,0,0.029926134765380193,0.34432796662868204
38672,0,0.052102013874717634,0.48410623209171866
38673,0,0.022141750247317172,0.289575318378876
38674,0,0.024591043480042787,0.30188661752356216
38675,0,0.030524491880642667,0.36763352397141097
38676,0,0.02488480375116761,0.3021973856218879
38677,0,0.0410619981690732,0.4245874440538165
38678,0,0.058575033124605935,0.5610185783167854
38679,0,0.02426047080118108,0.29547915893454585
38680,0,0.03443668457757392,0.37520755941479267
38681,0,0.051476191554090237,0.4794290833705113
38682,0,0.02684626673043002,0.31774536082133376
38683,0,0.024083220326946927,0.29318485010921314
38684,0,0.0512111448946997,0.4774330516745498
38685,0,0.03042727982131594,0.3707306530187674
38686,0,0.026003552985507612,0.31393067079783676
38687,0,0.051356703008247184,0.4785303519555023
38688,0,0.023918585271306362,0.2921108738882851
38689,0,0.052489620701955515,0.48697792876201773
38690,1,0.0240684224897078,0.2940410029087881
38691,0,0.03150484620946572,0.37227010262151367
38692,0,0.05141181893387252,0.4789451341529905
38693,0,0.06659710798289832,0.5792930088066915
38694,1,0.051303936026840066,0.47813288012001387
38695,0,0.018733824843433475,0.24643012184907406
38696,0,0.053474162992146156,0.4941864854125641
38697,1,0.06898774050732007,0.592783451609112
38698,0,0.051404926384906686,0.47889328477890375
38699,0,0.03546394496051871,0.3761926330842776
38700,0,0.03719031859845225,0.38909851494855147
38701,0,0.0664479014242688,0.5784319668141563
38702,0,0.028840345438250963,0.36230367662821633
38703,0,0.025145407027059183,0.30741860344658145
38704,0,0.05267856594489182,0.4883708499907289
38705,0,0.05156943683005501,0.48012914942200446
38706,0,0.03945316039338846,0.4119849871310649
38707,0,0.06896615557117346,0.5563389778596606
38708,0,0.04058236483984287,0.4201943174380484
38709,0,0.026360746543295788,0.3244845013092051
38710,0,0.025057350860573247,0.30474206580193636
38711,0,0.05170440646570109,0.48114049299883455
38712,1,0.052156721115394176,0.48451270808317154
38713,0,0.05174715863732941,0.4814603521600831
38714,0,0.051577502557647384,0.4801896526600344
38715,0,0.051419861345748066,0.47900562566268784
38716,0,0.034508234913849654,0.40401346233126567
38717,0,0.03546945256066659,0.4150277549522733
38718,0,0.025313882800466907,0.30576106568860634
38719,0,0.05081883520341804,0.47446196073334324
38720,0,0.024771183533138195,0.29888810679235633
38721,0,0.025247797920657664,0.3025202362576039
38722,0,0.05157980727034377,0.4802069394062754
38723,0,0.02022588888066153,0.2575887875999118
38724,0,0.05186634751823323,0.48235085011854845
38725,1,0.02156560550239906,0.27013770549661514
38726,0,0.031214104074022624,0.36869402053188005
38727,0,0.05347893246300702,0.4942211085629007
38728,1,0.04162409607041602,0.4351456570067747
38729,0,0.029484765491035077,0.36522416316254425
38730,0,0.032941605549166725,0.3833190063597985
38731,0,0.020074690528477712,0.2620011087010669
38732,1,0.051450893224636605,0.4792389558087186
38733,0,0.05825103821995564,0.5274618496837148
38734,0,0.04200345209462004,0.43310277284738874
38735,0,0.05201018131357995,0.4834230541412943
38736,0,0.046753370691700144,0.44248294226621604
38737,0,0.052861076465449776,0.489712032020391
38738,0,0.051201988957968216,0.4773639375779496
38739,0,0.03348854859727088,0.3682367764885524
38740,0,0.15322363755966717,0.7580357948624631
38741,0,0.046468703388512576,0.4715736802553399
38742,0,0.037336636444281854,0.4076851272045733
38743,0,0.05392665517520322,0.4974585727619873
38744,0,0.040841750577065725,0.42051527013353696
38745,1,0.05565894326057504,0.5097501850484151
38746,0,0.03219896272095109,0.3599966334362893
38747,0,0.024579533511355008,0.29723198837106496
38748,0,0.051909226262283656,0.4826707654006311
38749,0,0.028214577558991517,0.3560560414140049
38750,0,0.0288349596917803,0.3341404913449127
38751,0,0.0514888451299296,0.4795241493895136
38752,1,0.051336048948306165,0.47837481623268807
38753,0,0.05139803470992498,0.4788414358595626
38754,0,0.05120885576531856,0.4774157730692832
38755,0,0.02506177075332662,0.30152000271801027
38756,0,0.051238621999079824,0.47764039913868267
38757,0,0.05130622917664808,0.4781501609320435
38758,0,0.051201988957968216,0.4773639375779496
38759,1,0.025140609198594496,0.3025560723029367
38760,0,0.024072760696680275,0.3125137072638762
38761,0,0.054781470450506846,0.5035702975578359
38762,0,0.054967172796449235,0.5048860592446244
38763,0,0.051364737265134276,0.4785908391958032
38764,0,0.04013168625484162,0.41603251477941305
38765,1,0.05173675638547091,0.48138254717174517
38766,0,0.04530266940476667,0.4580997636765566
38767,0,0.05211132191433059,0.4841754180242839
38768,0,0.051493447159511326,0.47955871921899645
38769,1,0.0512729879920124,0.47789959429726947
38770,0,0.025330966710152638,0.33936767593910544
38771,0,0.023752688875039802,0.30870009910047724
38772,0,0.029571693562461695,0.3636025724440138
38773,0,0.05663137742468095,0.5164892043423224
38774,0,0.06866274776534921,0.5546203559335809
38775,0,0.05305128396058931,0.4911052873464031
38776,0,0.02285088482524614,0.307765150072447
38777,0,0.051201988957968216,0.4773639375779496
38778,0,0.06935742374141779,0.5585429900456672
38779,0,0.051308522423410406,0.47816744179637266
38780,0,0.05040343240593338,0.4712942187667402
38781,0,0.02453092190804388,0.29898699671803
38782,0,0.030803035521071533,0.36999961181709246
38783,0,0.05645544451011287,0.5152784549091249
38784,0,0.024104822493788695,0.2934647857394726
38785,0,0.05124320287218102,0.4776749578005019
38786,0,0.04013350116000273,0.4160493404898036
38787,0,0.051584416987891485,0.48024151304089424
38788,0,0.02403172900794638,0.29705662086749623
38789,0,0.03303474002978734,0.38835005859685273
38790,0,0.11444931575981535,0.6952825471993871
38791,0,0.02907904262392422,0.334576385410988
38792,0,0.05206712271792025,0.48384679029224015
38793,0,0.06815831829181572,0.5517445367541199
38794,0,0.05169401233940957,0.4810626917463347
38795,0,0.05121228949569184,0.47744169099743916
38796,0,0.03103386099085039,0.3678256589966768
38797,0,0.03506343781172827,0.38382959142343515
38798,0,0.05179110105967325,0.4817888719786038
38799,0,0.0419664993863323,0.43277122550445113
38800,0,0.031754880994772285,0.37243798215678825
38801,0,0.04916237459909314,0.48347486306883863
38802,0,0.019221494509632984,0.2671012101173026
38803,0,0.022650055880196293,0.2868054648651697
38804,0,0.051263821595886834,0.4778304744188397
38805,0,0.051414116644429984,0.47896241737854817
38806,0,0.05137506877084288,0.4786686094269901
38807,0,0.05250836918410612,0.4871163470204231
38808,0,0.053472970687140214,0.4941778296336794
38809,0,0.029734233510620208,0.36408309809479245
38810,0,0.05123747684133567,0.47763175950666176
38811,0,0.05734918839430681,0.5213906128949493
38812,0,0.051246638781250346,0.4777008769371447
38813,0,0.0333430125152702,0.37601555516631835
38814,1,0.02623040586464666,0.3167419433571223
38815,0,0.03493135490270633,0.39847700042514606
38816,0,0.050939417154836505,0.47537728840755766
38817,0,0.051246638781250346,0.4777008769371447
38818,0,0.040263470905542505,0.417252883637217
38819,0,0.12144817790461543,0.70361176886391
38820,0,0.04211069593913677,0.43406374727729274
38821,0,0.030525641332572847,0.36058484367982047
38822,0,0.040574110910939425,0.42011839165238085
38823,0,0.05208921788570485,0.4840111024297545
38824,0,0.024513862191179254,0.30014883731075387
38825,0,0.024121831603708347,0.29342312843653584
38826,0,0.051201988957968216,0.4773639375779496
38827,0,0.04184071480475158,0.4316410184700345
38828,0,0.11956886368513304,0.6992112471423385
38829,0,0.03037241352735794,0.3661680166461885
38830,0,0.05158211208042393,0.48022422619990895
38831,0,0.05150380314837059,0.47963650205057357
38832,0,0.03992620476958812,0.41412407720228955
38833,0,0.05160285975401155,0.4803798094684769
38834,0,0.050937139519552796,0.4753600165232793
38835,0,0.04320541594269098,0.44376799334223765
38836,0,0.03609681486167696,0.4037298750014487
38837,0,0.02449721000548126,0.2961770200154962
38838,0,0.02569875607928516,0.31144539726746706
38839,0,0.036042934077173024,0.38289883840662114
38840,0,0.05169978661008788,0.4811059145512567
38841,0,0.05129476439707897,0.4780637573957152
38842,0,0.07384396483950029,0.5828524893795939
38843,0,0.04013985394741558,0.4161082320166897
38844,1,0.05159709571992407,0.4803365915108762
38845,0,0.027629771894819587,0.3319888608331948
38846,0,0.02357627243237344,0.2913178480506797
38847,0,0.029379309918612078,0.33843137746642227
38848,0,0.03740125347009735,0.38840610441826134
38849,0,0.0650315267395647,0.5701441111995059
38850,0,0.03847000456938766,0.40297097554255634
38851,0,0.019035509720705338,0.2682601184882395
38852,0,0.03118177579614587,0.3704090492899424
38853,0,0.051096806936620484,0.47656918842991114
38854,0,0.05111622733489855,0.47671603543414265
38855,1,0.028589618237694597,0.3337780854853434
38856,0,0.0244840377474624,0.29787310658957716
38857,0,0.05080520145150302,0.4743583494305322
38858,0,0.055382243217336674,0.5078116285390379
38859,0,0.05272443183912651,0.48870829369011076
38860,0,0.024648614840979275,0.300216698580947
38861,0,0.02584864396006204,0.31141138780177385
38862,0,0.05888618473604378,0.5316802662159849
38863,0,0.0242045940246394,0.2944939747568075
38864,0,0.05114251310719027,0.47691471719562223
38865,0,0.025222365718470054,0.3056744021799266
38866,0,0.024501863601532108,0.3185545713071993
38867,0,0.0408702848643205,0.4232633356682274
38868,0,0.05469614853460698,0.502964336942567
38869,1,0.05268326840447055,0.48840545911833055
38870,0,0.03193611038207728,0.3768303146561631
38871,0,0.037013236332640156,0.3888681615688466
38872,0,0.051339490745927155,0.4784007385627968
38873,0,0.027264249319809176,0.3331495488317159
38874,0,0.038316069263293805,0.4014972796687354
38875,0,0.030942942042573744,0.37274234816443896
38876,0,0.051053421874568475,0.4762409568704657
38877,0,0.030190234962789456,0.3646392130166673
38878,0,0.053128258733118924,0.49166782210759286
38879,0,0.02353568338085339,0.28868421078410744
38880,0,0.05131081576713066,0.47818472271296003
38881,0,0.05148999560085851,0.4795327918285139
38882,0,0.051743691000355946,0.48143441706388446
38883,0,0.05669811498124461,0.5169475097446672
38884,0,0.04085472521540711,0.42269351674524414
38885,0,0.027632529795571403,0.3240252426547107
38886,0,0.02472637961778126,0.29962185681706843
38887,0,0.05440214215918331,0.5008693886704569
38888,0,0.05149804957808624,0.47959328924423816
38889,1,0.051321137013822515,0.47826248748319594
38890,0,0.06980732088496136,0.561060252913922
38891,0,0.05126496731062111,0.47783911435726845
38892,0,0.0541421881853266,0.49900814639505037
38893,0,0.052392464394632125,0.486259916575915
38894,0,0.029456381723559612,0.36874236523489173
38895,0,0.05820582513310985,0.527159760396671
38896,0,0.058220031411482395,0.5272547048974785
38897,0,0.03809635451757352,0.39450526160691934
38898,0,0.018520415394045506,0.2442381670175836
38899,0,0.05420857635616852,0.49948427757874586
38900,0,0.05181655753080787,0.4819790748777287
38901,0,0.025617538437074688,0.3082436969982875
38902,0,0.0514888451299296,0.4795241493895136
38903,0,0.05286815337837178,0.4897639518463208
38904,0,0.05624000181232285,0.5137907186756838
38905,0,0.050308157713532184,0.4626743636567265
38906,0,0.05148654426100218,0.47950686454828484
38907,0,0.05145204289356489,0.47924759784056375
38908,0,0.05187909175439761,0.4824459585678355
38909,0,0.05244628905356829,0.48665784422482977
38910,0,0.04044592330801019,0.4189378127687358
38911,0,0.03422642659722302,0.3939076361010424
38912,1,0.0520159889634798,0.4834662914422336
38913,0,0.02441411605252631,0.2971991022455835
38914,0,0.05208340250890966,0.48396786205695164
38915,0,0.051458941417362805,0.4792994502922848
38916,0,0.023363127654768057,0.29568640722376954
38917,0,0.07383312025615141,0.6184404868603592
38918,0,0.06814934191224983,0.551693150791273
38919,0,0.02502916545825769,0.30137272456762326
38920,0,0.051207711236928695,0.47740713378691607
38921,1,0.04029169930182983,0.4175139221930635
38922,1,0.051615542772321686,0.4804748900078526
38923,0,0.028224779922225,0.3262705567932199
38924,0,0.04025618923437541,0.4171855263703276
38925,0,0.051993923154093326,0.4833019910211044
38926,1,0.10785736745259274,0.6757722258771928
38927,1,0.05388700846986054,0.49717290162225053
38928,1,0.05032794380749734,0.47071615359413904
38929,0,0.026990363108809298,0.32170254172929946
38930,0,0.05163630316050621,0.4806304793925122
38931,0,0.052605728492796315,0.4878344229750931
38932,0,0.051339490745927155,0.4784007385627968
38933,0,0.051371624717232396,0.4786426859015168
38934,1,0.03109883629339839,0.3691520498869412
38935,0,0.04036554688821673,0.4181962085447135
38936,0,0.05131196247535112,0.4781933631908378
38937,0,0.025510338119773598,0.30716527006568156
38938,0,0.0360007822086625,0.4024484362350341
38939,0,0.03304130142565015,0.39508747011412887
38940,0,0.05105456314004518,0.4762495942813905
38941,0,0.052407670419033214,0.48637237264590283
38942,0,0.05166284181309468,0.4808292935138746
38943,0,0.030431230466930616,0.3478424797709435
38944,0,0.05154755015287307,0.47996492929041384
38945,0,0.05138540224206621,0.47874638069220643
38946,0,0.025591151938428227,0.30629920615163725
38947,0,0.051293618052416876,0.4780551171141927
38948,0,0.05140722380411447,0.478910567853127
38949,1,0.032908285496535294,0.38250128109359677
38950,0,0.05144399572125406,0.47918710387876745
38951,0,0.041852048975953224,0.4317429630075602
38952,0,0.0374762702747071,0.388532751528889
38953,0,0.04938524731714716,0.4868219234242695
38954,0,0.04058511650680703,0.42021962687274234
38955,1,0.04060163026129073,0.4203714922865245
38956,0,0.05176912544067144,0.48162461008349233
38957,0,0.051928938539451845,0.4828177582821174
38958,0,0.05116080640385713,0.47705293490772194
38959,0,0.051534882933907525,0.4798698564538954
38960,1,0.060217310338173555,0.540369561056713
38961,0,0.051485393863002736,0.4794982221460667
38962,0,0.05166399596005708,0.4808379377442829
38963,0,0.05134293276181293,0.47842666100923514
38964,0,0.029604424301058196,0.36132084368210077
38965,0,0.050961059497345904,0.47554137424033976
38966,0,0.05086658060921034,0.47482461755246747
38967,0,0.05161900228884904,0.48050082130978866
38968,1,0.02433009587929659,0.29611533057423484
38969,0,0.03469061835773924,0.40616601069777813
38970,0,0.052156721115394176,0.48451270808317154
38971,0,0.0514646908554,0.4793426610094798
38972,0,0.05373588285120464,0.49608217585990133
38973,0,0.05134063806030351,0.4784093793653577
38974,0,0.027972634200610698,0.3206485374811873
38975,1,0.058402418379632504,0.5284715438076457
38976,0,0.034298181260325265,0.3758218718287108
38977,0,0.05331937349589614,0.4930612652783319
38978,0,0.05143135256968055,0.47909204317268456
38979,0,0.0248063168846467,0.30715271042492803
38980,0,0.01864584102772211,0.24417249320078177
38981,0,0.05996850217468409,0.5387608492876481
38982,0,0.05150725558233121,0.4796624298806784
38983,0,0.05132228394022664,0.4782711280783305
38984,0,0.05624125214879116,0.5137993690368428
38985,0,0.05115851940327174,0.4770356575010745
38986,0,0.05524806783255237,0.5068682245121601
38987,0,0.04013350116000273,0.4160493404898036
38988,0,0.04021070736635181,0.41676461356492184
38989,0,0.024949984374961515,0.30407911534318244
38990,0,0.10410140450807,0.6719480611093366
38991,0,0.050773402825529515,0.4741165983256927
38992,0,0.04062529004365341,0.47787176064546016
38993,0,0.05126725881275719,0.4778563942739017
38994,1,0.050979291376537256,0.4756795558812646
38995,0,0.033462702417826964,0.3655953944086957
38996,0,0.05111508476523979,0.4767073972633877
38997,0,0.051630535594160316,0.48058725974085886
38998,0,0.052220809153624266,0.4849883974589821
38999,0,0.028122246397161432,0.326210714097844
39000,0,0.05125580227093534,0.477769995221559
39001,0,0.05445548685156675,0.501250292782064
39002,0,0.04000121956136617,0.4148215801979478
39003,0,0.04170681648178119,0.43043511679631447
39004,0,0.04906598071672331,0.4575061083341502
39005,0,0.030718907948665834,0.35168222885345696
39006,0,0.05126496731062111,0.47783911435726845
39007,0,0.03272277955034477,0.39042779403614336
39008,0,0.05152106750686992,0.4797661422952813
39009,1,0.05587477714921324,0.5112558287091138
39010,1,0.0514807925140896,0.47946365265995583
39011,0,0.033971735615242714,0.39035347364678397
39012,0,0.05158095966321066,0.4802155827971707
39013,0,0.07004785685843713,0.5623986771723656
39014,0,0.05143250182564875,0.47910068499259234
39015,0,0.053446746322142545,0.4939874033904155
39016,0,0.050874542303190384,0.4748850629479421
39017,1,0.04045415225944284,0.4190136793651656
39018,0,0.03179503489227451,0.37079987635067096
39019,0,0.1066557301603569,0.6728307240948568
39020,0,0.05255174927908381,0.4874364467760992
39021,0,0.02509899061084765,0.30197260907687734
39022,0,0.03301930598372352,0.3864037009028208
39023,0,0.024898555713952004,0.3015741019834746
39024,0,0.05170556149059018,0.4811491376389693
39025,1,0.025253289715465126,0.3218467998330344
39026,0,0.03607040989132023,0.4007060619012827
39027,0,0.05265858491364868,0.4882237624462867
39028,0,0.051957940036364635,0.4830339296789623
39029,0,0.05130508258962502,0.47814152051948866
39030,0,0.19378508116237816,0.8023621875370904
39031,0,0.10491662495170015,0.6696747406883631
39032,0,0.04120880461874385,0.4259246757364898
39033,0,0.05098043107390244,0.4756881923576873
39034,0,0.04960002454748957,0.48403537559872306
39035,0,0.051251220332357156,0.47773543597277524
39036,0,0.05076545611295142,0.4740561624409645
39037,0,0.04037741103805129,0.41830574052109076
39038,0,0.0545052387708366,0.5016052248616572
39039,1,0.05191038561217825,0.48267941195794944
39040,0,0.051205422252748094,0.47738985526274025
39041,0,0.05292243943694733,0.49016201109919555
39042,0,0.05179804256083802,0.48184074497547463
39043,0,0.024596261492509517,0.29986540937694556
39044,0,0.05250954117424503,0.48712499822740635
39045,0,0.051044292619727115,0.47617185809514506
39046,0,0.05165130168421272,0.4807428518418649
39047,0,0.05130622917664808,0.4781501609320435
39048,0,0.05115851940327174,0.4770356575010745
39049,0,0.05121915760989531,0.4774935272180347
39050,1,0.13824150257180787,0.7338302490457262
39051,0,0.02713014049073013,0.31819698673665037
39052,0,0.05126267590537449,0.4778218344936763
39053,0,0.0511974115703595,0.47732938085452786
39054,1,0.051450893224636605,0.4792389558087186
39055,0,0.05212179533727991,0.4842532529233553
39056,0,0.051039728571574475,0.47613730904940493
39057,0,0.051367032985449285,0.4786081213798474
39058,0,0.1670619666924353,0.7770570564773087
39059,0,0.051577502557647384,0.4801896526600344
39060,1,0.05217069761800114,0.4846164924925629
39061,0,0.051360146115639375,0.47855627498150205
39062,0,0.0522674653652508,0.48533437050254463
39063,0,0.04016527473372384,0.41634382205996134
39064,0,0.05314722253180373,0.49180629549370597
39065,0,0.030710558233567053,0.36591762789707716
39066,0,0.04033270974526618,0.41789293135657696
39067,0,0.05200553563492185,0.4833884644792097
39068,0,0.04138040220009827,0.4274833235884531
39069,0,0.05173444504244021,0.4813652572968155
39070,0,0.053981966176685034,0.49785678374499426
39071,0,0.024124604385526317,0.29345902593992657
39072,0,0.05124434815098973,0.47768359749936495
39073,0,0.05169401233940957,0.4810626917463347
39074,0,0.029342042151478308,0.3608746580156245
39075,0,0.05140837255013549,0.47891920940917354
39076,0,0.030903886231965758,0.3519688250434212
39077,0,0.04037102223466405,0.41824676076282513
39078,0,0.05203922569281177,0.48363924311498613
39079,1,0.11155323834225259,0.6862289374396912
39080,0,0.040203094855755704,0.4143361283993955
39081,0,0.051356703008247184,0.4785303519555023
39082,0,0.051016914122341994,0.4759645672530736
39083,0,0.0524521427064564,0.48670109825833463
39084,0,0.052315328855343755,0.4856890074569907
39085,0,0.05104771590926348,0.4761977700291302
39086,1,0.05167207567142949,0.48089844767805645
39087,0,0.05214507673280001,0.48442622209536806
39088,0,0.051517614197406435,0.47974021402778144
39089,0,0.030446053243990114,0.36492687587707107
39090,0,0.12095718993646032,0.7024608554790851
39091,0,0.023947325292394454,0.29486218089305016
39092,0,0.051639763992727176,0.48065641132269027
39093,1,0.05249782238469237,0.48703848650555753
39094,0,0.034500839805541514,0.40202503208955204
39095,0,0.024773999751908762,0.299718947648148
39096,1,0.06710261129217475,0.5821933311162464
39097,0,0.05093486198064256,0.47534274469794835
39098,1,0.058537288224878234,0.5293688544199966
39099,1,0.051749470517368515,0.4814776422797243
39100,0,0.05294723969591315,0.4903437379798156
39101,0,0.052114812834312255,0.4842013629055252
39102,0,0.05095308499058311,0.47548092094881955
39103,0,0.04109076243702929,0.4248497259047602
39104,1,0.05147159098297574,0.47939451427806296
39105,0,0.09414390262463748,0.645048943939211
39106,1,0.05139688618239186,0.4788327944172953
39107,1,0.019126066575798278,0.24772359110584108
39108,0,0.050874542303190384,0.4748850629479421
39109,0,0.040481593680903635,0.41926659566018276
39110,0,0.024958337563643608,0.30045514091154096
39111,0,0.029526350904178145,0.3363699388623843
39112,0,0.052445118397046055,0.4866491934420885
39113,0,0.051201988957968216,0.4773639375779496
39114,0,0.05139114390882996,0.47878958739608013
39115,0,0.026431677253015585,0.32034401917087996
39116,0,0.05119626728394795,0.4773207417075698
39117,0,0.11295119247790633,0.6876748974848921
39118,0,0.024880433399857467,0.30105821231217855
39119,0,0.05164437877686275,0.4806909873916898
39120,0,0.04067694104995864,0.4210635139792831
39121,0,0.050762050739383724,0.4740302615800952
39122,1,0.053713128781496575,0.49591770432065013
39123,0,0.02478328758343315,0.3001028516821708
39124,0,0.0522639647836178,0.4853084220325899
39125,0,0.03289703677905147,0.3874424115603043
39126,0,0.04323951198573068,0.44406717467251217
39127,0,0.02408975875288284,0.29696768971582693
39128,0,0.05156828468062722,0.48012050614982316
39129,0,0.16806084867008614,0.7788754018632201
39130,0,0.030671179466994988,0.36959866142375497
39131,0,0.025481082083379934,0.30735372737910843
39132,0,0.024947026515563842,0.301374506665846
39133,0,0.03151526895698044,0.3712488170465569
39134,0,0.051386550526877815,0.4787550220075629
39135,0,0.03986124092086299,0.41351929308695273
39136,1,0.019083246352438913,0.24709816899442333
39137,0,0.0510956647776789,0.476560550496744
39138,0,0.030241848475714928,0.3719160852504107
39139,0,0.04006730804861038,0.41543532911780423
39140,0,0.05186634751823323,0.48235085011854845
39141,0,0.014548695716736337,0.22109042337638635
39142,0,0.05189067999225195,0.48253242189834006
39143,0,0.05186287233110777,0.48232491167220454
39144,0,0.05155330895297124,0.48000814469622
39145,0,0.05254353963860536,0.4873758865644898
39146,0,0.05281274149427053,0.48935725254186774
39147,0,0.05360905512991791,0.49516460962583025
39148,0,0.05116194994042171,0.47706157363164137
39149,0,0.04119670666677438,0.4258146091514086
39150,0,0.051157375939250044,0.47702701881835685
39151,0,0.0278082483349434,0.32831368502309416
39152,0,0.051368180882000236,0.47861676249107477
39153,0,0.05123976718103598,0.4776490387840823
39154,1,0.05019637710594034,0.46970688575398667
39155,0,0.051412967777011,0.4789537757594715
39156,0,0.051454342304309404,0.47926488194151035
39157,0,0.02153769277496771,0.2839183311899433
39158,0,0.051508406442285805,0.4796710725150664
39159,0,0.03068318621039911,0.3664834885998435
39160,0,0.021556301792694764,0.27152436947111414
39161,0,0.03557800207580536,0.4005710623153093
39162,0,0.05149804957808624,0.47959328924423816
39163,0,0.03679562797119556,0.4136545960967662
39164,0,0.02178465300109759,0.28241395437542466
39165,0,0.05380899685623544,0.4966102216185762
39166,0,0.05147734175763099,0.47943772567441695
39167,0,0.037683465211021006,0.39479612780736106
39168,0,0.031604864545415494,0.3770121372967891
39169,0,0.05435490054044794,0.5005317682593701
39170,0,0.06758464692523723,0.5795854995700757
39171,0,0.030221316319608803,0.3668217386334984
39172,1,0.05155330895297124,0.48000814469622
39173,0,0.02476135907164087,0.3052108739678961
39174,0,0.05482906131901595,0.503907899750822
39175,0,0.0385926642933346,0.4015721537308272
39176,0,0.030314589229128847,0.34671270300604745
39177,0,0.05122144717492652,0.47751080606601815
39178,0,0.032613914850238075,0.36513842192051843
39179,0,0.05398076319499298,0.49784812695375386
39180,0,0.054173562126096926,0.4992332264196244
39181,0,0.05356007490004167,0.4948097103281347
39182,0,0.02601682749089648,0.30946876208319224
39183,0,0.05136129386662234,0.478564916015841
39184,0,0.05132343089087569,0.47827976868646777
39185,0,0.03986665070303866,0.41356968182787907
39186,0,0.054444571428400375,0.5011723806810375
39187,0,0.05430527796686528,0.5001768334638622
39188,0,0.025711236414193546,0.30916862090425334
39189,0,0.05220099218243989,0.48484136325287147
39190,0,0.05140722380411447,0.478910567853127
39191,0,0.03048878187987201,0.3633507420095712
39192,0,0.028439990918445863,0.3297374669173945
39193,0,0.051971866192108584,0.4831376942099746
39194,0,0.05239831237222987,0.48630316874651575
39195,0,0.05437185461988943,0.5006529654018559
39196,1,0.04039932286028176,0.4185079745591946
39197,0,0.024181703692415464,0.3126177904549464
39198,0,0.04132903792935895,0.42701727108155446
39199,0,0.05156943683005501,0.48012914942200446
39200,0,0.0524065005768444,0.48636372212985013
39201,0,0.051458941417362805,0.4792994502922848
39202,0,0.051499200243513545,0.4796019317810973
39203,0,0.04797585795320449,0.4756533598355558
39204,0,0.05131081576713066,0.47818472271296003
39205,0,0.030666144692888943,0.36538780491081596
39206,0,0.056884868071780746,0.5182271525722607
39207,0,0.02507209558571817,0.3018981804336953
39208,0,0.04856578213368295,0.47726849468143906
39209,1,0.05054455603907978,0.4723729032208728
39210,0,0.031049227761336784,0.37102710282681794
39211,0,0.05482295774985376,0.5038646176110576
39212,1,0.021679096708743347,0.27352001568230067
39213,0,0.05131999011166281,0.47825384690106937
39214,1,0.054362165964281776,0.500583709900346
39215,0,0.05134752245587131,0.4784612244518696
39216,0,0.024864314107044087,0.29899570590855357
39217,0,0.051222591993749816,0.4775194455101964
39218,0,0.11069053128196031,0.6859319959770526
39219,0,0.02431279021038851,0.29752979458989715
39220,0,0.024379553992940374,0.2986586298666544
39221,0,0.03495092321096499,0.37754002841658746
39222,0,0.02509436608443036,0.3038191240041754
39223,0,0.03241941148390055,0.3864087367228711
39224,0,0.025141160951387912,0.30846040939438873
39225,0,0.031583866428834685,0.3750387698561144
39226,0,0.05331818444779318,0.4930526099966618
39227,0,0.051107087454179384,0.4766469304585594
39228,0,0.051799199563206166,0.48184939051303827
39229,0,0.05132801893592963,0.4783143312489417
39230,0,0.02833421259446976,0.3267243328650133
39231,0,0.05126496731062111,0.47783911435726845
39232,0,0.051453192586789015,0.4792562398848294
39233,0,0.04022161852258256,0.4168656215974218
39234,0,0.026505626086581708,0.3179468422313336
39235,0,0.02522901004872955,0.30361741955662985
39236,0,0.023984285494651477,0.29268570900029367
39237,0,0.06300335703277014,0.5579087207783082
39238,0,0.05153948885472133,0.47990442822611823
39239,0,0.025766302875631197,0.3071822362849436
39240,0,0.05179110105967325,0.4817888719786038
39241,0,0.05214274815110063,0.48440892500957883
39242,0,0.02908088966616692,0.3352204079874532
39243,1,0.05271502037715516,0.4886390736206287
39244,0,0.028013840563204814,0.34002814068134857
39245,0,0.051183681730215785,0.4772257119877299
39246,0,0.04236322469010362,0.4363192930990579
39247,0,0.039038161336095736,0.4480664413384424
39248,0,0.02549075310253146,0.3093092896910891
39249,0,0.03159319437215356,0.37269389793714625
39250,0,0.05331105068464148,0.4930006783942761
39251,1,0.03185302518470134,0.3732171755521013
39252,0,0.0514014804381739,0.4788673602623204
39253,0,0.05148424348931222,0.47948957975611955
39254,0,0.0518454996969034,0.48219522087207695
39255,0,0.02477456098061422,0.29917726550702994
39256,0,0.0274277742392055,0.3345775850620335
39257,0,0.05267151299876162,0.48831893650848196
39258,0,0.0513498174484275,0.4784785062505442
39259,0,0.05221381411692667,0.4849365027352523
39260,0,0.05111622733489855,0.47671603543414265
39261,0,0.051258093385535206,0.4777872749257805
39262,0,0.023536347697378647,0.2910519937191301
39263,0,0.02459113310954916,0.3024960610931465
39264,0,0.05128903291610027,0.478020556119469
39265,0,0.05272207882488644,0.48869098863203825
39266,0,0.05129820357647145,0.478089678319021
39267,1,0.05281274149427053,0.48935725254186774
39268,0,0.024242246435795783,0.29793532925288146
39269,0,0.024654919332751928,0.2998045550120264
39270,0,0.030559796453755943,0.3432475739773856
39271,0,0.05102375744370705,0.4760163891900125
39272,0,0.02955463127993463,0.3661386933843965
39273,0,0.04020434383492162,0.41670569543871067
39274,0,0.05159363759170785,0.48031066087752433
39275,0,0.05111851254670815,0.47673331181743583
39276,0,0.05123060640329776,0.4775799219957779
39277,0,0.04001388596437509,0.4149392650463588
39278,0,0.06951267706844828,0.5594137128098058
39279,0,0.031248560355963486,0.3705977109417662
39280,0,0.04170531274825269,0.4423227414760582
39281,0,0.02415105795116487,0.29595881519273853
39282,0,0.05153027740234693,0.47983528487446175
39283,0,0.040714646590119065,0.4214096413446237
39284,0,0.030630296549671494,0.3656246896801739
39285,0,0.05131310920781241,0.47820200368176474
39286,0,0.05149804957808624,0.47959328924423816
39287,0,0.030451884981142634,0.3683253477921449
39288,0,0.05214507673280001,0.48442622209536806
39289,0,0.05217535723863108,0.4846510875909933
39290,0,0.024173323008627307,0.3121958040163307
39291,0,0.051201988957968216,0.4773639375779496
39292,0,0.05106597712256489,0.47633596917118887
39293,0,0.023112724101012797,0.2891203540576875
39294,0,0.02905008589095961,0.36219020291481263
39295,0,0.037832087502187306,0.4149478719030563
39296,0,0.05090753902954577,0.47513548740683664
39297,0,0.04074041594523556,0.421646065420084
39298,0,0.04065947909129608,0.42090313977667704
39299,0,0.02531954985114773,0.30531551417348013
39300,0,0.05159479027676128,0.4803193044101956
39301,0,0.04059245515896504,0.4202871207492633
39302,0,0.04340904020821686,0.4515395049066477
39303,0,0.05137966118204425,0.4787031743063182
39304,0,0.05128100986045397,0.4779600748852585
39305,0,0.0522441323382919,0.48516138220305455
39306,0,0.04093973368111251,0.42347110805841026
39307,0,0.02300706108683622,0.2866298886156182
39308,0,0.05141181893387252,0.4789451341529905
39309,0,0.039497703041644884,0.41012228983227444
39310,1,0.03966247017421926,0.4116645776672516
39311,0,0.025373088618067387,0.305991625670755
39312,0,0.07087948885004695,0.5669866257075147
39313,0,0.04074409855633538,0.4216798432230724
39314,0,0.020669932067213122,0.2634143006989325
39315,0,0.05100437028877078,0.4758695617137329
39316,0,0.025671287788514394,0.30918814637297015
39317,0,0.05785172350378809,0.5247855271788914
39318,0,0.06431336075884556,0.5658617435130616
39319,0,0.03970735759176807,0.4120839789622442
39320,0,0.022933222726972683,0.2890647337402052
39321,0,0.05175756286652021,0.4815381580475228
39322,0,0.05202179722629617,0.48350952899071836
39323,0,0.051472741089297995,0.47940315653268856
39324,0,0.051356703008247184,0.4785303519555023
39325,0,0.051403777711719015,0.4788846432607373
39326,0,0.05285282119751794,0.48965145917074654
39327,0,0.05469127677994973,0.5029297103417748
39328,0,0.03102938712294095,0.3674810830094844
39329,0,0.05169170280187629,0.4810454027036919
39330,0,0.030888901011153755,0.3679368910414991
39331,0,0.025351979586435567,0.30520800161768924
39332,0,0.0508586200944431,0.4747641728947094
39333,0,0.05179804256083802,0.48184074497547463
39334,0,0.050788164129895556,0.4742288384079552
39335,0,0.05084383940930324,0.47465192049352
39336,0,0.051204277796956424,0.4773812160209418
39337,0,0.05334553888589955,0.4932516825181836
39338,0,0.05097815170328206,0.47567091941938844
39339,0,0.05146009125637136,0.47930809241096534
39340,1,0.1205522812876107,0.7026842225465934
39341,0,0.024740622540036627,0.29955764030734894
39342,0,0.05097473282817179,0.47564501012109145
39343,0,0.04141686114349451,0.42781387524745357
39344,0,0.05153718584565596,0.4798871423159288
39345,0,0.04156206610351138,0.4291282405595196
39346,0,0.031238090833546735,0.37077382709258927
39347,0,0.03886980923925706,0.4042045488623395
39348,0,0.05250368147063284,0.48708174226973355
39349,0,0.05106711865360202,0.4763446067381105
39350,0,0.05203457756223792,0.48360465246556184
39351,1,0.02419433489786135,0.29755765125229733
39352,0,0.051799199563206166,0.48184939051303827
39353,0,0.05201715056700795,0.4834749389321475
39354,0,0.05255174927908381,0.4874364467760992
39355,0,0.11957099491798935,0.7021509637086856
39356,0,0.040348212983768575,0.41803613786183264
39357,0,0.051855922617178155,0.482273035065417
39358,1,0.04013350116000273,0.4160493404898036
39359,0,0.05202063552469685,0.4835008814612488
39360,1,0.11755144443538158,0.6991639563523139
39361,1,0.05128903291610027,0.478020556119469
39362,0,0.05572518225662467,0.5093194954480313
39363,0,0.07471115519923349,0.579548164574983
39364,1,0.04386146587738173,0.42472684994012766
39365,1,0.14618828029131045,0.7401533399275536
39366,0,0.07209911931645786,0.5736054715829036
39367,1,0.07445201866215594,0.5860146704610485
39368,0,0.07532185799987132,0.5904850497730747
39369,1,0.06022078661603754,0.5107586925965953
39370,0,0.07158547382310441,0.5708337150417081
39371,1,0.06878939438438449,0.5553387472980367
39372,0,0.06954315658126536,0.5595844000829879
39373,0,0.09021990076814114,0.658169544725475
39374,0,0.07989909916111694,0.6130107110706269
39375,0,0.07360266781767663,0.5815890614282565
39376,0,0.036520781828857145,0.38159135114222154
39377,0,0.06919945669198077,0.5576548234958048
39378,0,0.051222591993749816,0.4775194455101964
39379,0,0.08186562872555839,0.6221943084798751
39380,0,0.05821419468832723,0.5016736463708145
39381,0,0.05257873234324809,0.4876354329160351
39382,0,0.06871096860980773,0.5548940559138915
39383,1,0.052950783485605,0.49036969917221923
39384,0,0.23681204780996887,0.8403408833903807
39385,0,0.04796860173680982,0.455272266295864
39386,0,0.06937110964570094,0.5586198330883905
39387,1,0.06902971082471164,0.5566979240445437
39388,0,0.05065953449773421,0.4685745635732391
39389,0,0.06462649412727349,0.5248547398193066
39390,1,0.05290065855276276,0.4773617920445084
39391,1,0.07207863443493105,0.5734953664433962
39392,0,0.058403450984109685,0.5229947098258755
39393,0,0.051201988957968216,0.4773639375779496
39394,0,0.05178531714716305,0.48174564478102017
39395,1,0.053512329998811045,0.4944634721486382
39396,0,0.06864467303141905,0.5545177098901659
39397,0,0.06862961411993287,0.5544321679676112
39398,0,0.06962703901203156,0.5600537173332794
39399,0,0.07029949084511314,0.5656147231915502
39400,1,0.17876299718913316,0.782344393194529
39401,0,0.22988557681631733,0.8327317670255744
39402,0,0.06862961411993287,0.5544321679676112
39403,0,0.03617466456625459,0.4057174532686424
39404,0,0.06950201215947494,0.5593539689435278
39405,0,0.06875922081887416,0.5551677225992382
39406,1,0.05086566326963899,0.4729431615063337
39407,1,0.06880448576532718,0.5554242547341784
39408,0,0.05002853671122862,0.4624145056788761
39409,0,0.059521297145219795,0.5059219377952895
39410,0,0.040416677797179314,0.41866809593748
39411,0,0.05158326452198406,0.4802328696144853
39412,1,0.23500541453729834,0.8348636081715348
39413,0,0.06862961411993287,0.5544321679676112
39414,0,0.036464281838426385,0.3877120132969975
39415,1,0.06909332030064833,0.5570568110371769
39416,1,0.26384413502994386,0.8649853646436735
39417,1,0.18552230228502578,0.7988631862550352
39418,0,0.024455021314446115,0.30010918751088544
39419,1,0.07489148968397101,0.5882810355596181
39420,0,0.06943653235699593,0.5589869332559998
39421,1,0.06927687964567981,0.5580904131464036
39422,0,0.06866425419214901,0.5546289095603333
39423,0,0.05724109069019679,0.515347645987963
39424,1,0.16896698617103958,0.7822349741688752
39425,0,0.058051514941442055,0.5047325126088452
39426,1,0.07250519345145234,0.5757806542194642
39427,0,0.04065672259620915,0.42087781905909727
39428,0,0.07014920252307183,0.5629610569315648
39429,1,0.07572548845435981,0.5867822530637326
39430,0,0.07174376123109888,0.5716903060577375
39431,0,0.05120313336536329,0.47737257679267653
39432,0,0.0762872976941977,0.5953743795810099
39433,1,0.056506487161512436,0.51029566171452
39434,0,0.07202980753256744,0.5732327786511693
39435,0,0.08095662436628762,0.6179850377587729
39436,0,0.07107209679036061,0.5680405154867171
39437,0,0.043902627224220635,0.4263366509410024
39438,0,0.053313428505606365,0.49301798891167764
39439,1,0.1513838267634404,0.7513011049692838
39440,0,0.06921159617034549,0.5577231571671502
39441,0,0.061139654818865734,0.5100504568107147
39442,0,0.051506104746694106,0.47965378725846347
39443,0,0.07325327665094285,0.5797509738353266
39444,0,0.06879543056885708,0.5553729506660281
39445,0,0.05235154581274611,0.4859571571800088
39446,0,0.0697400467090717,0.5606849928415643
39447,0,0.051201988957968216,0.4773639375779496
39448,0,0.08947516732840986,0.6491612315781572
39449,0,0.06880750440943668,0.5554413558277143
39450,0,0.06867630670867769,0.554697337408927
39451,0,0.061643688175586776,0.5195734907262292
39452,1,0.072495689130835,0.5757299048590614
39453,0,0.05335267700396592,0.49330361483480595
39454,0,0.06952943927055168,0.5595075925509068
39455,1,0.028788531772340652,0.332767998749732
39456,1,0.06952334349165164,0.5594734549552983
39457,1,0.05143594973928414,0.479126610527344
39458,1,0.06948830235835751,0.5592771528753743
39459,1,0.06967435943973893,0.5603181943518608
39460,1,0.06935894427404275,0.558551528300062
39461,0,0.06955687639593218,0.5596612047625684
39462,0,0.04693450902442998,0.46496955670354084
39463,0,0.052709139019082786,0.48859581129828883
39464,1,0.05648189485781542,0.5017739221411588
39465,0,0.0777947711632522,0.6028592963313905
39466,0,0.06887394561758989,0.5558175465908254
39467,0,0.06948068688350846,0.5592344760553388
39468,0,0.054731480984944895,0.5032153789272362
39469,0,0.08757185625424822,0.6472754058421337
39470,0,0.05412288965985431,0.4988696358046885
39471,1,0.05066106905428712,0.4678814972915083
39472,0,0.05495101899933126,0.4992735829323724
39473,0,0.06949287201399533,0.5593027585469588
39474,1,0.06921311374373694,0.557731698722462
39475,1,0.04978541114266927,0.45450341380740095
39476,0,0.040590620376793014,0.42027024700058024
39477,0,0.07010772655772311,0.562731011964286
39478,1,0.07008469415322968,0.5626031975379184
39479,0,0.06867028020548867,0.5546631237436793
39480,0,0.23626178195434833,0.835591573556749
39481,0,0.051201988957968216,0.4773639375779496
39482,0,0.023669733581463383,0.29309087204194023
39483,0,0.06960110172516767,0.5599086670615561
39484,1,0.06910089647085957,0.5570995317191952
39485,0,0.06862961411993287,0.5544321679676112
39486,0,0.040201616902545215,0.41668044554138794
39487,1,0.18830680846404257,0.7934557850273889
39488,0,0.0520369015784752,0.4836219477706565
39489,0,0.051336048948306165,0.47837481623268807
39490,0,0.02927425629999997,0.3354857953169091
39491,0,0.06925106309012774,0.55794522649335
39492,1,0.0911659742649002,0.6619534069569315
39493,1,0.07669499028780272,0.5974164968948488
39494,0,0.05448314498189234,0.4959494018757065
39495,0,0.06923295770549956,0.5442953574722338
39496,0,0.07780829244919141,0.6029256191417169
39497,0,0.05212877872433507,0.4843051432807189
39498,0,0.06995968618911454,0.5698483321044134
39499,0,0.06862961411993287,0.5544321679676112
39500,1,0.05201715056700795,0.4834749389321475
39501,0,0.05277539203219273,0.47228167410027655
39502,0,0.026150893258818916,0.3153211609432255
39503,0,0.0697629743468967,0.5608129302293721
39504,0,0.1831024233164114,0.7874483527438196
39505,0,0.05242171044964849,0.48647617947386784
39506,0,0.053792208301683284,0.4964890300774342
39507,1,0.04055852454272511,0.41997498659627336
39508,1,0.051376216837243666,0.47867725062768623
39509,0,0.23025303735796362,0.8310002328787255
39510,1,0.04478053243674826,0.4627825835608947
39511,0,0.05173791209359717,0.48139119212593234
39512,1,0.04111884256170054,0.4096602482505367
39513,0,0.06938023497032131,0.5586710602239701
39514,0,0.041749597151220424,0.4186797998995147
39515,0,0.05655842849208811,0.5159876308206596
39516,1,0.061112616502425346,0.5098773865503855
39517,1,0.050370234825749385,0.4678864977955844
39518,1,0.07042628918431504,0.564493993337201
39519,1,0.03562143853679362,0.39854943354391853
39520,1,0.06863864909957147,0.5544834935084321
39521,1,0.05195561935334411,0.48301663573246156
39522,0,0.0691327247846841,0.5572789493526186
39523,0,0.08103026766192532,0.6183283252503979
39524,1,0.06901154664961805,0.556595374015785
39525,1,0.05013718164004321,0.46007340345918607
39526,0,0.28261178630374173,0.8802656687601755
39527,1,0.03976141609216438,0.4025239315806667
39528,0,0.01823970393158733,0.24141041918499254
39529,0,0.2532107185537377,0.8553201724257544
39530,0,0.0689389341945893,0.5561851257508085
39531,0,0.07315099348830233,0.579210929131215
39532,0,0.04972589383552691,0.4619653117859726
39533,0,0.06014715121697708,0.5090175200898956
39534,0,0.03413003964684581,0.3649477857228738
39535,1,0.3454091937745716,0.9183031894019291
39536,0,0.05177677001119023,0.46521774162805546
39537,0,0.2290881882670791,0.8323235226669795
39538,0,0.06968963043938621,0.5604035022205752
39539,0,0.06869288211850273,0.5547914223143299
39540,0,0.053028803533916785,0.4909408582992805
39541,0,0.23921339457541402,0.8412311137998715
39542,0,0.06911301994287879,0.5571678830532377
39543,0,0.07670333131069679,0.5974581378623502
39544,0,0.055432669797704455,0.5063470716026671
39545,0,0.06875692738444919,0.539373301253997
39546,0,0.052352714495983416,0.48596580730650385
39547,1,0.07648501024330624,0.6028950019165569
39548,0,0.05692633111816932,0.5130178778852135
39549,1,0.06874866296720285,0.5551078608650629
39550,0,0.08172585920696435,0.6215510411485037
39551,0,0.06971407047927795,0.5605399873858096
39552,1,0.06899641321761193,0.5565099119734996
39553,0,0.06658038183174182,0.5349977808790394
39554,1,0.049794890880268804,0.48441324008256564
39555,0,0.07059611755490397,0.5654301831393124
39556,0,0.07003251327029358,0.5623134540887609
39557,0,0.06970184946839325,0.5604717459463942
39558,0,0.06924195349091622,0.557893981779062
39559,0,0.0512032024193387,0.4630791603906227
39560,0,0.07620599811618552,0.5949655571367912
39561,0,0.053066670488239695,0.4912177925422951
39562,0,0.08773009484675208,0.64793921428281
39563,0,0.07548267933746254,0.5873601996390836
39564,0,0.06864166100428365,0.5545006017638734
39565,1,0.07063940697869184,0.5656684117627436
39566,0,0.22081298030126656,0.8300664512549394
39567,0,0.06870041762058735,0.5548341868826053
39568,0,0.0702122279266951,0.5633103326567396
39569,0,0.2361883754486081,0.837742108400896
39570,0,0.07039236885170573,0.5643066999601642
39571,0,0.0765606395749369,0.59037473943436
39572,0,0.06873207509096166,0.5550137891951198
39573,0,0.0689419583006148,0.556202220962256
39574,0,0.069477640909815,0.5592174050821843
39575,0,0.14334529660140052,0.7584590364116739
39576,0,0.0689933868999508,0.556492819163517
39577,1,0.04141070268758752,0.4248880917051659
39578,0,0.024587412606050428,0.2981253903757541
39579,0,0.1836546026923162,0.7900356809185567
39580,0,0.07513665263801803,0.5853038443264796
39581,0,0.07909923390179435,0.609192236744153
39582,1,0.13301659451007433,0.7749686353459974
39583,1,0.08197819793918704,0.6547405712462575
39584,0,0.05569114437024662,0.50997517819246
39585,0,0.06896161798403282,0.5563133365910892
39586,0,0.06896615557117346,0.5563389778596606
39587,0,0.054054892995479394,0.4805707825788769
39588,0,0.06903273861753963,0.5567150152464534
39589,0,0.07004018467584815,0.5623560660906088
39590,0,0.043056741638644855,0.4199420310624947
39591,0,0.07541214573021553,0.5909455091669664
39592,0,0.06762918732371596,0.5344572633621835
39593,0,0.06875167934303217,0.5551249643809494
39594,0,0.3295035894316293,0.9042559911780853
39595,0,0.24126632932375092,0.8388691112151831
39596,0,0.044030774881540356,0.4258877579585046
39597,1,0.06991447170118202,0.5616571135173016
39598,0,0.05845294632495054,0.4991424184911546
39599,0,0.23372287412850834,0.8342851954666178
39600,0,0.0613519639263994,0.5167944689921387
39601,0,0.06913727279439091,0.5573045792241131
39602,0,0.06943196612965771,0.558961323704264
39603,0,0.07270504968918612,0.5768460200706563
39604,1,0.06917366684430921,0.5575096071996133
39605,1,0.06912211383908079,0.5572191451331939
39606,0,0.05704019231320605,0.49499246229337596
39607,0,0.08146154500904526,0.6546686731374957
39608,0,0.06951267706844828,0.5594137128098058
39609,1,0.06878034102735436,0.555287441263003
39610,0,0.05377422604693513,0.49635918245582494
39611,0,0.06862961411993287,0.5544321679676112
39612,0,0.051201988957968216,0.4773639375779496
39613,0,0.04890682264605316,0.45496210572259466
39614,0,0.06862961411993287,0.5544321679676112
39615,0,0.052461509834814714,0.4867703051259893
39616,1,0.0742137492595786,0.5847792210210865
39617,0,0.06887998867253892,0.5558517425848232
39618,0,0.04229447919322914,0.4350176787938589
39619,0,0.07249252127919101,0.5757129880506495
39620,0,0.04402362029221646,0.44467958763162263
39621,0,0.06960415270664187,0.559925732330903
39622,0,0.06862961411993287,0.5544321679676112
39623,0,0.18409926813991304,0.7892901952750266
39624,0,0.05167323001343608,0.48090709200009296
39625,0,0.059813843057550914,0.5058982015045462
39626,0,0.06970948736792808,0.5605143971141257
39627,0,0.03729859589958184,0.39263862103258423
39628,0,0.04033088621006807,0.4178760844420731
39629,1,0.06908877496764575,0.5570311782227763
39630,1,0.0686883611847359,0.5547657631838614
39631,0,0.068876967083692,0.5558346446539398
39632,0,0.05195677968260761,0.4830252827006293
39633,0,0.06866425419214901,0.5546289095603333
39634,0,0.053752654825224094,0.49620336595969955
39635,0,0.04013350116000273,0.4160493404898036
39636,0,0.0402671122143133,0.41728656342884984
39637,0,0.054632847603616044,0.5025141890352378
39638,1,0.06863413147203766,0.5544578308832027
39639,0,0.06923739910726083,0.5578683589595502
39640,0,0.07189413234522,0.5698969203460966
39641,0,0.07026914944374628,0.5636254788166507
39642,0,0.06901457370478832,0.5566124660224405
39643,0,0.061708934163045646,0.5234773364162196
39644,0,0.06983638964973747,0.5612222754771813
39645,0,0.07146345269252015,0.5701718985333996
39646,0,0.035533603315982584,0.3852509226081304
39647,1,0.23021969616123328,0.8313285720365089
39648,0,0.10535398726883023,0.7126230961325833
39649,0,0.2891099670958954,0.889955644967111
39650,1,0.07000643630275279,0.562168566408394
39651,1,0.06942283450859879,0.5589101036597522
39652,0,0.054206160896921936,0.49946696369590665
39653,0,0.0512111448946997,0.4774330516745498
39654,0,0.07051115611869374,0.5649621461520191
39655,1,0.0702753056758108,0.5636595455988237
39656,0,0.0550318150238264,0.49984494118844
39657,0,0.07175474360420721,0.5717496578954872
39658,0,0.042253459461698846,0.43534014207289584
39659,1,0.052338691923777436,0.48586200634493504
39660,0,0.07218269018298104,0.5740542861463268
39661,0,0.06992672718953148,0.5617253148311245
39662,1,0.23812318847703506,0.8398677411139223
39663,1,0.19465206468279148,0.8048804337118134
39664,0,0.06875017113979605,0.5551164126393276
39665,1,0.05283513543649182,0.4895216612327883
39666,0,0.0715823426755979,0.5708167485407359
39667,0,0.060994769602862445,0.5307129684631514
39668,0,0.06864015503662492,0.5544920476522939
39669,0,0.05728427522448561,0.5209498999191987
39670,0,0.0710145745267541,0.5677261124001296
39671,0,0.06904333686075431,0.5567748333955637
39672,1,0.0688663924893162,0.5557748008547865
39673,0,0.0687456467139431,0.5550907572186239
39674,0,0.053726058098795514,0.49051388647459365
39675,1,0.051201988957968216,0.4773639375779496
39676,0,0.20249987769035108,0.8112169969885106
39677,1,0.23805606607821128,0.8411736637725956
39678,0,0.07044017003773528,0.5645706080537264
39679,0,0.17826019721361974,0.7829610439717094
39680,0,0.06939392504017856,0.5587478985853357
39681,0,0.05452806265829038,0.49626968965740387
39682,0,0.05526396138801487,0.5029058567600735
39683,0,0.06920856111596291,0.5577060739540929
39684,0,0.06153442818905152,0.518271276248478
39685,0,0.06985628525495303,0.5613331255022475
39686,1,0.04578854091832747,0.4666430870626604
39687,0,0.06862961411993287,0.5544321679676112
39688,0,0.06876827160120794,0.5552190313829304
39689,1,0.2539170410005598,0.8552172518349554
39690,1,0.054472224334129994,0.49587149452955803
39691,0,0.06862961411993287,0.5544321679676112
39692,0,0.05532311905193869,0.507396191021436
39693,0,0.07207863443493105,0.5734953664433962
39694,1,0.08640681564220686,0.6218237267471469
39695,0,0.06862961411993287,0.5544321679676112
39696,0,0.07115456851040881,0.5684907811135792
39697,1,0.07340855067990538,0.5805691148313908
39698,0,0.02228492183855682,0.27920619563668514
39699,0,0.0692723231357351,0.5580647926931565
39700,0,0.07201563769565657,0.5731565357458432
39701,0,0.06891928049920679,0.5560740036353107
39702,1,0.08137826655827979,0.619945084343615
39703,0,0.06895708067332808,0.5562876950225121
39704,1,0.07509575483967099,0.5893290181815578
39705,0,0.23652103930927382,0.8400109105318869
39706,0,0.0689646430114106,0.5563304308034789
39707,0,0.07070283931712924,0.5660171917734816
39708,0,0.06862961411993287,0.5544321679676112
39709,0,0.06902365560791135,0.556663741238095
39710,0,0.23805622671054102,0.8403160413189971
39711,0,0.0684555572239912,0.5898294647201563
39712,0,0.054244575228549904,0.49424414819792356
39713,0,0.05126496731062111,0.47783911435726845
39714,1,0.045485149698720646,0.4353607392580438
39715,0,0.22919168471024806,0.8347468032292908
39716,0,0.04426146152868543,0.45294897674599083
39717,1,0.06904787942612337,0.5568004692412805
39718,0,0.06901306016183685,0.5566039200358636
39719,0,0.027246778966657767,0.32407558986385837
39720,0,0.051560220316167325,0.48006000357803524
39721,0,0.15618252027630036,0.8281358462117687
39722,0,0.049066701769417916,0.4558999141215173
39723,0,0.14574095414686522,0.7383888035044914
39724,1,0.24253518904114524,0.8392068652528998
39725,0,0.06929055083998516,0.5581672726503067
39726,0,0.06947611796930465,0.5592088695430966
39727,0,0.07118882800160226,0.5686776506261901
39728,0,0.0694852560757384,0.5592600822524447
39729,1,0.06901154664961805,0.556595374015785
39730,0,0.08169934525970986,0.6214288533808344
39731,0,0.07449261059505896,0.5862246737185975
39732,0,0.24055505544364073,0.8419873355491925
39733,0,0.051993923154093326,0.4833019910211044
39734,0,0.031310907557622183,0.36016799364000257
39735,0,0.0450351108232131,0.4328193739268664
39736,0,0.05495101899933126,0.4992735829323724
39737,0,0.07175474360420721,0.5717496578954872
39738,0,0.06862961411993287,0.5544321679676112
39739,0,0.06938784025608577,0.5587137485496501
39740,0,0.06928599349779092,0.5581416531251115
39741,1,0.06284025792901689,0.5332823826770303
39742,0,0.06904939367606805,0.5568090144559629
39743,0,0.06941218235537099,0.5588503453565183
39744,0,0.07014152007755063,0.5629184580520542
39745,0,0.0705652115476363,0.5652600013235933
39746,0,0.07078491520338498,0.5664679568152247
39747,0,0.05473976542544414,0.49777594457660884
39748,0,0.05155906836145827,0.48005136040119634
39749,0,0.07215587470655588,0.5739103400121617
39750,0,0.06862961411993287,0.5544321679676112
39751,0,0.05711427858936575,0.5109894229264067
39752,1,0.23472318602923464,0.8350800964316109
39753,0,0.07243393903651632,0.5753999951346117
39754,1,0.06934526059097107,0.5584746827646786
39755,0,0.056681790637117875,0.511524055351269
39756,0,0.06865069745297586,0.5545519257551463
39757,0,0.051201988957968216,0.4773639375779496
39758,1,0.041206012481931835,0.42589927510338993
39759,0,0.07373609566933947,0.5822882916204088
39760,0,0.046982744952141206,0.4439032916271904
39761,1,0.0691478858941884,0.5573643810706874
39762,1,0.18754213047210416,0.7941809825750537
39763,1,0.07045713895908723,0.5646642440750671
39764,0,0.07385685444128735,0.5829198418106616
39765,0,0.06862961411993287,0.5544321679676112
39766,1,0.06873509079270952,0.5550308934285564
39767,0,0.028805387535230594,0.33788726071394265
39768,0,0.06895103135570907,0.5562535057979636
39769,0,0.07989390397433092,0.6129860666672602
39770,0,0.2437899845921349,0.8432571789798767
39771,0,0.07444126765457765,0.5722813619106307
39772,0,0.0699037497784253,0.5615974354564147
39773,1,0.07126986553485545,0.5691192643826607
39774,1,0.07064868647431037,0.5657194568105263
39775,1,0.03874265229854452,0.4127825451269106
39776,0,0.05137966118204425,0.4787031743063182
39777,0,0.0689389341945893,0.5561851257508085
39778,0,0.05272443183912651,0.48870829369011076
39779,1,0.07799951059463564,0.6038620238083573
39780,1,0.07267011760914394,0.5766600550068773
39781,0,0.05177388526467798,0.46995869556186237
39782,0,0.07433684845861929,0.5854180909020268
39783,0,0.07185051281698876,0.5722667792092994
39784,0,0.07184098024662937,0.5741007418101011
39785,0,0.051125499138009296,0.47455123498526175
39786,1,0.06862961411993287,0.5544321679676112
39787,1,0.07005552981812542,0.5624412873334222
39788,1,0.06905847982139988,0.556860285037871
39789,0,0.14645328693336288,0.7474855512072255
39790,1,0.05529702124612249,0.5017148358632718
39791,1,0.056071193204938384,0.507124954602895
39792,1,0.0694380544945282,0.5589954697035057
39793,1,0.23527543998805264,0.8344707679349357
39794,0,0.14746644233171305,0.7403478338226689
39795,0,0.045757470464047635,0.43356216140826015
39796,0,0.148653827231539,0.7520732867559724
39797,0,0.07169984724690584,0.5714528780951974
39798,0,0.028266584517642877,0.32351002657651096
39799,1,0.06902516936600575,0.5566722869900236
39800,0,0.06516623734268838,0.5290363277108786
39801,0,0.1876685296860437,0.7918926964224063
39802,0,0.07077871772727455,0.5664339406394021
39803,0,0.07141969708278091,0.5699342620545261
39804,0,0.051201988957968216,0.4773639375779496
39805,0,0.07112343673021652,0.5683208828142332
39806,0,0.06877732348690882,0.5552703389893373
39807,0,0.05158326452198406,0.4802328696144853
39808,0,0.05411058675169218,0.49328337642268655
39809,0,0.06829271209170966,0.5379724583594053
39810,0,0.06885128853389927,0.5556893069065811
39811,1,0.2358979841232251,0.8348356836835522
39812,0,0.04756506761966261,0.45410386182712026
39813,1,0.08883993795498699,0.6314044954097359
39814,0,0.048057609026078446,0.45076151238651746
39815,0,0.07299484249702956,0.5852434024558113
39816,1,0.06867630670867769,0.554697337408927
39817,1,0.07464541842908202,0.5870140048437065
39818,1,0.07383752081494219,0.5828188120044806
39819,1,0.05123060640329776,0.4775799219957779
39820,1,0.0698501629719793,0.5612990184536621
39821,1,0.07016764356650412,0.5630632904520058
39822,0,0.06883920757836628,0.5556209093736582
39823,1,0.039657086954326036,0.4116142581203275
39824,0,0.07127610271775518,0.5691532301276444
39825,0,0.06968810320009787,0.5603949715942097
39826,1,0.08475777134626263,0.6232806427990495
39827,0,0.07461613506414955,0.5868628908160866
39828,0,0.06997116999131732,0.5619725250237726
39829,0,0.09881512262791756,0.6905880470004571
39830,0,0.06905696538697728,0.5568517400249808
39831,0,0.06862961411993287,0.5544321679676112
39832,0,0.06860089151144508,0.5796287974236634
39833,0,0.05199740664098682,0.4833279329537711
39834,0,0.06862961411993287,0.5544321679676112
39835,1,0.07084691754244798,0.5668080840738852
39836,0,0.04870043183855024,0.45459469541003406
39837,0,0.06501004542307177,0.5700168079339598
39838,0,0.06921463134792918,0.5577402402436225
39839,0,0.06880901377748493,0.5554499063252384
39840,1,0.24666621864965604,0.845747344921765
39841,0,0.073750577121136,0.5823640919375201
39842,0,0.051201988957968216,0.4773639375779496
39843,0,0.06888905417559003,0.5559030355836913
39844,0,0.05238778645650062,0.48622531498757093
39845,0,0.22626898646103968,0.8293917666188231
39846,1,0.0711779256026098,0.5686181942633789
39847,1,0.07111409964912851,0.5682699101873542
39848,0,0.051379294331442796,0.5019690728000055
39849,1,0.0695340114292625,0.5595331953783246
39850,0,0.04112128673454452,0.4320763038133829
39851,1,0.051201988957968216,0.4773639375779496
39852,1,0.06955535184841657,0.559652671050257
39853,0,0.05759429667819444,0.49682118558549404
39854,1,0.10686158922105869,0.6793358726482799
39855,0,0.15110067233740054,0.7459656523665747
39856,1,0.18883305788897875,0.7942830960278647
39857,0,0.07100835847970358,0.5676921196044188
39858,0,0.06992213114859216,0.561699739611629
39859,1,0.07163088966842082,0.5710797105803015
39860,0,0.03931832148588092,0.40987740631056563
39861,0,0.07357215537076138,0.5814289504518465
39862,0,0.06876525455117251,0.5552019285857898
39863,1,0.051554460785995744,0.4800167878133023
39864,0,0.050608416604629954,0.4592546633914648
39865,1,0.0700202406374761,0.5622452729735342
39866,1,0.08164280836206375,0.6211681346423301
39867,1,0.061417732519152606,0.5140356486409285
39868,0,0.06872152109987358,0.5549539233519614
39869,0,0.18058246405406506,0.7843368166775408
39870,0,0.07552171912044563,0.5921442787768836
39871,0,0.054489459136192235,0.5014926855799388
39872,1,0.07195426477616276,0.5728261096927352
39873,0,0.07174376123109888,0.5716903060577375
39874,1,0.052364402684075384,0.4860523090330118
39875,1,0.24657609712581927,0.8463476768250835
39876,0,0.04656374218989472,0.48048844351029646
39877,0,0.06991447170118202,0.5616571135173016
39878,0,0.19213920623950795,0.798642005111789
39879,1,0.07033073420414297,0.5639661195665843
39880,0,0.069477640909815,0.5592174050821843
39881,1,0.07388102802536768,0.583046119277246
39882,0,0.04576049167863249,0.44728396114488356
39883,0,0.05982350443538956,0.5085323612499847
39884,1,0.06879392147675267,0.5553643998732047
39885,0,0.06905696538697728,0.5568517400249808
39886,1,0.055206277621061936,0.506573941372796
39887,0,0.07585186562381359,0.593178550169016
39888,1,0.0530489171763084,0.4910879789344082
39889,1,0.18236786996516574,0.7896581129644741
39890,0,0.044400161765722805,0.4281040769343858
39891,0,0.04020525285176278,0.41671411216826293
39892,0,0.07451860011070464,0.5863590593561225
39893,0,0.07112188047142348,0.5683123874768832
39894,0,0.052207985596015104,0.48489325738022954
39895,1,0.04774225372721321,0.446939082600528
39896,1,0.2895541523151034,0.8878456390777698
39897,0,0.07112966207985284,0.5683548637616205
39898,0,0.07641854009484388,0.5960332226679873
39899,1,0.0696194094701179,0.5600110565521387
39900,0,0.040378323803307185,0.4183141663915667
39901,0,0.06874866296720285,0.5551078608650629
39902,0,0.06871247601649594,0.5549026085026277
39903,0,0.07822172662350975,0.6049466376161964
39904,0,0.0839871597248573,0.6167230558660376
39905,1,0.18996091986774868,0.8064545606872507
39906,0,0.0734373977338987,0.5807208862400617
39907,0,0.07069045814437595,0.5659491422603116
39908,1,0.0687260440551024,0.5549795803372806
39909,0,0.05480684387683906,0.4982520693306661
39910,1,0.07040470177060373,0.5643748087687828
39911,0,0.053066670488239695,0.4912177925422951
39912,0,0.07691045494605223,0.5984903828835001
39913,1,0.02795686524955634,0.3450656808478478
39914,0,0.06897371883074761,0.5563817126402388
39915,0,0.06879776204427152,0.539314473599204
39916,0,0.048750510459775645,0.4514645489729185
39917,0,0.04995161955014179,0.4696016260475083
39918,0,0.04869992354656506,0.4501068213697237
39919,0,0.06923284500088703,0.5578427358319702
39920,1,0.060727353197348594,0.5349986496302753
39921,1,0.0734614449182311,0.5808473507493841
39922,0,0.07018301452634831,0.5631484809598885
39923,0,0.07539079602747673,0.5908366876752811
39924,0,0.05826353499985661,0.5274358080268298
39925,1,0.20946914104973605,0.8328287053146252
39926,0,0.057026321791529624,0.5137012886578088
39927,0,0.05221614569744541,0.4849538009404587
39928,0,0.051201988957968216,0.4773639375779496
39929,0,0.069301185717413,0.5582270503381377
39930,0,0.06891474576789851,0.5560483592730994
39931,1,0.06891474576789851,0.5560483592730994
39932,0,0.08967035443092002,0.6559457573485914
39933,0,0.06862961411993287,0.5544321679676112
39934,0,0.05126496731062111,0.47783911435726845
39935,0,0.06783958372184877,0.5519726242168164
39936,0,0.051815400161913966,0.4819704291776913
39937,1,0.07243868732172526,0.5754253751948801
39938,0,0.07457222981933051,0.5866361891004634
39939,1,0.0438984778311431,0.44878532921059106
39940,0,0.06957822330774037,0.5597806730303855
39941,0,0.07311586404285084,0.579025244903927
39942,1,0.07069664848033115,0.5659831673278627
39943,0,0.07006166874543111,0.5624753747989543
39944,0,0.051201988957968216,0.4773639375779496
39945,0,0.04689519419456639,0.44246479493791097
39946,0,0.04691674906059379,0.4493223799721196
39947,1,0.07262885418477112,0.5764402501117818
39948,0,0.05697729645893098,0.4990961531009702
39949,0,0.06881203260557094,0.5554670072217747
39950,0,0.06862961411993287,0.5544321679676112
39951,1,0.04820253021248555,0.4468313117926864
39952,1,0.06862961411993287,0.5544321679676112
39953,1,0.2462151457776697,0.8431207385254659
39954,1,0.06907362585685828,0.5569457333152498
39955,1,0.23556092839702264,0.8353269391574869
39956,0,0.06886337145278851,0.5557577023291737
39957,1,0.051887203264005706,0.482506482789126
39958,1,0.07013537468121793,0.5628843782801676
39959,1,0.04037102223466405,0.41824676076282513
39960,0,0.06893137446689537,0.5561423871402257
39961,1,0.12377027234331173,0.7640752579184199
39962,0,0.07279880758937265,0.5773446369315286
39963,0,0.068652203634886,0.5545604796406117
39964,0,0.053384809690369954,0.49353731203169016
39965,0,0.07270028531264563,0.5768206624792529
39966,1,0.0746519272781523,0.5870475835137734
39967,0,0.06862961411993287,0.5544321679676112
39968,1,0.051408140409907196,0.4763665211001172
39969,0,0.04143693964902563,0.41149936662717085
39970,1,0.07208021000444656,0.5735038363283144
39971,0,0.0757973910212456,0.5929027628033132
39972,1,0.0688210898257823,0.5555183091229318
39973,1,0.07186622393426259,0.572351538164152
39974,0,0.06913120884299605,0.5572704059943329
39975,1,0.0686371431931228,0.5544749393322931
39976,1,0.06885581939838774,0.5557149554374934
39977,0,0.06012672305355816,0.5397846705072636
39978,1,0.06996963704617094,0.5619640010458694
39979,1,0.06918276812737344,0.557560861134047
39980,0,0.05220099218243989,0.48484136325287147
39981,0,0.06895556829785432,0.5562791477663414
39982,1,0.07044171251085689,0.5645791206097357
39983,0,0.07393262267408655,0.5833154747773005
39984,1,0.05143594973928414,0.479126610527344
39985,0,0.057604930605257065,0.49720902239021364
39986,1,0.04288517178813262,0.42029476788401515
39987,0,0.0540491291491904,0.4928419569457612
39988,1,0.07230584375346223,0.5747145836337604
39989,0,0.4496333615084733,0.9771352508002639
39990,1,0.17896760509569457,0.7863539033260388
39991,0,0.05257622245931766,0.47174181132528353
39992,0,0.03269255105413245,0.38718351515667115
39993,0,0.06958449012072383,0.5535155319826036
39994,0,0.05487913473606109,0.5042628110289039
39995,0,0.0692267732903582,0.5578085711828759
39996,1,0.07383268813614269,0.5827935534660728
39997,1,0.06893137446689537,0.5561423871402257
39998,0,0.07375500314723195,0.5868435073000055
39999,0,0.04367031783403221,0.42710120511231464
40000,0,0.0697186538693667,0.560565577335616
40001,0,0.06030027643850809,0.5075076997981227
40002,0,0.04905076351664773,0.4641462864466835
40003,0,0.07417815029102273,0.5845942316955217
40004,0,0.06982108890452161,0.5611370020687396
40005,1,0.06870192481287989,0.55484273969884
40006,0,0.2518425728163509,0.8511382077092169
40007,0,0.0767884572663614,0.5978827953656097
40008,0,0.024291340061204255,0.3011694478943018
40009,0,0.0398255183423009,0.4186042369842244
40010,0,0.08126211584078068,0.6194064583142135
40011,0,0.07517760414273138,0.5897479848968102
40012,1,0.23399321162689482,0.8340677007677714
40013,0,0.09585970565394336,0.6799237482126945
40014,0,0.23129870774144062,0.8336690233023257
40015,0,0.0689071884963599,0.5560056180058572
40016,0,0.05321958064144977,0.49233423662945897
40017,0,0.04014802323276833,0.41618395321330753
40018,1,0.25376881827994896,0.8509563505424459
40019,1,0.07707451201834646,0.5993055724363562
40020,0,0.06875318757691166,0.5551335160899229
40021,0,0.06992519514484272,0.5617167897943958
40022,0,0.0689646430114106,0.5563304308034789
40023,1,0.057098534085285396,0.49313542514927433
40024,0,0.06863111987336544,0.5544407223050626
40025,1,0.039663125232850246,0.4085779732185039
40026,0,0.05165937951847658,0.48080336089153103
40027,0,0.07647686039571817,0.626412690031024
40028,0,0.0705802891487723,0.5515277226036315
40029,0,0.07264948319686704,0.57655015634656
40030,0,0.02982666395893566,0.36268788820923026
40031,1,0.06921766664871817,0.5577573231834706
40032,0,0.07667980107050248,0.5897944547621434
40033,1,0.24968509912799913,0.8502780659999071
40034,1,0.05493903507786427,0.5046869676225797
40035,1,0.06917670048217561,0.5575266919805703
40036,1,0.07060230025713018,0.5654642176529875
40037,0,0.052874051489137854,0.4898072185366717
40038,0,0.06971712604169861,0.5605570473881195
40039,1,0.0577206304728196,0.5179881888369738
40040,0,0.07202350950981322,0.5731988933449056
40041,0,0.05263502845224626,0.4696334804297386
40042,0,0.05801618616297985,0.5150596974475202
40043,0,0.05322907712316299,0.492403476104664
40044,0,0.08341751953743408,0.6292414440330524
40045,0,0.07511866438767624,0.5894463419517094
40046,0,0.05229547799455138,0.4855419610968249
40047,1,0.06710563479436867,0.5518539957129578
40048,0,0.068652203634886,0.5545604796406117
40049,1,0.06985934658255283,0.5613501788092484
40050,0,0.0695324873454497,0.5595246611376987
40051,0,0.027078629558334906,0.33671953836702817
40052,0,0.0723153251255383,0.5747653647406505
40053,1,0.1770915713582738,0.7812183250154304
40054,1,0.040231622907677164,0.416958218424856
40055,1,0.040031202362118365,0.4184854086517719
40056,1,0.06966672510085456,0.5602755390808095
40057,0,0.05160631846672016,0.4804057403840188
40058,0,0.23931588739249085,0.8394897217134147
40059,0,0.2339046132357005,0.8343290542211544
40060,1,0.07181438927225334,0.5720718175218622
40061,1,0.06914182108107249,0.5573302087904606
40062,0,0.061728373882482326,0.5128759581295332
40063,1,0.06949591860556596,0.5593198288194182
40064,0,0.05239012537624108,0.4862426157652591
40065,1,0.07135723196723619,0.569594725489207
40066,0,0.05190806693686399,0.48266211885369
40067,1,0.06882863835263307,0.5555610598032066
40068,1,0.110302158326206,0.7277792879036752
40069,0,0.0686145582686145,0.5543466228202937
40070,1,0.03252053573479644,0.35327658720540167
40071,1,0.0689389341945893,0.5561851257508085
40072,1,0.05173415831971933,0.49841713332542154
40073,0,0.06865521609053503,0.5545775873145719
40074,1,0.07917982681782428,0.6120331645188763
40075,0,0.056641424154787505,0.49221465819742827
40076,1,0.06410275975908014,0.532080769245998
40077,1,0.05168362018876447,0.48098489141216694
40078,0,0.05120656673273869,0.47739849451806676
40079,1,0.2355108743849676,0.8361258273980113
40080,1,0.07117481091465422,0.5686012063677928
40081,1,0.071500977193638,0.5703755612126032
40082,1,0.02322617305900877,0.29082389458369123
40083,1,0.04075714772388248,0.424199483750852
40084,1,0.23759352604696699,0.8372581327141413
40085,1,0.0442973084893388,0.43146032061916934
40086,1,0.06863864909957147,0.5544834935084321
40087,1,0.06952943927055168,0.5595075925509068
40088,0,0.07064250001875876,0.5656854269334902
40089,0,0.23470486400420873,0.8345243743885218
40090,0,0.0687260440551024,0.5549795803372806
40091,0,0.052279135570727,0.48542086597264117
40092,0,0.05933752135051598,0.5290852446854788
40093,1,0.23190507874424987,0.8330992037538313
40094,0,0.07163558937664247,0.5711051563924305
40095,0,0.06949591860556596,0.5593198288194182
40096,0,0.07699411749839082,0.5989063642909755
40097,1,0.1643300801041925,0.7736837670305065
40098,0,0.06874715482525205,0.5550993090581601
40099,0,0.08059106812193126,0.6162750276999621
40100,0,0.06901003316813138,0.5565868279622097
40101,1,0.06944414335343559,0.5590296151447014
40102,1,0.07390359660596311,0.5831639684178955
40103,1,0.05527410576409576,0.48717122823429987
40104,0,0.06668251663353335,0.5528707626606557
40105,0,0.06888603221848383,0.5558859380497384
40106,0,0.05229994720193689,0.486579292098725
40107,0,0.044221795731374886,0.4281129504480694
40108,1,0.046936792942097794,0.4483679008764467
40109,0,0.07655665075190578,0.5967250520551708
40110,0,0.06928143643302713,0.558116033290433
40111,0,0.06944414335343559,0.5590296151447014
40112,1,0.0688195802124156,0.5555097588882314
40113,0,0.06958584867367393,0.5598233385914759
40114,0,0.06957364845928324,0.5597550732697476
40115,0,0.06951877198199434,0.559447851389475
40116,0,0.051763343848372736,0.48158138392766064
40117,0,0.06871247601649594,0.5549026085026277
40118,0,0.07122310272320793,0.5688645005860099
40119,1,0.24237443339912593,0.8405629785556565
40120,0,0.06862961411993287,0.5544321679676112
40121,0,0.05441401571056909,0.4954559921615702
40122,1,0.06999263448469685,0.5620918568708402
40123,0,0.06897674434960822,0.5563988063188908
40124,1,0.2360011897483365,0.8347651657614107
40125,0,0.06919945669198077,0.5576548234958048
40126,0,0.06907514062953869,0.556954277957727
40127,1,0.07112966207985284,0.5683548637616205
40128,1,0.22917010603450957,0.8342231950884891
40129,1,0.07167162992755405,0.5713002284538142
40130,1,0.07050034962593876,0.5649025694824125
40131,1,0.07159799967718629,0.5709015793805938
40132,1,0.0698455715854302,0.5612734377871169
40133,0,0.07114678438591154,0.5684483080482139
40134,0,0.06862961411993287,0.5544321679676112
40135,0,0.0421382608797628,0.43431044929218526
40136,0,0.07141969708278091,0.5699342620545261
40137,0,0.05947831157998396,0.502752453606327
40138,1,0.07145407440788862,0.5701209791491997
40139,1,0.18162736120041262,0.7843638634046795
40140,1,0.06983485943566853,0.5612137482989542
40141,0,0.07195898405652149,0.5728515293927786
40142,1,0.07000490264314031,0.5621600432731645
40143,1,0.0822222270015969,0.6238290329934791
40144,1,0.06862961411993287,0.5544321679676112
40145,0,0.051377364927910514,0.47868589184114324
40146,1,0.052211482634783514,0.48491920456613796
40147,0,0.04799630215677348,0.4489431507078254
40148,0,0.22961213171572675,0.8311652220887049
40149,1,0.0754285723568838,0.5910292119442441
40150,1,0.08175475628387842,0.6055614931700224
40151,0,0.07138377347643689,0.5697390365464697
40152,1,0.051201988957968216,0.4773639375779496
40153,1,0.06934222011182739,0.5584576055985476
40154,0,0.05699466133947562,0.5134850248455051
40155,0,0.06906605245474522,0.5569030095974843
40156,0,0.06862961411993287,0.5544321679676112
40157,1,0.06975991692571999,0.5607958723776052
40158,0,0.03367284487516046,0.3636860231606038
40159,0,0.06941066074267378,0.5588418083168392
40160,0,0.08387433744292579,0.6312829927038898
40161,0,0.08176476050920135,0.6217302219633517
40162,0,0.07614261109978618,0.5876537257172806
40163,1,0.23463829075645534,0.835146077946152
40164,0,0.06962551304176796,0.5600451852480023
40165,0,0.03848634333750694,0.40075352881755405
40166,1,0.06895556829785432,0.5562791477663414
40167,0,0.21081467067001755,0.8246445053926397
40168,0,0.06955535184841657,0.559652671050257
40169,1,0.07003716363616797,0.5915559824801717
40170,1,0.0703954518942183,0.564323727389917
40171,1,0.07375218633290877,0.5823725139548348
40172,1,0.056173517979569335,0.5078346655988957
40173,0,0.05164899395093837,0.4807255636456381
40174,0,0.0742040388917732,0.5847287717544132
40175,1,0.05187213998594482,0.4823940810737505
40176,0,0.07122310272320793,0.5688645005860099
40177,1,0.054467371375075645,0.49583686910650715
40178,0,0.05264096053614873,0.4880939810115539
40179,0,0.05281745526350597,0.489391864707706
40180,0,0.07063631406375868,0.5656513964372294
40181,0,0.07607509067165603,0.5943061579794499
40182,1,0.23470508191228767,0.834000542379205
40183,1,0.23651238291795937,0.836032736551467
40184,1,0.05130737578790973,0.47815880135767314
40185,1,0.06872905951176066,0.554996684831348
40186,0,0.06933461945374188,0.5584149120783534
40187,0,0.07093846256911861,0.5673096568011625
40188,0,0.06909635067644922,0.5570738994113064
40189,0,0.06917518364784847,0.5575181496071059
40190,0,0.0687260440551024,0.5549795803372806
40191,0,0.07084226562733169,0.5667825767089715
40192,0,0.06897674434960822,0.5563988063188908
40193,0,0.07140720002298016,0.5698663599935125
40194,0,0.05229781302050919,0.4855592605391863
40195,0,0.07132445797489735,0.5694164425658786
40196,1,0.2311607183487822,0.8309914142719402
40197,0,0.23423135688076607,0.8343500920146336
40198,0,0.06927384194156168,0.5580733328785882
40199,1,0.20016802700789077,0.8107205305087036
40200,1,0.06901003316813138,0.5565868279622097
40201,0,0.042121192074768325,0.4191343224028026
40202,0,0.07024452950054867,0.5634892056865114
40203,1,0.07921427788031597,0.6097444503349602
40204,1,0.07185051281698876,0.5722667792092994
40205,1,0.05153948885472133,0.47990442822611823
40206,0,0.05250954117424503,0.48712499822740635
40207,1,0.07042320489356359,0.5644769674262563
40208,1,0.07003558173927542,0.5623304989998721
40209,0,0.0786525325233048,0.6070384195502454
40210,0,0.23484253103677688,0.8360698746633236
40211,0,0.05147964223763023,0.4794550103191444
40212,1,0.27467128322207385,0.8724799318543968
40213,0,0.0698685313098535,0.5614013378606173
40214,0,0.06918125116988956,0.5575523188967447
40215,0,0.0689056771341438,0.5559970696529197
40216,0,0.037577330323158534,0.401028474456895
40217,1,0.07386007716523187,0.5829366794350542
40218,1,0.24509419309307712,0.8477717093794574
40219,1,0.07689373243872163,0.5984071695569887
40220,1,0.03856874720883253,0.4006500654349959
40221,0,0.06885732974790784,0.5557235048818266
40222,1,0.07430119518071743,0.5852331843265919
40223,0,0.025831018129330637,0.310745111560972
40224,0,0.09533424483301844,0.6779763530590971
40225,0,0.07340126649183108,0.5790223941795616
40226,1,0.23276872622502925,0.836198566502754
40227,0,0.0697889674318075,0.5609579161642698
40228,1,0.0752562565725014,0.5901500704723365
40229,0,0.034187725265419765,0.38996412750577275
40230,0,0.05938205095647576,0.5040146940431556
40231,1,0.06864768518098173,0.5545348178872701
40232,0,0.06124768838520361,0.5415017100290843
40233,1,0.03376052445055346,0.3713986445133701
40234,0,0.02696904177010994,0.3184182935197659
40235,0,0.18941463106299603,0.7947660524804893
40236,0,0.051201988957968216,0.4773639375779496
40237,0,0.051268404600159904,0.4778650342520958
40238,0,0.07083606351276336,0.5667485663385631
40239,0,0.07051270002832995,0.5649706569516983
40240,0,0.1278111085178833,0.7736737618921441
40241,0,0.06863111987336544,0.5544407223050626
40242,0,0.07097883911814643,0.5675306451249194
40243,0,0.0701707175094608,0.5630803288513991
40244,1,0.07457413749175573,0.6136518468694863
40245,1,0.07700634928315869,0.5950674325320523
40246,0,0.05323145149346681,0.4924207860191027
40247,1,0.06356952926706119,0.5420284531715907
40248,0,0.06866124136916239,0.5546118022744723
40249,1,0.05135211253800645,0.4784957881007353
40250,0,0.06865822866862578,0.5545946948592052
40251,0,0.03802881436558608,0.40093647357295004
40252,0,0.05378621358669419,0.49644574748341125
40253,1,0.052029929824046854,0.48357006197324365
40254,0,0.07183009310191235,0.5721565862266295
40255,0,0.07604363740041609,0.5941475174588668
40256,0,0.05172404520687315,0.48128745341248974
40257,1,0.07416682664101364,0.5845353664527274
40258,1,0.07001870669821522,0.5622367501687483
40259,0,0.07043554280566662,0.5645450701573147
40260,1,0.0706223974949778,0.5655748255582057
40261,0,0.03913133971036582,0.4167737492540179
40262,1,0.06888905417559003,0.5559030355836913
40263,0,0.06862961411993287,0.5544321679676112
40264,1,0.23554546172272023,0.8346008170403734
40265,0,0.05432923320875341,0.4948500626159226
40266,0,0.06956449959728545,0.5597038727951256
40267,1,0.04983931412505364,0.46695640361440766
40268,0,0.07585021435041102,0.5931701938380919
40269,0,0.07606681233772652,0.5942644123813009
40270,1,0.06919187051889462,0.5576121138425796
40271,0,0.07523339903776735,0.5855153165304595
40272,0,0.07026914944374628,0.5636254788166507
40273,0,0.06894044623224813,0.5561936733731646
40274,1,0.0741199313146681,0.5842914704787657
40275,1,0.06939392504017856,0.5587478985853357
40276,1,0.06873659868953984,0.5550394454963866
40277,1,0.06178365906887327,0.5413872240577713
40278,1,0.10687972734451431,0.7173609145111203
40279,1,0.06070351167326383,0.5126171104880288
40280,0,0.07409871278348748,0.581139452827283
40281,0,0.07010311951700478,0.562705449744809
40282,1,0.18639774203498782,0.791324977912848
40283,0,0.07365890545223933,0.5818839576823113
40284,0,0.03276586493032078,0.36843574036702703
40285,0,0.06110333345525998,0.534506610431147
40286,0,0.052375544997925315,0.4692972143631011
40287,0,0.06863262565740019,0.5544492766102614
40288,0,0.06968657599177173,0.5603864409321633
40289,1,0.06883769759696,0.5556123595337861
40290,0,0.0822649002848777,0.6240240364591635
40291,0,0.051800356590006195,0.4818580360614697
40292,0,0.06862961411993287,0.5544321679676112
40293,0,0.06941979088189508,0.5588930300328988
40294,1,0.06947916388121608,0.5592259405862666
40295,0,0.05413591196820656,0.49346514046676937
40296,0,0.07201091498809004,0.5731311206713098
40297,0,0.07978162599805089,0.6077380969785471
40298,1,0.06888603221848383,0.5558859380497384
40299,1,0.06891474576789851,0.5560483592730994
40300,0,0.06890114323166957,0.5559714243952177
40301,1,0.06938936140581729,0.5587222861106577
40302,1,0.04047884873664398,0.4192413021193887
40303,0,0.06881656107768148,0.555492658320225
40304,0,0.06932094021219973,0.5583380615661321
40305,1,0.09401379279598755,0.6730122549478095
40306,0,0.072967533925109,0.578240060596599
40307,0,0.07034613818781332,0.5640512703355233
40308,1,0.06883467772616533,0.5555952597552583
40309,0,0.054671546836636255,0.497291167158389
40310,0,0.06914485342607533,0.5573472949984337
40311,0,0.07171709621043289,0.5715461572956454
40312,0,0.07429957495092207,0.5852247789113
40313,0,0.06118977488058388,0.5094238736332058
40314,0,0.06875922081887416,0.5551677225992382
40315,0,0.05579628781513157,0.5052120619703543
40316,0,0.055422675372514725,0.5025978282067275
40317,0,0.051089954345298796,0.476517361041342
40318,0,0.07285766174722312,0.5776572485375937
40319,0,0.06863262565740019,0.5544492766102614
40320,0,0.07119505863616366,0.5687116248019961
40321,0,0.04508766909518772,0.4395630728546629
40322,0,0.07944999323268863,0.610872726977296
40323,1,0.04076343749449881,0.4218571887053675
40324,0,0.05692380184806585,0.5130005757041485
40325,0,0.056227499885296336,0.5137042146105476
40326,1,0.06900095292455714,0.5565355509376063
40327,0,0.05581082795923249,0.4889903828073135
40328,0,0.05430140328754552,0.4946509746944095
40329,0,0.051843183761359546,0.48217792894625294
40330,1,0.2401727994956816,0.845966387217477
40331,0,0.055208485747801066,0.5010915403851083
40332,0,0.06249150707685364,0.5170995354848046
40333,0,0.07095088386260055,0.5673776560653081
40334,1,0.08264986798396028,0.6257772523104141
40335,0,0.052977959980128206,0.4905687366960339
40336,0,0.06862961411993287,0.5544321679676112
40337,1,0.0725971277851624,0.5762711488302185
40338,0,0.06920704363497077,0.5576975322963572
40339,1,0.06929966635672082,0.5582185107717168
40340,0,0.08512443677522599,0.6367947957222289
40341,0,0.06868534738200105,0.5547486569346718
40342,1,0.0695462052125648,0.5596014680361996
40343,0,0.03488464909317136,0.397866176857273
40344,1,0.0718191000885224,0.5720972485777885
40345,1,0.022341540912777062,0.2830592852941025
40346,1,0.07535335423860019,0.5913734733730305
40347,1,0.07433036487434863,0.5853844733130579
40348,0,0.047665073520581074,0.45453307117114217
40349,1,0.05439057205044604,0.5055175385883119
40350,1,0.07483104734813427,0.5852868289937876
40351,0,0.07018301452634831,0.5631484809598885
40352,0,0.07846836635701974,0.6061459603906576
40353,0,0.0573733893899684,0.5215547916058072
40354,0,0.0696407741368321,0.5601305045033442
40355,1,0.0863821151353254,0.6422311138319999
40356,0,0.05364492108986322,0.4954242951462067
40357,0,0.054770220802574765,0.4829371738664349
40358,0,0.07351349101230013,0.5840646984644177
40359,0,0.06885128853389927,0.5556893069065811
40360,0,0.07924177368105247,0.6098762807008591
40361,0,0.07341976773866288,0.5806281388588077
40362,0,0.23644167101450714,0.8388780249202473
40363,1,0.05482467736866424,0.48395415341272185
40364,0,0.06963009104538366,0.5600707813973724
40365,0,0.06862961411993287,0.5544321679676112
40366,1,0.23247462772948968,0.8337387634238982
40367,0,0.07017532865733825,0.5631058861713467
40368,0,0.23593301954223794,0.835210820354888
40369,0,0.05909227595569129,0.503367266462941
40370,1,0.058476301293189606,0.5289633622062818
40371,0,0.06009104961797134,0.5061488128177128
40372,0,0.07255907296769286,0.5760682037132093
40373,1,0.03473320306144235,0.3747171061392597
40374,0,0.06972629347230551,0.560608226536318
40375,1,0.06862961411993287,0.5544321679676112
40376,0,0.06098349376731371,0.5144164384001457
40377,0,0.035347689328889556,0.3708776613604817
40378,0,0.06930422453129016,0.5582441293676662
40379,1,0.05628666512940034,0.5214003298856564
40380,0,0.05241468999024102,0.4864242759134873
40381,0,0.07169984724690584,0.5714528780951974
40382,0,0.07288312576984139,0.5777924126840258
40383,1,0.07310628598227538,0.5789745998685146
40384,0,0.07383268813614269,0.5827935534660728
40385,0,0.03736259088871768,0.38332123778756905
40386,1,0.07086707910219496,0.5669186118955646
40387,0,0.051563676326325796,0.4800859331801466
40388,0,0.0707105785674879,0.5660597214554417
40389,0,0.07436440949477395,0.5855609567770775
40390,0,0.06951420075047951,0.5594222475074124
40391,0,0.07096796642124452,0.5674711509083032
40392,1,0.07063631406375868,0.5656513964372294
40393,1,0.06933461945374188,0.5584149120783534
40394,1,0.07230584375346223,0.5747145836337604
40395,0,0.04128705800042959,0.4266360517123222
40396,1,0.05602757140352958,0.506822020266873
40397,0,0.07139939038569863,0.5698239198704491
40398,0,0.11130537942507988,0.7015841135336257
40399,0,0.07102700812854043,0.5677940960779779
40400,0,0.09130269161907971,0.6624956029507452
40401,1,0.2450806489458946,0.840915201979948
40402,1,0.07294682170570053,0.5781302720358767
40403,1,0.05400819398361559,0.4925476834520299
40404,1,0.06935894427404275,0.558551528300062
40405,1,0.06893591021139328,0.5561680304063209
40406,0,0.03324590076384483,0.3718437475188943
40407,0,0.0698624080342334,0.5613672319713365
40408,1,0.051302789488292776,0.47812423973362445
40409,0,0.0539324207871867,0.49200242578038705
40410,0,0.04185001098740846,0.43612230704858423
40411,1,0.07309670907746042,0.5789239531710771
40412,1,0.06964230041653367,0.5601390362335475
40413,1,0.05128559431829851,0.4779946355115057
40414,1,0.07062703606971997,0.5656003495324691
40415,0,0.24341949791481723,0.8435461008525668
40416,0,0.05804705314977013,0.5018822959378954
40417,1,0.1048698521493677,0.6772927725964139
40418,0,0.07078491520338498,0.5664679568152247
40419,1,0.0694410988622252,0.5590125424938789
40420,0,0.0404669560381229,0.4191317016816971
40421,1,0.02754917499814725,0.3287758443482889
40422,1,0.07004325345563597,0.5623731106337566
40423,0,0.06865672236427493,0.5545861411030569
40424,0,0.05212994270813745,0.48431379170654454
40425,0,0.05267482552850142,0.546610020475106
40426,0,0.07153226150267705,0.5705452619175586
40427,0,0.035618944058147285,0.38255093067628443
40428,0,0.07419109355267728,0.5846615033026606
40429,0,0.06937415129715066,0.5586369089389507
40430,0,0.056810093925638565,0.5122219459378861
40431,0,0.0518524480903495,0.48224709690525197
40432,0,0.04294615551939526,0.44148702458309486
40433,0,0.02623048966330393,0.311933323907399
40434,1,0.1274505969478617,0.746410820020397
40435,0,0.05472538764947534,0.5031720959385629
40436,1,0.06862961411993287,0.5544321679676112
40437,1,0.08405189653150964,0.6320725332285468
40438,1,0.15852214968751252,0.7600658902227283
40439,1,0.04901817201010578,0.4535832292009175
40440,1,0.07740695321583138,0.6009509079027283
40441,1,0.07036154528995091,0.564136417327335
40442,1,0.0706579670962449,0.5657705004643568
40443,1,0.07021837954853918,0.5633444049812614
40444,1,0.06908574489943713,0.5570140895110954
40445,0,0.07075703050828235,0.566314879096073
40446,1,0.23959957764569717,0.8375516161981574
40447,1,0.07305841301353486,0.5787213497813031
40448,0,0.06292817794798886,0.5162891294103518
40449,1,0.06873207509096166,0.5550137891951198
40450,0,0.08131313313839708,0.619643163613183
40451,1,0.07096020115099576,0.5674286538477391
40452,0,0.07191809311094047,0.5726312125571361
40453,1,0.07112966207985284,0.5683548637616205
40454,0,0.03250810025729689,0.3603557761809558
40455,0,0.070407785312362,0.5643918355914778
40456,1,0.06905999428657063,0.556868830017112
40457,1,0.03988773948510543,0.4301461845589164
40458,0,0.05530957813561659,0.5073009851309402
40459,1,0.06939696761739673,0.5587649733947845
40460,0,0.06998190147699618,0.5620321918444593
40461,1,0.06862961411993287,0.5544321679676112
40462,0,0.10488380740439167,0.7110350715293899
40463,0,0.06899490004341813,0.5565013655852296
40464,0,0.06870041762058735,0.5548341868826053
40465,0,0.08462493651557053,0.6346055328767228
40466,0,0.11383209455087834,0.7379873928237399
40467,0,0.06888905417559003,0.5559030355836913
40468,0,0.03522030913843588,0.40231402063659877
40469,0,0.03610968871286178,0.3857142916906563
40470,0,0.07746753802741088,0.6012498162645665
40471,0,0.07814193369826097,0.6045576195918189
40472,1,0.06960415270664187,0.559925732330903
40473,0,0.06952639131928705,0.5594905238234268
40474,0,0.03830072427789911,0.41426381928761863
40475,0,0.0888698114814217,0.652671823625238
40476,0,0.0686883611847359,0.5547657631838614
40477,1,0.07294363569121448,0.5781133808023357
40478,1,0.06883618764622652,0.5556038096609844
40479,1,0.06995124412675276,0.5618617104592261
40480,0,0.05353142313883407,0.49460196680178625
40481,1,0.08277140036799395,0.6263285104443634
40482,0,0.06968199455256124,0.5603608487319865
40483,0,0.018262103347019245,0.24332256229645938
40484,0,0.04023344214291014,0.4169750548412216
40485,0,0.07051115611869374,0.5649621461520191
40486,1,0.10123888074430497,0.698980855167001
40487,0,0.024654002558020912,0.2998115658506156
40488,1,0.04017980782230593,0.41647846210882955
40489,1,0.0701999261776695,0.5632421862152709
40490,1,0.14229431434323966,0.7469667757742622
40491,0,0.06341154727943692,0.5269181643900954
40492,0,0.06277124941130567,0.5172041224389843
40493,0,0.0754450022697071,0.5911129094448277
40494,0,0.07161209368078851,0.5709779235752078
40495,1,0.13661646470812178,0.7338426639464705
40496,0,0.059368443392196595,0.5348519114352744
40497,1,0.06928143643302713,0.558116033290433
40498,0,0.07196842347382193,0.572902367638478
40499,0,0.06868534738200105,0.5547486569346718
40500,0,0.06901760088289118,0.5566295578950703
40501,0,0.051376216837243666,0.47867725062768623
40502,1,0.06893591021139328,0.5561680304063209
40503,0,0.0658827715599348,0.5513553850416877
40504,1,0.07447474763808426,0.5861322761432025
40505,0,0.18984448690729044,0.7936931258688422
40506,1,0.02584094661110428,0.32696086839775873
40507,0,0.06707535904513301,0.5561504986635137
40508,0,0.07184894187955772,0.572258303080415
40509,1,0.06879693969161983,0.5553815014260601
40510,0,0.07054821857347432,0.5651663947651094
40511,0,0.0688195802124156,0.5555097588882314
40512,0,0.06987465508184654,0.5614354431697771
40513,1,0.0694852560757384,0.5592600822524447
40514,1,0.0699803683144326,0.5620236681227492
40515,0,0.06862961411993287,0.5544321679676112
40516,1,0.0796725298414881,0.6119340346510584
40517,0,0.07122466102706868,0.5688729933005924
40518,0,0.06881505155631308,0.5554841079869286
40519,0,0.07034921935874686,0.5640683000362112
40520,0,0.04629872588342749,0.4399063481844046
40521,1,0.04813191747823427,0.44624967285659844
40522,1,0.04456747355207298,0.4345827545059092
40523,1,0.03164512212487948,0.35477560133725916
40524,1,0.06927839854397241,0.5580989532287776
40525,0,0.06892835079075488,0.5561252914633105
40526,1,0.07553871554791716,0.5915898842182962
40527,0,0.040610807349678535,0.42045586847676863
40528,1,0.07013698618051127,0.574698992277599
40529,0,0.10060070168727511,0.6611037973657037
40530,0,0.04977097586889521,0.45875862944781803
40531,0,0.06902516936600575,0.5566722869900236
40532,0,0.045838638708428074,0.46171912109588503
40533,0,0.05390318511279817,0.48242218475026827
40534,0,0.06862961411993287,0.5544321679676112
40535,0,0.07356412771506916,0.5813868131315522
40536,0,0.06862961411993287,0.5544321679676112
40537,1,0.07348229167552014,0.5809569447335459
40538,0,0.06862961411993287,0.5544321679676112
40539,0,0.05536351057296347,0.5021823040802227
40540,0,0.03443999571680862,0.3779323981054645
40541,0,0.0688210898257823,0.5555183091229318
40542,0,0.07098660627213176,0.5675731398015592
40543,1,0.0522674653652508,0.48533437050254463
40544,0,0.04500982546988896,0.45934870737370426
40545,0,0.06981802912758195,0.5611199469536206
40546,1,0.0745706041553943,0.5866277920347134
40547,0,0.06880146724386346,0.5554071535093593
40548,0,0.06908574489943713,0.5570140895110954
40549,0,0.05408165732428277,0.49307564826352623
40550,0,0.04013350116000273,0.4160493404898036
40551,0,0.06905393661037434,0.5568346498982722
40552,1,0.08508958662109896,0.6366426116538508
40553,0,0.08298985132750716,0.6273167097902732
40554,0,0.28276140699857794,0.8782442277650478
40555,1,0.0689086998892725,0.5560141663256384
40556,0,0.08157395221450217,0.6208502890218066
40557,1,0.05137506877084288,0.4786686094269901
40558,0,0.07029377736357242,0.5637617423394999
40559,1,0.06988843538386615,0.5615121779927023
40560,0,0.06947154933311296,0.5591832627158503
40561,0,0.0761164947437343,0.5945148655105943
40562,0,0.05318279687598968,0.49206593646466945
40563,0,0.06976603189202368,0.5608299879374564
40564,1,0.06878486756792304,0.5553130944279249
40565,0,0.05232584101656321,0.48576685653467677
40566,1,0.06874866296720285,0.5551078608650629
40567,0,0.0688618609805473,0.5557491530168446
40568,0,0.05848538067495145,0.529023757099456
40569,1,0.07109231752838288,0.5681509684362969
40570,1,0.0683288631731146,0.5689524274029906
40571,0,0.1208070632679608,0.7566812235177294
40572,0,0.052839474517011306,0.47690492076767255
40573,0,0.2006949029461278,0.81076564825854
40574,1,0.07013383840991992,0.5628758582444199
40575,0,0.06863413147203766,0.5544578308832027
40576,0,0.07757872300706288,0.6017976188316557
40577,0,0.0686371431931228,0.5544749393322931
40578,0,0.06870493928934471,0.5548598452338498
40579,0,0.03051913212504071,0.35030479761277883
40580,0,0.06930878298334575,0.5582697476536018
40581,0,0.07090121073901974,0.5671056438031092
40582,0,0.0770728363480793,0.5992972569422561
40583,1,0.06871699842034272,0.5549282660736993
40584,0,0.07995453368437926,0.613273548679655
40585,0,0.06862961411993287,0.5544321679676112
40586,0,0.07058993535297972,0.5653961480087347
40587,0,0.06873509079270952,0.5550308934285564
40588,1,0.049532287716840456,0.4598604211963606
40589,0,0.06879543056885708,0.5553729506660281
40590,1,0.16094695005971607,0.7893740152672168
40591,0,0.0212265149865211,0.2708584825047293
40592,0,0.03282059335944086,0.36732514020466034
40593,0,0.03324207731925665,0.3624669331045095
40594,1,0.07734473072689411,0.6006436181266935
40595,0,0.07737331374568665,0.6007848151766783
40596,1,0.07201091498809004,0.5731311206713098
40597,0,0.08148575250932309,0.6204426428752458
40598,0,0.07747090512356736,0.601266420074404
40599,0,0.03275565424389873,0.3620792161390811
40600,0,0.07017532865733825,0.5631058861713467
40601,0,0.06863413147203766,0.5544578308832027
40602,0,0.06878939438438449,0.5553387472980367
40603,0,0.07589646248062931,0.5934041507058526
40604,0,0.06874113509590923,0.566098622408603
40605,0,0.06910544254213322,0.557125163723
40606,0,0.05868288138430432,0.5019830802073441
40607,0,0.2300943223112334,0.8320797275816463
40608,0,0.0690948354731685,0.5570653552411253
40609,1,0.23248921607869746,0.832349724729798
40610,1,0.07052042004513334,0.5650132103755734
40611,1,0.06949134876455415,0.559294223358145
40612,0,0.06872755176811392,0.5549881326005988
40613,1,0.04126282153239766,0.4264158313284713
40614,0,0.0602837699001596,0.508032222768504
40615,1,0.07117169635255104,0.5685842183107863
40616,1,0.07001870669821522,0.5622367501687483
40617,1,0.07123245301857967,0.5689154562657763
40618,1,0.17723175327657636,0.78492269316766
40619,0,0.09052974612769826,0.6594149535470136
40620,0,0.06963924788807664,0.5601219727376117
40621,0,0.06896161798403282,0.5563133365910892
40622,1,0.07839390541418718,0.6406759356040825
40623,0,0.07330843549481804,0.564450637554284
40624,1,0.18177358066038476,0.7901671384986733
40625,1,0.2325859087463775,0.8324608333951725
40626,0,0.058205336354662546,0.498117482042618
40627,0,0.0517656564120355,0.4815986743569462
40628,0,0.23224933298771616,0.8334936456725014
40629,1,0.06920704363497077,0.5576975322963572
40630,1,0.2539327896515525,0.85080854897536
40631,1,0.23851925369346735,0.8421905128964582
40632,1,0.05611359925699593,0.5074192286645013
40633,0,0.045695545299630325,0.43835263853109274
40634,1,0.2480269026973707,0.8450165183146825
40635,1,0.06895556829785432,0.5562791477663414
40636,1,0.06886035053898712,0.5557406036715072
40637,0,0.06299058317160235,0.5245602970845507
40638,0,0.0696682519067195,0.5602840702062645
40639,0,0.07783381977109008,0.6027998978765615
40640,1,0.07137596620432617,0.5696965933467517
40641,0,0.06862961411993287,0.5544321679676112
40642,1,0.2260421834110305,0.8287510426799132
40643,1,0.07286945524316091,0.6165604896426031
40644,0,0.05138540224206621,0.47874638069220643
40645,0,0.07832369828357087,0.6054430632358287
40646,0,0.04436356270571551,0.42717510953827276
40647,1,0.06052807029248024,0.5076966083293513
40648,1,0.04800220639576193,0.4583842939400059
40649,0,0.06947307218095414,0.5591917983599247
40650,1,0.23474524604324434,0.8363192132629012
40651,1,0.231393555157868,0.8325109687926756
40652,0,0.03873961657892963,0.4234243368118045
40653,1,0.06889358734142816,0.5559286816363789
40654,0,0.051201988957968216,0.4773639375779496
40655,0,0.0709974816065274,0.5676326306782538
40656,1,0.22836463483336947,0.8341563638568809
40657,0,0.07327726831265062,0.5798775192489727
40658,1,0.03426464290123679,0.39022683711179706
40659,0,0.051388847169311844,0.4787723046764136
40660,0,0.04025891971320079,0.41721078498337305
40661,0,0.053461438924245375,0.4966969611208204
40662,0,0.23469752149182996,0.8352128114838516
40663,0,0.06937263045599826,0.558628371031004
40664,0,0.08062074600793295,0.6164142275490244
40665,0,0.05065242269348327,0.4671866506498588
40666,0,0.057364008778257806,0.5157845263681555
40667,0,0.07298665770565524,0.5783413970197088
40668,1,0.06862961411993287,0.5544321679676112
40669,0,0.07676341123333344,0.5977579113113712
40670,1,0.22169349161972166,0.8262299031186608
40671,0,0.06874112256386233,0.5550651015042658
40672,1,0.03430371570956427,0.3649813858965998
40673,0,0.03933080182777171,0.4213860142825977
40674,0,0.08138002758076154,0.6199532430765771
40675,0,0.0687260440551024,0.5549795803372806
40676,1,0.07745407098329055,0.601183398696992
40677,0,0.048923969725740035,0.45637217217210985
40678,0,0.0762673802393041,0.5952742720109329
40679,1,0.07608171393404939,0.5943395534764716
40680,1,0.06969268501085144,0.5604205633662434
40681,1,0.06863413147203766,0.5544578308832027
40682,0,0.051242057617586136,0.47766631811499705
40683,1,0.06924195349091622,0.557893981779062
40684,0,0.06872302872098271,0.5549624757129569
40685,1,0.06888301038413482,0.5558688403834359
40686,1,0.07538915397261098,0.5908283164225379
40687,1,0.06872905951176066,0.554996684831348
40688,0,0.07473170303372058,0.5874588564199185
40689,1,0.08628734788886414,0.6418252334853727
40690,1,0.026682849006771238,0.3297390960761396
40691,0,0.06416052229004003,0.5210505206701482
40692,0,0.040590620376793014,0.42027024700058024
40693,0,0.07732792170568803,0.6005605532212184
40694,0,0.023640696209761728,0.29028583763362087
40695,0,0.23175251325908208,0.8332753731757907
40696,1,0.07097883911814643,0.5675306451249194
40697,1,0.08359961374123027,0.6300570081677547
40698,1,0.07991988299325842,0.6131092828965599
40699,1,0.06863262565740019,0.5544492766102614
40700,0,0.08188156564302738,0.6222675648584399
40701,1,0.061349320675476465,0.5158310537998096
40702,1,0.07109698460695152,0.5681764566164852
40703,0,0.06084752908468028,0.5116497182221277
40704,0,0.04028896669312401,0.41748865837459487
40705,1,0.07047565481832418,0.5647663872011308
40706,1,0.22891277317969366,0.8299783382229609
40707,1,0.06921918434531597,0.5577658646021483
40708,0,0.06983638964973747,0.5612222754771813
40709,0,0.24572776597897364,0.8483966156787186
40710,1,0.06959652548495007,0.5598830688920318
40711,0,0.09212752386487454,0.6461313198311107
40712,0,0.07226003327850058,0.5744691194099213
40713,0,0.06105514776497143,0.5368603566197455
40714,0,0.07391737783839805,0.582717457947419
40715,0,0.07891582364337563,0.6083097635713042
40716,0,0.07715498346634671,0.5997046488175413
40717,0,0.05912375458667623,0.5048833215540206
40718,1,0.1782562366980309,0.7812470345040999
40719,1,0.07671271125823051,0.5939054372878653
40720,0,0.06862961411993287,0.5544321679676112
40721,0,0.06884826811096167,0.5556722077210952
40722,0,0.0597649146083187,0.504630907342987
40723,1,0.04768781534312455,0.45427806945494215
40724,1,0.1806391655625233,0.7852854186397754
40725,0,0.22767681975768822,0.8310417166761218
40726,0,0.07029223788485277,0.5637532261511619
40727,0,0.041615352906336806,0.42245889418334914
40728,1,0.08003601681096852,0.6136594717709455
40729,0,0.07000490264314031,0.5621600432731645
40730,0,0.23524388493263382,0.8413592548760905
40731,1,0.0518211872507749,0.48201365778572935
40732,1,0.07264948319686704,0.57655015634656
40733,1,0.06235902962271909,0.5212482375591277
40734,1,0.21951812179118105,0.8250203836852795
40735,1,0.05239831237222987,0.48630316874651575
40736,0,0.07161522602927717,0.5709948884932471
40737,0,0.07673837269051431,0.597633014573982
40738,0,0.08690034817641176,0.6444399630933437
40739,0,0.06862961411993287,0.5544321679676112
40740,0,0.06875017113979605,0.5551164126393276
40741,0,0.0514888451299296,0.4795241493895136
40742,0,0.06906756707366433,0.5569115544084048
40743,0,0.25230759141682374,0.8547732599685223
40744,1,0.06879241241530613,0.5553558490475952
40745,0,0.16974444576633857,0.7716010662612485
40746,0,0.05400819398361559,0.4925476834520299
40747,0,0.07177514355549822,0.571859877258732
40748,0,0.06862961411993287,0.5544321679676112
40749,1,0.09820312867141627,0.6772482376963723
40750,1,0.278595123640904,0.8772844557575344
40751,0,0.034531577961852467,0.44070163937064577
40752,1,0.03175663601041241,0.36131229578979546
40753,0,0.23510507550614407,0.836363913420928
40754,0,0.17424278190490977,0.778655507860321
40755,0,0.18482313370269968,0.7912999697889723
40756,0,0.07379564726816162,0.5825998902459628
40757,1,0.20858294920631956,0.820414929972305
40758,0,0.04538853693808403,0.43955158485654616
40759,0,0.0691660832884132,0.5574668946518992
40760,0,0.02543798589906617,0.31764284481080945
40761,1,0.060802506741572684,0.5145390335473062
40762,0,0.17909057981497734,0.7817958762398844
40763,1,0.20275659387697045,0.8848891993469952
40764,0,0.0328981052476399,0.3678025169338606
40765,0,0.03448150769913545,0.3679818366948932
40766,0,0.08603139075646458,0.6407259507283221
40767,0,0.1774555587975796,0.7868655023262208
40768,0,0.2340206229572696,0.8363714012239054
40769,0,0.049147235785803656,0.4587239790888509
40770,0,0.053517861877290136,0.48879062167700293
40771,0,0.06877282469997825,0.5634164668235706
40772,0,0.051201988957968216,0.4773639375779496
40773,0,0.07106587609344411,0.5680065286019947
40774,0,0.07340694837175975,0.5805606826392354
40775,0,0.23252741255347104,0.8359139571769013
40776,0,0.029365415115600788,0.33351505209986615
40777,1,0.2772729781949047,0.8766581812986454
40778,0,0.05840888178545841,0.4988480833561733
40779,1,0.2301957537676747,0.8320082697656885
40780,0,0.06862961411993287,0.5544321679676112
40781,1,0.06862961411993287,0.5544321679676112
40782,0,0.06944414335343559,0.5590296151447014
40783,0,0.039432890222422676,0.41083340400909957
40784,0,0.0535338102331951,0.49461927869211303
40785,0,0.07505322556720394,0.5891111042288196
40786,0,0.05542269352005241,0.5061940151189952
40787,0,0.06926928561654422,0.5580477122192692
40788,0,0.06539407338797248,0.5351656455357641
40789,0,0.06480246420084655,0.566917181053573
40790,0,0.0755008885608848,0.5913974414163136
40791,0,0.06892986261347299,0.5561338393183832
40792,0,0.06966519832594452,0.5602670079197419
40793,1,0.17609565624693607,0.779911336021731
40794,0,0.08892007144478288,0.6267530979565906
40795,0,0.18514884032259504,0.789872718330957
40796,0,0.2374867760243234,0.839683265456802
40797,0,0.03046037580525809,0.3424190620331711
40798,0,0.23525895390335586,0.8367086406732709
40799,1,0.06891625731430145,0.5560569074270242
40800,1,0.04383452894563327,0.4261057257090319
40801,0,0.07317335668363283,0.5793290801572499
40802,0,0.058385107971841085,0.49997498564766873
40803,0,0.070481827770665,0.5648004336885147
40804,0,0.0669902251881565,0.5546691922939196
40805,0,0.07401007681372983,0.5837194147367404
40806,0,0.22966839690398844,0.8319135898287439
40807,1,0.07063012860927688,0.5656173653220535
40808,1,0.03518518974841434,0.3778195260981227
40809,1,0.0714728321132981,0.570222816432874
40810,1,0.07556010371635134,0.5916986438220752
40811,0,0.06708276987565051,0.5626042622539781
40812,1,0.06893288635102256,0.5561509349288327
40813,1,0.22708089088523503,0.8303404126414691
40814,0,0.03481615661614594,0.39067393889160196
40815,1,0.1588215771147606,0.7640352745114092
40816,0,0.06958584867367393,0.5598233385914759
40817,0,0.058379540806109374,0.5166880183344942
40818,0,0.059086641259428696,0.5036682250327865
40819,0,0.03621223467841598,0.40224649097450654
40820,1,0.05577916749296155,0.510589561693907
40821,0,0.06870946123374899,0.5548855032926406
40822,0,0.06905242226819303,0.5568261047844637
40823,0,0.0715823426755979,0.5708167485407359
40824,1,0.045475236622227855,0.4384524449319026
40825,1,0.06211707981046526,0.5150399092839106
40826,0,0.06958432353863431,0.5598148055499447
40827,0,0.04225271327011022,0.421640509531819
40828,1,0.04161088903269988,0.4295694138945966
40829,1,0.08718481516628282,0.6261096468122291
40830,0,0.23628734580926622,0.8359792379872714
40831,0,0.04522692345274806,0.4353577693308449
40832,0,0.043814994761063174,0.4364789324598164
40833,1,0.04238197723885281,0.417135681792141
40834,0,0.04414294258412698,0.42620470819672507
40835,1,0.02016331694919286,0.26244659915214036
40836,0,0.06881807062971551,0.5555012086206609
40837,0,0.07040470177060373,0.5643748087687828
40838,0,0.06862961411993287,0.5544321679676112
40839,0,0.03649200090977764,0.3825005022616838
40840,1,0.05167669318575293,0.4809330250347639
40841,0,0.015315786808718986,0.21134839037074288
40842,0,0.06935590323964273,0.5585344517566545
40843,0,0.0754285723568838,0.5910292119442441
40844,0,0.056661333588559314,0.5112009865228926
40845,0,0.07537766050828844,0.5907697161791525
40846,0,0.06944566564535957,0.5590381514177689
40847,0,0.0323721522921437,0.36216797470616935
40848,0,0.06862961411993287,0.5544321679676112
40849,0,0.07114989794134567,0.5684652973951994
40850,0,0.07703765498436248,0.5991226183631986
40851,0,0.06902365560791135,0.556663741238095
40852,0,0.06862961411993287,0.5544321679676112
40853,1,0.06958584867367393,0.5598233385914759
40854,1,0.20569262001567906,0.8177043851256539
40855,0,0.07038620314107953,0.5642726446456954
40856,0,0.17792721989136126,0.7817615208100692
40857,1,0.1787473587543489,0.7846751808600481
40858,0,0.0688422276331993,0.5556380089545943
40859,0,0.06997576901310679,0.5619980967379563
40860,0,0.07704603016426109,0.5991642012624889
40861,1,0.22906243929909692,0.8297848981937764
40862,1,0.08753909952903499,0.6282278416340952
40863,1,0.06881505155631308,0.5554841079869286
40864,0,0.10651375121756601,0.716215099594392
40865,1,0.06916305008155194,0.5574498093947882
40866,0,0.2302835846417693,0.8312131400471023
40867,0,0.18354150439025116,0.7873539824128089
40868,1,0.07295797376606451,0.5781893899135171
40869,1,0.04666192286373225,0.4529181240467893
40870,0,0.05838897527132687,0.499346760552799
40871,0,0.032412949110415853,0.3547665449551191
40872,1,0.07323888512653771,0.5796750415535828
40873,1,0.07993374162390209,0.6131749923001507
40874,1,0.06867329339584995,0.5546802306410853
40875,0,0.07924932081102062,0.6079813761445682
40876,1,0.07205342964230471,0.5733598424247662
40877,0,0.07350795669998915,0.5810918186706469
40878,1,0.10697937192388436,0.7224041783064167
40879,1,0.02863353633106871,0.3351309937274947
40880,0,0.06905242226819303,0.5568261047844637
40881,0,0.06865370984740554,0.5545690334937551
40882,0,0.2279021994213542,0.8296801096479928
40883,0,0.07396165923190644,0.5834669654018987
40884,1,0.05473026226671938,0.5032067223333362
40885,0,0.2384580483296476,0.8404016633752812
40886,1,0.056355615659445454,0.49092110161244645
40887,1,0.06955077839137055,0.5596270697018108
40888,0,0.22836342074406146,0.8327270509019411
40889,1,0.04034871655007618,0.44460024064895703
40890,0,0.04595675175958373,0.4480019517422206
40891,0,0.06908271495425822,0.5569970006644631
40892,0,0.03062196010464422,0.34335242607571936
40893,1,0.04264770345864203,0.4210968460362516
40894,0,0.05330867296375736,0.4929833678936566
40895,0,0.050429063895099616,0.4651115293260143
40896,0,0.06862961411993287,0.5544321679676112
40897,0,0.05922787629732409,0.5026832962640786
40898,0,0.0803870846631197,0.6153164893672405
40899,0,0.06926776690317893,0.5580391719308236
40900,0,0.07061157524860841,0.5655152682661305
40901,0,0.071552603077758,0.5706555584865206
40902,1,0.026474684854210277,0.31878903324098895
40903,0,0.07431091724192256,0.5852836157762471
40904,1,0.0693285394824352,0.558380756640373
40905,0,0.051259238979164415,0.4777959147978306
40906,0,0.051749470517368515,0.4814776422797243
40907,0,0.19202714344671082,0.8006052576788503
40908,1,0.2303838120860348,0.831329704913627
40909,0,0.07092604328420558,0.5672416550011025
40910,0,0.07109387318980293,0.5681594645364664
40911,0,0.08105307439197855,0.61843455697503
40912,0,0.0692571367725363,0.5579793889507936
40913,0,0.06875922081887416,0.5551677225992382
40914,0,0.2513262898578219,0.8547638602294791
40915,0,0.06905090795675776,0.5568175596370256
40916,0,0.22613953418623242,0.8288543965189364
40917,1,0.23364987396060583,0.8392563168186572
40918,0,0.24708810320055521,0.849442208079827
40919,0,0.22468352309434447,0.8271084899528129
40920,0,0.06913424075714558,0.5572874926770138
40921,0,0.07072141483291386,0.5661192613756513
40922,0,0.17696905681450364,0.7807754996362702
40923,0,0.24717847050399955,0.8436266078782647
40924,0,0.06415718395981142,0.5415602516148404
40925,1,0.23390678897021597,0.835364374900972
40926,0,0.06120006282948559,0.5177180451582748
40927,0,0.06871398345381417,0.5549111610588444
40928,0,0.035632124074924006,0.378178374280108
40929,0,0.06114130085592711,0.515831938298016
40930,0,0.07114522765537534,0.5684398133143158
40931,0,0.051475041374854785,0.479420441078918
40932,0,0.0690690817233347,0.5569200991856467
40933,0,0.07967771187974416,0.6119587036380524
40934,0,0.06919490489574474,0.5576291978061511
40935,0,0.2359178441482717,0.8376140486470057
40936,0,0.054108420021848694,0.49876575297460785
40937,0,0.07180339847628404,0.5720124769106588
40938,0,0.24829355564209515,0.8447834081625507
40939,0,0.24006560759708137,0.8438312931242598
40940,1,0.23088540766846322,0.8319115668580176
40941,0,0.17935678724131007,0.7857031201219434
40942,1,0.06931182210554877,0.5582868263385969
40943,0,0.08599250110530614,0.6405585386331902
40944,0,0.07959828778227124,0.6115803828480483
40945,0,0.07087793752179658,0.5669781241190119
40946,0,0.07790300171589916,0.6033897727942911
40947,1,0.06862961411993287,0.5544321679676112
40948,1,0.0686461790908967,0.554526263904869
40949,0,0.05859618146562447,0.49881195504325776
40950,0,0.2189427400487471,0.8241098850564593
40951,0,0.04536772479607672,0.4383394112930729
40952,1,0.04194322627408001,0.42388601544597854
40953,0,0.07136659851829051,0.5696456601549962
40954,1,0.06968963043938621,0.5604035022205752
40955,0,0.06862961411993287,0.5544321679676112
40956,0,0.0703754143485936,0.5642130463865105
40957,0,0.061763601532283614,0.5356091268052346
40958,1,0.07243552176636953,0.5754084551988851
40959,0,0.18257986315051536,0.7882783833143657
40960,0,0.032487929973887476,0.35233119443944294
40961,1,0.05124892950837165,0.4777181564282952
40962,0,0.032903792437215106,0.36436586163506707
40963,0,0.06861756919408947,0.5543637321075008
40964,1,0.22805030264876028,0.8287691159722607
40965,0,0.05212761476509342,0.4842964948642937
40966,0,0.07247985114864522,0.5756453190432883
40967,0,0.2292093860501285,0.8301357876115911
40968,1,0.06914485342607533,0.5573472949984337
40969,1,0.03077144231724023,0.3580727783913883
40970,0,0.07214483571031578,0.5738510644323305
40971,1,0.06865069745297586,0.5545519257551463
40972,0,0.07115768238039837,0.5685077700577105
40973,0,0.19604956353833455,0.8021565594440798
40974,0,0.06296324930495899,0.5200218516751465
40975,0,0.07031841326215407,0.5638979962351632
40976,0,0.07619439038208539,0.5949071431613674
40977,0,0.043190948034467234,0.4208208935875915
40978,0,0.06955382733181811,0.5596441373026902
40979,1,0.06942131267981112,0.5589015668637375
40980,0,0.07108453969280434,0.5681084873340412
40981,0,0.05194053730162249,0.4829042260736768
40982,1,0.06928143643302713,0.558116033290433
40983,0,0.0686883611847359,0.5547657631838614
40984,1,0.22863803007982625,0.8307237539443272
40985,0,0.07061466716262149,0.5655322848283915
40986,0,0.05457447724605399,0.502098664255826
40987,1,0.052222965459201943,0.48150470505963056
40988,0,0.06314540232274597,0.5492801763411438
40989,0,0.08181606527095385,0.6219663640772177
40990,0,0.04034365261524104,0.41799401686583343
40991,0,0.06862961411993287,0.5544321679676112
40992,0,0.22766732393989247,0.8295812532683057
40993,0,0.06893742218763786,0.5561765780951922
40994,0,0.0375293891430024,0.39547325201262107
40995,0,0.23174119880298125,0.8330743470265536
40996,0,0.05863517723289514,0.49907166240243134
40997,0,0.07499805969333387,0.5858182102320136
40998,1,0.040340004675936104,0.417960320930189
40999,0,0.06023028589001778,0.540820539582136
41000,1,0.05874319235712084,0.4997901882762136
41001,0,0.05494148129735227,0.5047042799974536
41002,0,0.022623378931233295,0.29412244286642264
41003,0,0.2411245892968702,0.8412742956873435
41004,0,0.04992954012475611,0.4657594490879404
41005,0,0.22110933958168805,0.8269518589253613
41006,0,0.054580308124611565,0.496641919826974
41007,0,0.06887998867253892,0.5558517425848232
41008,0,0.22838302007359995,0.8316788315934852
41009,0,0.07347587670861025,0.5809232243579389
41010,0,0.18261592836317925,0.7851581080281859
41011,0,0.06862961411993287,0.5544321679676112
41012,0,0.07045559617377338,0.5646557318999963
41013,0,0.07214168199747668,0.5738341281625093
41014,1,0.09100995141675292,0.661333232991682
41015,0,0.22553541077934922,0.8283124123825646
41016,1,0.2688100998039992,0.8701482099973684
41017,0,0.0752841307636122,0.5902924469150184
41018,0,0.05802779676790371,0.4972414369458388
41019,0,0.04556777860365277,0.4341627807789878
41020,1,0.09075357935400244,0.6414255184455653
41021,1,0.0691979393957733,0.5576462816333538
41022,1,0.06990834470195645,0.5616230119865396
41023,0,0.041489871254922796,0.4284751716469647
41024,0,0.0734710658218024,0.580897933580134
41025,0,0.21680071532184356,0.8265971786250987
41026,0,0.06026634221840602,0.5117750411901437
41027,0,0.04638721449792949,0.4588439902993316
41028,0,0.043298997933320885,0.4445887018248913
41029,0,0.07905806128449751,0.6089943607456882
41030,1,0.07051270002832995,0.5649706569516983
41031,0,0.06931486135108933,0.5583039048857098
41032,1,0.22408761081248071,0.8271242031241357
41033,0,0.06017500327863913,0.5117465847800365
41034,0,0.06903078049854819,0.5437765716774077
41035,1,0.06980579126003006,0.561051725049677
41036,0,0.07827949563843771,0.6052279721123398
41037,0,0.08125427808896324,0.6470121864911627
41038,1,0.07057602722770666,0.5653195667109893
41039,1,0.10144268733908696,0.6996725640841757
41040,0,0.06566058100025544,0.5332549267031876
41041,0,0.05969167451349183,0.5107831324004084
41042,0,0.07734548477434833,0.6161552474976435
41043,0,0.058119693508818085,0.49817465562140756
41044,0,0.0591028224064681,0.5024894242416622
41045,0,0.05948254596815529,0.504991137842394
41046,0,0.07081901028393568,0.566655034578173
41047,1,0.06869589622746304,0.5548085282390406
41048,1,0.22673800273586966,0.8286579423068914
41049,0,0.042279594641453,0.4268079448788318
41050,0,0.058747941801499046,0.5011075437026635
41051,0,0.06950658264934469,0.5593795736682475
41052,1,0.12724950458319875,0.7213460596718027
41053,0,0.0762740188607898,0.5953076420820904
41054,0,0.07387780446019893,0.5830292829107702
41055,0,0.25001493055184726,0.8538008926997556
41056,1,0.07093225267560764,0.5672756562179676
41057,0,0.06872001350939755,0.5549453709584167
41058,0,0.057249286832163314,0.5151325190899024
41059,0,0.019963532091044164,0.26005142032753437
41060,0,0.043349255824811604,0.42662172560210293
41061,0,0.06991447170118202,0.5616571135173016
41062,1,0.07303608217896923,0.5786031522233029
41063,0,0.06870041762058735,0.5548341868826053
41064,0,0.1773269503677031,0.7833439532775991
41065,1,0.223702469949781,0.8281141290659595
41066,1,0.06947307218095414,0.5591917983599247
41067,0,0.06884826811096167,0.5556722077210952
41068,1,0.06943957666293779,0.5590040061161337
41069,0,0.0695599255837169,0.559678272081406
41070,1,0.07276224465613909,0.577150279552266
41071,1,0.05151301012528813,0.47970564317424563
41072,1,0.05223713434961663,0.4851094864046313
41073,1,0.06904030863755732,0.5567577426637442
41074,0,0.06935438276871705,0.5585259134330288
41075,0,0.09789386474032251,0.6873155666333911
41076,0,0.06894649468996719,0.5562278635298908
41077,1,0.06942892213247599,0.5589442504954741
41078,0,0.05471685805350997,0.5031114996746932
41079,1,0.058740999185401675,0.5000914694000079
41080,1,0.029792616922840725,0.33886625052365577
41081,0,0.08080947128762148,0.6168744012852837
41082,1,0.05078195622670113,0.4703739086347417
41083,1,0.039561273640507315,0.4257283995016479
41084,0,0.17997259294213108,0.7863111605982523
41085,1,0.025555212186837328,0.3267496877661491
41086,0,0.045034908951910556,0.431289502926043
41087,0,0.0518362365414917,0.48212605342506243
41088,0,0.06908271495425822,0.5569970006644631
41089,1,0.07514321745761056,0.5895720347002568
41090,0,0.0803278958313767,0.6150377714384792
41091,0,0.2185333961600382,0.8237823920655402
41092,0,0.054913406864400924,0.5186678498177651
41093,0,0.024297347077326475,0.29655269520002026
41094,0,0.07244433247813918,0.5771992604211682
41095,1,0.08679074399673235,0.6238078481243904
41096,0,0.062464531517114806,0.5190939596773054
41097,0,0.06862961411993287,0.5544321679676112
41098,0,0.07033997622015822,0.5640172104809311
41099,0,0.07260981681182267,0.5763387914888156
41100,1,0.07592620708781846,0.593554529180765
41101,1,0.06904636520692317,0.556791923992983
41102,0,0.09549283273952179,0.6785657567868392
41103,0,0.06883920757836628,0.5556209093736582
41104,1,0.06862961411993287,0.5544321679676112
41105,0,0.07083141225600888,0.5667230581480331
41106,0,0.05147849198547752,0.47944636799062973
41107,1,0.07044171251085689,0.5645791206097357
41108,0,0.07531560574412827,0.5877311809620365
41109,0,0.060989325480909726,0.5094253738069946
41110,0,0.05188256796887031,0.48247189745685193
41111,0,0.08096889400900223,0.6180422605316628
41112,0,0.05229781302050919,0.4855592605391863
41113,0,0.0884813448374387,0.6337583371788453
41114,0,0.06864015503662492,0.5544920476522939
41115,1,0.031114423824430814,0.3523745534614623
41116,1,0.05380060196133305,0.49654962579732576
41117,0,0.07987826620778182,0.6023998705724728
41118,0,0.06978743817886672,0.5609493878676587
41119,0,0.04649224906674701,0.4411796814015393
41120,0,0.05893050537990659,0.5032666003351328
41121,1,0.19871235186547984,0.8076237487407346
41122,1,0.03608982843112574,0.38119453403244297
41123,0,0.06951572446341392,0.5594307821698961
41124,0,0.06955230284613628,0.5596356035198732
41125,1,0.051842025830261484,0.48216928299934564
41126,0,0.06383765277289336,0.5295159085875584
41127,0,0.0703476787576875,0.5640597852047553
41128,0,0.08561923236414112,0.6389464506491291
41129,0,0.07129793682674525,0.5692721051090032
41130,0,0.06211466014441762,0.5149799800051301
41131,1,0.0909281356448512,0.6610074195446815
41132,0,0.06273050994447134,0.519180306288411
41133,0,0.03496443348806332,0.38840541897723313
41134,1,0.04850238019036342,0.45681573352930904
41135,1,0.05059187900006584,0.46326832146014085
41136,0,0.06862961411993287,0.5544321679676112
41137,0,0.06883467772616533,0.5555952597552583
41138,0,0.06930270510893591,0.5582355898701225
41139,1,0.06862961411993287,0.5544321679676112
41140,0,0.045049481600850205,0.4426015565724093
41141,0,0.07278926780097923,0.5772939373125358
41142,0,0.050519691182138726,0.4721830357631003
41143,1,0.06072628949053665,0.5083661372918804
41144,0,0.07503850905302231,0.5890356643245883
41145,0,0.07459661868876805,0.5867621390382363
41146,1,0.05182002978412355,0.4820050120425618
41147,1,0.10938827180925192,0.6870524516073806
41148,1,0.0686371431931228,0.5544749393322931
41149,1,0.02334635850734319,0.3148997045023221
41150,0,0.0720313821176255,0.5732412498703364
41151,0,0.057783772587905166,0.4997036960153973
41152,0,0.06862961411993287,0.5544321679676112
41153,1,0.06929966635672082,0.5582185107717168
41154,0,0.06958279843452163,0.559806272473065
41155,0,0.07179761038144311,0.5738887569911936
41156,0,0.0787789486085512,0.6076495073281536
41157,0,0.057956267496836696,0.5040919482121188
41158,0,0.06862961411993287,0.5544321679676112
41159,1,0.23335791107102455,0.8337201171867372
41160,0,0.20229012758328926,0.811526763874859
41161,0,0.05917509369266895,0.5281061969783776
41162,0,0.06946698097491942,0.5591576555737324
41163,1,0.07442118239742027,0.5858550470633809
41164,1,0.04192211890999703,0.4229277288377569
41165,1,0.07394713964159219,0.5833912220581365
41166,0,0.0405044751507451,0.41947739165424264
41167,0,0.04539952357112106,0.4520173040969356
41168,1,0.06863111987336544,0.5544407223050626
41169,1,0.06583119522534361,0.5857492950117921
41170,1,0.07011386971414217,0.5627650944053156
41171,0,0.06862961411993287,0.5544321679676112
41172,1,0.07254005245495898,0.5759667215277131
41173,1,0.07056675655100965,0.5652685107800675
41174,1,0.258081387507471,0.8580889181735539
41175,0,0.06217564594493229,0.5137862137756763
41176,1,0.07442571945910954,0.6162569226352251
41177,0,0.07801475883963907,0.6039365720824108
41178,0,0.06875017113979605,0.5551164126393276
41179,0,0.06863111987336544,0.5544407223050626
41180,1,0.06967741339199165,0.5603352562108564
41181,0,0.06364349640729257,0.5355370098941703
41182,1,0.05994323710118871,0.5293214721378641
41183,0,0.08577057990286895,0.6396012425187821
41184,1,0.06915395119976175,0.5573985528078794
41185,1,0.08523457489631016,0.637275197045563
41186,1,0.2436231146549824,0.8435701782315947
41187,0,0.05351352313180785,0.4944721280397882
41188,0,0.06862961411993287,0.5544321679676112
41189,1,0.0753266060908895,0.6017438692595292
41190,0,0.05329797445817985,0.4929054708496627
41191,0,0.08261236875054634,0.6256069447600169
41192,0,0.06316012619509394,0.5234062555782459
41193,1,0.051201988957968216,0.4773639375779496
41194,0,0.0735850012972896,0.5814963676927617
41195,0,0.06866576064956234,0.5546374631547242
41196,0,0.06229800777334905,0.5145560633511896
41197,0,0.06941522567337144,0.5588674193314883
41198,1,0.0713213373671726,0.5693994623003824
41199,1,0.07501398742157722,0.5889099218486694
41200,0,0.0592101913235765,0.5261024556642722
41201,1,0.07479030856761427,0.5857118008081786
41202,0,0.05237024770256612,0.48609556020992883
41203,0,0.06921159617034549,0.5577231571671502
41204,1,0.18961415865304462,0.7953669516738383
41205,1,0.06892683899874051,0.5561167435750122
41206,0,0.06981496947466707,0.5611028916941156
41207,0,0.07010004831204002,0.562688408080133
41208,1,0.19896732222672,0.8129984181039298
41209,0,0.07130573621919317,0.5693145585252888
41210,1,0.06286209997251418,0.5405939590310612
41211,1,0.23407099225404981,0.8332801944310959
41212,0,0.06267391944542819,0.5235785904336657
41213,0,0.07343098637559028,0.5806871605791588
41214,0,0.044978567364334254,0.4295562122185488
41215,0,0.06894800688117055,0.5562364109858731
41216,1,0.05400819398361559,0.4925476834520299
41217,1,0.08749523731298808,0.6277440576360447
41218,0,0.06958432353863431,0.5598148055499447
41219,0,0.04741053797173785,0.4547434975510456
41220,1,0.05241235003448777,0.48640697479170436
41221,1,0.07779463136095874,0.593170212589699
41222,0,0.06868233370174913,0.5547315505557598
41223,0,0.06041212673106484,0.5063151926174377
41224,0,0.042363675890888824,0.42670097433729093
41225,0,0.051201988957968216,0.4773639375779496
41226,0,0.07369105899927254,0.5820524435633331
41227,1,0.056877029393699464,0.5126804797781637
41228,1,0.25093825775695977,0.8505738473909605
41229,0,0.06898769221896259,0.5572654930006392
41230,1,0.06884675794550776,0.5556636580789036
41231,1,0.18148345126643625,0.7873586206650813
41232,1,0.0693467808768113,0.5584832212958786
41233,0,0.060904726237746704,0.5094914891156264
41234,1,0.09174166878584541,0.6376201489802065
41235,0,0.18639375735468963,0.8002337908283742
41236,1,0.07947928723965932,0.6110126495941273
41237,1,0.07752985101092005,0.6015569490160424
41238,0,0.06897220611739638,0.5563731657508504
41239,0,0.06865370984740554,0.5545690334937551
41240,1,0.17362774726588062,0.7768818794987001
41241,1,0.19813309097813547,0.8072120200851954
41242,0,0.05005838498735083,0.4698977499940109
41243,0,0.09328797516091514,0.6702400470318178
41244,0,0.06866124136916239,0.5546118022744723
41245,1,0.23350532850215874,0.8331618510936004
41246,1,0.0746996755921543,0.5846307837396801
41247,0,0.20099878259739973,0.8118487007080558
41248,1,0.07734304967414596,0.6006353118966028
41249,0,0.07777613015343104,0.5921636618343773
41250,0,0.07063322127395506,0.5656343809569865
41251,0,0.07161365983922796,0.5709864060550782
41252,0,0.0686371431931228,0.5544749393322931
41253,0,0.23103366267218495,0.8315653475072985
41254,0,0.05741283291921794,0.5478981456056462
41255,0,0.07238014518810879,0.5751123266946528
41256,0,0.0447567293957172,0.4405490533872238
41257,0,0.06966061818693887,0.5602414142229128
41258,0,0.06965451176826892,0.5602072887955283
41259,0,0.17657830226787444,0.7805476306645246
41260,0,0.04626562043957631,0.4427495998463235
41261,0,0.08257666958901498,0.6254447181652121
41262,0,0.08304286140179669,0.6276690556505263
41263,1,0.02042575170392299,0.27014965786182876
41264,1,0.1504381595803378,0.7473311464085433
41265,0,0.06911908241727303,0.5572020579085802
41266,0,0.05959171058113169,0.5057522461996098
41267,0,0.0827016781017494,0.6260123877082309
41268,0,0.06873056728604307,0.5550052370295233
41269,0,0.06872755176811392,0.5549881326005988
41270,0,0.100937058700312,0.6979525435797704
41271,0,0.058737714238957274,0.5035440137721636
41272,0,0.0573620333672213,0.4952457209744698
41273,1,0.06863413147203766,0.5544578308832027
41274,0,0.04081505097386651,0.422330208414707
41275,1,0.06920400876538219,0.5576804488784962
41276,1,0.06862961411993287,0.5544321679676112
41277,0,0.07095243666552654,0.5673861557948969
41278,1,0.22754734054733997,0.8301783515064161
41279,1,0.2354677674738036,0.8392068344942154
41280,0,0.10319617397939308,0.6756636539874115
41281,0,0.022552358404569393,0.2807168659123114
41282,0,0.05640524743147162,0.5134751488308082
41283,1,0.06876676306086595,0.5552104800007088
41284,0,0.04514566561740804,0.4425205909657448
41285,0,0.042850964523922376,0.4228122887004272
41286,1,0.0714728321132981,0.570222816432874
41287,1,0.08765282708299603,0.6476152837562087
41288,0,0.23232782171812852,0.8334080756652784
41289,0,0.06923284500088703,0.5578427358319702
41290,0,0.0712371285912708,0.5689409335585315
41291,1,0.06862961411993287,0.5544321679676112
41292,0,0.07337651063502651,0.5804004620549185
41293,1,0.068680826907553,0.5547229973176704
41294,1,0.07034921935874686,0.5640683000362112
41295,1,0.06907362585685828,0.5569457333152498
41296,1,0.06879241241530613,0.5553558490475952
41297,1,0.01949235526779462,0.25927247588236824
41298,0,0.06065276763901398,0.5085014933529435
41299,0,0.06169664990517951,0.5174082972944062
41300,1,0.0691296929320809,0.5572618626021616
41301,0,0.06868986813203572,0.554774316259798
41302,0,0.07262092138702367,0.5763979764683439
41303,1,0.0614178024531743,0.5130892176159279
41304,0,0.06924043533222116,0.5578854408734627
41305,0,0.05939148702413853,0.52888997652665
41306,1,0.05386461516787632,0.4973588093004204
41307,1,0.08217277321795766,0.6141927023008236
41308,0,0.06877581476266456,0.5552617878034041
41309,0,0.07745305281305183,0.5948305892211353
41310,1,0.07177828248446798,0.5718768334512117
41311,1,0.07439684627449858,0.5857290158511795
41312,0,0.054021434513693636,0.49264288902712083
41313,0,0.07624157201214386,0.5878483622164206
41314,1,0.019236823730206805,0.2528233228218306
41315,1,0.23487838883357848,0.8347203380634838
41316,0,0.06867028020548867,0.5546631237436793
41317,0,0.23507108704436638,0.8375572386755884
41318,0,0.07299940945783355,0.5784089509703416
41319,0,0.019052765968588355,0.25202861060683135
41320,1,0.06981343969471766,0.5610943640102307
41321,0,0.059919627446845536,0.5043780679260301
41322,0,0.022526198147974484,0.28048660117054736
41323,0,0.06278506734204907,0.5248796104081029
41324,0,0.06868685426805782,0.5547572100754844
41325,0,0.06862961411993287,0.5544321679676112
41326,0,0.044392276667167066,0.4320629530828451
41327,0,0.06067278299480834,0.5111787565185193
41328,0,0.06069523601583894,0.5094067582458686
41329,0,0.057216889566878634,0.5204918695355808
41330,0,0.042926565922015394,0.4219752032157933
41331,0,0.06862961411993287,0.5544321679676112
41332,1,0.05198603685660752,0.49599232359099404
41333,0,0.06708070773743227,0.5750354295102175
41334,1,0.07063012860927688,0.5656173653220535
41335,1,0.04717338110103851,0.46698498223524987
41336,0,0.06896161798403282,0.5563133365910892
41337,0,0.058548518008934486,0.501719951001647
41338,1,0.17178268711699465,0.7766729046383531
41339,0,0.06864919130167461,0.5545433718373641
41340,1,0.11547001199504692,0.7425479895723239
41341,0,0.07019070117359921,0.5631910748170229
41342,0,0.071022345292283,0.567768602497889
41343,0,0.06862961411993287,0.5544321679676112
41344,1,0.05855509219917381,0.5103799003281746
41345,1,0.06014020947359636,0.5067619495529769
41346,0,0.07270028531264563,0.5768206624792529
41347,0,0.0406288875068607,0.4104169199032615
41348,0,0.06048331942403225,0.5089862305014732
41349,0,0.06157928400423663,0.520155491487677
41350,0,0.06492991060186735,0.5295686850042988
41351,0,0.0440561092944378,0.4292183870387221
41352,0,0.06900700629735237,0.5565697357545893
41353,1,0.05964679389585076,0.5035419168448053
41354,1,0.10915558226121716,0.6864411352372998
41355,0,0.06899641321761193,0.5565099119734996
41356,0,0.040223437324386255,0.4168824569482265
41357,1,0.18281669569006623,0.789313153674523
41358,0,0.0388219704322108,0.39844822987653344
41359,0,0.05433995925807006,0.5164669726886801
41360,1,0.020072350403199175,0.2643171354029547
41361,0,0.068652203634886,0.5545604796406117
41362,0,0.05643888664623571,0.5055608084734132
41363,1,0.06629900987746,0.5490007653188921
41364,0,0.05206479742610845,0.4838294944803128
41365,1,0.07050652457722464,0.5649366135232601
41366,0,0.06902303117192267,0.5649758247713351
41367,0,0.06961788365455389,0.5600025242895083
41368,1,0.03499355368559416,0.3807673226172091
41369,0,0.06891776889140407,0.5560654555477629
41370,0,0.06994971158531371,0.5618531860061698
41371,1,0.052862255888819557,0.4897206853093293
41372,0,0.06947307218095414,0.5591917983599247
41373,0,0.07497675629471347,0.5872623938419061
41374,0,0.2309781942968367,0.9075523607726601
41375,0,0.2587372468508042,0.8625002354316599
41376,0,0.06312382689493247,0.551001427976134
41377,1,0.08213958450081123,0.6143387664691353
41378,0,0.06863563731727834,0.5544663851238816
41379,0,0.0698685313098535,0.5614013378606173
41380,0,0.026858405674063092,0.32497760507544793
41381,0,0.06893137446689537,0.5561423871402257
41382,1,0.24346330607156413,0.8674128417421142
41383,0,0.07146657903986876,0.5701888713315784
41384,0,0.05222547300334921,0.4850229941213772
41385,0,0.07215429761172662,0.5739018722021803
41386,0,0.06909786591049095,0.5570824435477149
41387,0,0.06878486756792304,0.5553130944279249
41388,0,0.07061002933851324,0.5655067599270904
41389,0,0.07511375465830439,0.5894212019999213
41390,1,0.07032457348372934,0.5639320582025003
41391,1,0.07107209679036061,0.5680405154867171
41392,1,0.06245176157502663,0.523743107146127
41393,1,0.05138769883595953,0.4787636633356337
41394,0,0.05518642765786994,0.4855849729276136
41395,1,0.10294750968252367,0.6661236474028898
41396,1,0.07269075742275465,0.5767699460823824
41397,1,0.07613969005519518,0.5946317268155497
41398,0,0.05232700915765835,0.4857755064748986
41399,1,0.05435093227430023,0.5037828441012283
41400,0,0.03528119233078572,0.3772265541009917
41401,0,0.03493486486562227,0.37370253474951165
41402,0,0.06863563731727834,0.5544663851238816
41403,0,0.26818274120689756,0.8578873524754678
41404,1,0.23019591700528164,0.8380000736095423
41405,1,0.1981195855642571,0.8053886710903532
41406,0,0.06862961411993287,0.5544321679676112
41407,1,0.062093725077813126,0.519580232736456
41408,0,0.0145013471161011,0.20547428772483672
41409,0,0.023210424568816643,0.2877566507868059
41410,1,0.24673259277767715,0.8474562955985868
41411,1,0.0758182227935385,0.5893961551437773
41412,0,0.05964308053032653,0.5079836988091816
41413,0,0.078572337598273,0.6066501220065068
41414,0,0.18830553472203496,0.7942953927926714
41415,0,0.034364400965959045,0.3678536295336731
41416,1,0.2679861663850179,0.8672731664640213
41417,0,0.06926321094799742,0.5580135508595381
41418,1,0.06862961411993287,0.5544321679676112
41419,0,0.04013350116000273,0.4160493404898036
41420,0,0.07968980449962589,0.6120162623759632
41421,0,0.07162462383340658,0.5710457822462611
41422,1,0.06862961411993287,0.5544321679676112
41423,0,0.07022760791556285,0.5633955123469035
41424,0,0.051201988957968216,0.4773639375779496
41425,1,0.24153632589028284,0.8432124624832202
41426,0,0.0475536486999028,0.45163524288679996
41427,1,0.07699746573493406,0.598923000588071
41428,1,0.04366618461222275,0.44546215577357373
41429,0,0.07119505863616366,0.5687116248019961
41430,0,0.07858512642206963,0.5985737016871605
41431,0,0.07583040164322367,0.5930699136625355
41432,0,0.06885279879138397,0.5556978564498658
41433,0,0.0688618609805473,0.5557491530168446
41434,0,0.06897261190896889,0.5926998604424343
41435,0,0.09081125089285365,0.6574665860738171
41436,1,0.07612643479742885,0.5945649502390996
41437,1,0.23653208824476524,0.8364007805375379
41438,1,0.1769490401549087,0.7853092789892394
41439,1,0.07399877677022046,0.5836605138146393
41440,1,0.0768087130135455,0.5989893225080961
41441,0,0.0694852560757384,0.5592600822524447
41442,0,0.06914182108107249,0.5573302087904606
41443,0,0.059570644125842,0.5278074676332702
41444,1,0.07583939373090583,0.585808164999265
41445,0,0.038342380843652504,0.40142433458297955
41446,0,0.06942740018019668,0.558935713838804
41447,0,0.05375385301228398,0.496212022412639
41448,0,0.06862961411993287,0.5544321679676112
41449,0,0.07359945543267322,0.581572208450144
41450,0,0.04740002456942153,0.45342805557522325
41451,1,0.07114678438591154,0.5684483080482139
41452,1,0.2350119501946915,0.8366176254660959
41453,1,0.2259552831553702,0.8300903941136751
41454,0,0.07866448285166754,0.6070962395370357
41455,1,0.07138221195895084,0.5697305479885032
41456,1,0.08155454081889973,0.6207606214856201
41457,0,0.04730157735081738,0.4513591599110057
41458,0,0.0793233613838516,0.6030617350915048
41459,0,0.05962257602178881,0.5310392553117512
41460,0,0.06862961411993287,0.5544321679676112
41461,0,0.07214325883800322,0.5738425963190731
41462,0,0.06141679063676539,0.5172521409027834
41463,0,0.17691194971616955,0.7797949332185128
41464,0,0.07843089942501821,0.6059640760764688
41465,1,0.02866212305510946,0.3286115166085157
41466,0,0.029513414822996593,0.33817839915113956
41467,0,0.06937110964570094,0.5586198330883905
41468,1,0.06903425256006239,0.5567235607970624
41469,0,0.06908422991146923,0.5570055451046457
41470,0,0.0688663924893162,0.5557748008547865
41471,0,0.056455189920067504,0.5097818726067543
41472,1,0.17376419724338357,0.7786983164734625
41473,1,0.23257984212228108,0.8345825139780785
41474,0,0.06876374607212714,0.5551933771381782
41475,1,0.05967779083933033,0.5094740472770513
41476,0,0.07473931624278293,0.5829501872434811
41477,0,0.07280198777485608,0.5773615364424821
41478,0,0.06910544254213322,0.557125163723
41479,0,0.058416406777480216,0.5230810955497571
41480,0,0.029303416276348356,0.3354804254355568
41481,1,0.07333968050276288,0.580206488144002
41482,1,0.25805488479936284,0.8603673616258253
41483,0,0.04433091896643207,0.4265671189832984
41484,1,0.06862961411993287,0.5544321679676112
41485,0,0.07214483571031578,0.5738510644323305
41486,1,0.23990739948709863,0.8409544500209173
41487,1,0.06879241241530613,0.5553558490475952
41488,0,0.05238427826185177,0.48619936388294344
41489,1,0.22737610071125347,0.8303325856907147
41490,1,0.06973087760576617,0.560633815627139
41491,0,0.059989523708651564,0.5061194220974492
41492,1,0.23950542155589455,0.8401813077326301
41493,1,0.05246853621806947,0.48682221060977604
41494,1,0.05851283178263499,0.508701102469025
41495,0,0.23890388715133157,0.8393575161723251
41496,0,0.051201988957968216,0.4773639375779496
41497,1,0.06935590323964273,0.5585344517566545
41498,1,0.18259384314821928,0.7898032085543167
41499,1,0.23716921351396425,0.8374528092461296
41500,0,0.0687622376237293,0.5551848256578792
41501,0,0.2506069634584264,0.8515152279249906
41502,1,0.07046639632665211,0.5647153163247917
41503,1,0.05420229288427085,0.4939411972178598
41504,0,0.06862961411993287,0.5544321679676112
41505,1,0.06984710201659702,0.5612819647121562
41506,1,0.061771926184006586,0.5156991185807868
41507,0,0.2121147814436822,0.8190859398986309
41508,1,0.07915244420836005,0.6094477734194952
41509,1,0.07195583783789176,0.5728345829688254
41510,1,0.0594273552570026,0.5027334281311835
41511,1,0.06862961411993287,0.5544321679676112
41512,1,0.06266244115551842,0.5298283402132926
41513,0,0.03378690704026957,0.3634767541496315
41514,1,0.07079266275350463,0.5665104761541789
41515,1,0.0701465416293838,0.5991203371220114
41516,0,0.06941522567337144,0.5588674193314883
41517,0,0.06894347039968984,0.5562107685180774
41518,1,0.0512791929053831,0.5069613502166405
41519,0,0.06971254274452438,0.560531457331006
41520,0,0.06975991692571999,0.5607958723776052
41521,0,0.036157472200893,0.3794854500219192
41522,0,0.06908271495425822,0.5569970006644631
41523,0,0.054607056599695634,0.4968323646349693
41524,0,0.06862961411993287,0.5544321679676112
41525,1,0.051840867923612054,0.48216063706311496
41526,0,0.06862961411993287,0.5544321679676112
41527,0,0.05315433560335651,0.4918582233387752
41528,1,0.053851786396542235,0.4811727990146076
41529,1,0.14238455067294176,0.7355827174218963
41530,0,0.07167006259920566,0.5712917475200814
41531,1,0.06982261883950205,0.5611455295721423
41532,1,0.17677999289483395,0.7832803194023626
41533,0,0.04194472133741478,0.43257572578489795
41534,0,0.06920856111596291,0.5577060739540929
41535,0,0.06863111987336544,0.5544407223050626
41536,1,0.05123289645247016,0.4775972011124684
41537,0,0.09272560871468535,0.6680705386881461
41538,0,0.07129949664222412,0.5692805958737482
41539,0,0.06935286232864024,0.5585173750747952
41540,0,0.06087669349578141,0.5137757184451992
41541,0,0.06970337698636447,0.5604802762514102
41542,1,0.2283117851717517,0.8298188385119764
41543,0,0.10064669664511518,0.6969588117910561
41544,0,0.05170787161355444,0.4811664269530913
41545,0,0.0748791325452088,0.5736335369472544
41546,0,0.042441163428721375,0.4388274967671891
41547,1,0.054521022711615616,0.5017177639807315
41548,0,0.08627979134801454,0.6330831672871584
41549,1,0.07341816520507909,0.5806197069961027
41550,1,0.25097009165851675,0.8470735816556919
41551,0,0.06935438276871705,0.5585259134330288
41552,1,0.05685320354782437,0.5145935521087073
41553,0,0.06571438156710796,0.5357760086051242
41554,1,0.06975074540584969,0.5607446979606018
41555,1,0.04153929633982704,0.4136411415295819
41556,1,0.051204277796956424,0.4773812160209418
41557,1,0.07145720037653426,0.5701379524421719
41558,0,0.06910544254213322,0.557125163723
41559,1,0.0746355784590233,0.5842778640257046
41560,1,0.08769495397581653,0.6432155375823798
41561,1,0.07133538109462623,0.5694758722091617
41562,1,0.0526350869817389,0.4880507208891524
41563,0,0.06862961411993287,0.5544321679676112
41564,0,0.069044851018467,0.5567833787110759
41565,0,0.0652020496703825,0.5440985163051846
41566,1,0.04599401595737477,0.46763209643346254
41567,0,0.06867329339584995,0.5546802306410853
41568,0,0.07230110349727066,0.5746891924890278
41569,1,0.07004939138820479,0.5624071992782524
41570,0,0.06877883224180524,0.5552788901425386
41571,1,0.06044757822921464,0.5113256388186984
41572,1,0.051888362148954204,0.4825151291483956
41573,1,0.2340651464724334,0.8381547890218354
41574,1,0.043005968891834986,0.4213913648033503
41575,1,0.07617781071892321,0.5948236899631135
41576,1,0.23915993565181526,0.8425191403782729
41577,1,0.05815061961772877,0.5006379347934824
41578,1,0.22858702235336198,0.8295823410619176
41579,1,0.0696209353166208,0.5600195887793081
41580,0,0.22635282394356473,0.828018814588536
41581,1,0.0723929468063349,0.5801433058898441
41582,1,0.22843021376736677,0.8313799916702248
41583,1,0.23117628802630105,0.8349017227039992
41584,0,0.05981664747172809,0.5046755927123716
41585,1,0.2279892584959435,0.8297828441136498
41586,0,0.23302415821450642,0.8347137771349261
41587,0,0.2344517276592737,0.8375674777102328
41588,1,0.23146281340712674,0.8339948429248452
41589,1,0.24076108074731895,0.8440576284418682
41590,0,0.06915091848541582,0.5573814670071825
41591,1,0.18146231049780348,0.7860063653672592
41592,0,0.06067660329682743,0.5140442797855291
41593,0,0.06994358173006016,0.5618190878288326
41594,0,0.06899490004341813,0.5565013655852296
41595,1,0.08705374471793774,0.645090326103672
41596,1,0.07578749040731537,0.5928526133493679
41597,0,0.040384001909391815,0.4071759499567896
41598,0,0.06981343969471766,0.5610943640102307
41599,0,0.07629725821101958,0.5954244303911055
41600,0,0.06862961411993287,0.5544321679676112
41601,0,0.0698516934961958,0.5613075452701192
41602,0,0.01915638206510459,0.25211493088728915
41603,1,0.07299462731026177,0.5783836185826261
41604,0,0.17761370717829306,0.7818702453964196
41605,1,0.07114989794134567,0.5684652973951994
41606,1,0.05793624425083159,0.499468150138311
41607,1,0.06978590895692177,0.5609408595350489
41608,1,0.07602236247448967,0.5870659398899158
41609,0,0.06873268473361288,0.5424169313080999
41610,1,0.23315119598196238,0.8336473183674503
41611,1,0.2308479078119913,0.835917872971133
41612,0,0.06588831976184845,0.5468467492025767
41613,1,0.25504860058472556,0.8639097045418969
41614,1,0.18173304335210153,0.7871072716028079
41615,1,0.07552555636154044,0.5915229507728896
41616,0,0.07289745288590252,0.5778684373976559
41617,1,0.3265663633868732,0.9088046166273823
41618,0,0.07672168448897458,0.5975497430435613
41619,0,0.06889963199223442,0.5559628759097037
41620,0,0.04282913937046546,0.420443003286864
41621,1,0.07265107026761278,0.5765586103587091
41622,0,0.0674875910353776,0.5352068585774388
41623,0,0.07941870959987386,0.6018340756476732
41624,0,0.07020607680308294,0.5632762597346391
41625,0,0.07321330662363634,0.5795400415215433
41626,0,0.06880750440943668,0.5554413558277143
41627,1,0.06898884765390234,0.5564671796977745
41628,0,0.06862961411993287,0.5544321679676112
41629,0,0.07137596620432617,0.5696965933467517
41630,0,0.0770556840601967,0.5922441654942286
41631,0,0.06705771993503391,0.5364952031270778
41632,0,0.06863111987336544,0.5544407223050626
41633,0,0.04251447708043918,0.43766537001677547
41634,0,0.052568172194856974,0.48755756830410335
41635,1,0.06862961411993287,0.5544321679676112
41636,0,0.06354535254237041,0.5333401740917275
41637,0,0.046014864825869355,0.4441921845621941
41638,1,0.07388263985648988,0.5830545373878621
41639,1,0.06981266392926562,0.5702544239198185
41640,0,0.05513726256699191,0.5005894386914423
41641,1,0.27379143330868766,0.87484048226024
41642,0,0.05673855282765588,0.4909873341206161
41643,1,0.053616645801072005,0.49556691205456016
41644,1,0.056169625240491114,0.48929625221381584
41645,0,0.03292909898798937,0.3624948553133054
41646,0,0.0686371431931228,0.5544749393322931
41647,0,0.07491104939115098,0.5893296890404786
41648,1,0.22744150910909197,0.8309050896025457
41649,0,0.07537109353699407,0.5907362291679007
41650,0,0.06862961411993287,0.5544321679676112
41651,1,0.07125115700953448,0.5690173632467287
41652,0,0.27347206408599734,0.864386133286667
41653,0,0.22233221901410433,0.8245818780235633
41654,1,0.06862961411993287,0.5544321679676112
41655,1,0.22398334363374747,0.8267788383327985
41656,0,0.050044981150366,0.4640759907907516
41657,0,0.056298541966751575,0.5087001237963429
41658,1,0.2228241495042271,0.8250032083410143
41659,0,0.22915447654881932,0.837474366053869
41660,0,0.05359590994661957,0.49506939224795055
41661,0,0.06866576064956234,0.5546374631547242
41662,0,0.1570755940429445,0.8295457069211899
41663,0,0.06862961411993287,0.5544321679676112
41664,0,0.056177908617080566,0.48998508806963276
41665,0,0.23520641302289297,0.8411018299594086
41666,0,0.0691327247846841,0.5572789493526186
41667,0,0.06096319296628829,0.5152329936634787
41668,0,0.06197872630253572,0.5169622991034742
41669,0,0.05211417417072407,0.4915554682607481
41670,0,0.07049571874046082,0.5648770360500697
41671,0,0.07242760843592232,0.5753661544357913
41672,0,0.039262501508074144,0.42022397638029274
41673,0,0.07192281020275922,0.5726566352026851
41674,1,0.2260626753799025,0.8280316570596669
41675,1,0.0690645378665768,0.5568944647528897
41676,0,0.09665686523959816,0.6828481051060692
41677,0,0.04156229504411177,0.4156654056692042
41678,1,0.043263854865672885,0.42358867903287567
41679,0,0.0782947939701673,0.605302431348363
41680,0,0.06955840097436547,0.5596697384396198
41681,1,0.08230986343480139,0.6275549075721191
41682,1,0.23859855283237294,0.8388535399239958
41683,1,0.2578850974017037,0.8621527649652503
41684,0,0.06920856111596291,0.5577060739540929
41685,0,0.12026019038643958,0.7552822749315876
41686,0,0.06866274776534921,0.5546203559335809
41687,0,0.2269915034089481,0.8282289211418816
41688,0,0.20895610527419622,0.8220154578727986
41689,0,0.05121457877028156,0.4774589696837041
41690,1,0.0731541878450286,0.5792278084051006
41691,0,0.03737472687156014,0.3890918203369475
41692,0,0.05514143345850562,0.4839834222162711
41693,0,0.28272702729594373,0.9360566862194853
41694,0,0.029912280805446792,0.34456803818029536
41695,1,0.06886790305360367,0.5557833500680606
41696,1,0.0710596558993534,0.5679725410769761
41697,0,0.06069852793644626,0.5127190824354227
41698,0,0.06862961411993287,0.5544321679676112
41699,0,0.06888301038413482,0.5558688403834359
41700,1,0.06962246119406308,0.5600281209710118
41701,0,0.07317655193981389,0.5793459581337316
41702,0,0.07445851200431401,0.5860482730859375
41703,1,0.25126224407373365,0.8478587427932726
41704,1,0.06905545098330228,0.5568431949784463
41705,0,0.08329872213468512,0.6287081023918081
41706,0,0.06130281208909725,0.5339482201207272
41707,0,0.05167900208921632,0.4809503137816273
41708,0,0.06881203260557094,0.5554670072217747
41709,1,0.01849850642375315,0.24610319552426652
41710,0,0.06983332925261149,0.561205221084577
41711,1,0.07167937427812629,0.5672290598526467
41712,0,0.1450540061950281,0.7439102205116982
41713,0,0.06926017379863324,0.5579964699737728
41714,1,0.0589948796793971,0.5043022581128993
41715,0,0.04644571087493872,0.4462017260769981
41716,0,0.06862961411993287,0.5544321679676112
41717,0,0.07313400233121024,0.584547330938833
41718,0,0.024524400945314065,0.30482912577877763
41719,0,0.07345342838467715,0.58080519709227
41720,0,0.051514161106836945,0.4797142858694216
41721,0,0.06906150878249001,0.5568773749626986
41722,0,0.09881512262791756,0.6905880470004571
41723,1,0.06998956775574938,0.5620748099036355
41724,0,0.06892683899874051,0.5561167435750122
41725,0,0.06936198543184446,0.5585686047049787
41726,0,0.07232954933309707,0.574841533442631
41727,0,0.06862961411993287,0.5544321679676112
41728,1,0.0569635186736744,0.519516372814525
41729,0,0.19928268085700213,0.8058831080812652
41730,0,0.06862961411993287,0.5544321679676112
41731,0,0.07013998368179533,0.5629099381647579
41732,0,0.06862961411993287,0.5544321679676112
41733,0,0.06862961411993287,0.5544321679676112
41734,0,0.08180556241128871,0.6039658930819581
41735,0,0.05100551498643675,0.46955086290838527
41736,0,0.05321839369367203,0.4923255817156808
41737,1,0.1687062193427016,0.7809211919605147
41738,1,0.03502667896957749,0.3972456047677662
41739,1,0.07413609903470858,0.5843755772089536
41740,1,0.23518622801882982,0.8348931942908269
41741,0,0.06901306016183685,0.5566039200358636
41742,1,0.20461274472124294,0.813375702216173
41743,1,0.21056562538584264,0.821502196402743
41744,1,0.06874866296720285,0.5551078608650629
41745,0,0.07192281020275922,0.5726566352026851
41746,0,0.06862961411993287,0.5544321679676112
41747,1,0.24503520407435397,0.8604258044574696
41748,0,0.046930763035118415,0.4491016205298054
41749,1,0.07252895927843864,0.5759075206268054
41750,1,0.04902714791457171,0.4555907053378655
41751,1,0.05417573131510062,0.49375077315068894
41752,1,0.07247193335374352,0.5756030244733126
41753,0,0.0752562565725014,0.5901500704723365
41754,0,0.07232197143875484,0.5719338659064093
41755,1,0.05997912663981959,0.5388296879561306
41756,0,0.23388723535324488,0.8349944593189674
41757,0,0.08126764677905927,0.623325919943947
41758,0,0.07013383840991992,0.5628758582444199
41759,0,0.07081436006159514,0.5666295250916795
41760,0,0.07416955222214093,0.589283167208825
41761,0,0.07006433203987437,0.5732332914370494
41762,0,0.04020616188829578,0.41672252894636314
41763,0,0.191251698930614,0.7956606542108672
41764,0,0.07478384377866762,0.5877273769642484
41765,0,0.04599543418316052,0.4402919593761268
41766,0,0.04015074668188556,0.41620919449145183
41767,0,0.05379820364682244,0.49653231272407905
41768,0,0.0755831433473957,0.591815759507729
41769,0,0.028895355622840718,0.3357023222821742
41770,1,0.06917518364784847,0.5575181496071059
41771,1,0.07187408068138844,0.5723939160492686
41772,1,0.04113719706084923,0.4252728502643902
41773,1,0.06618523088191451,0.5307333526983246
41774,0,0.037891223322659894,0.39535790368045753
41775,0,0.07383752081494219,0.5828188120044806
41776,0,0.06864166100428365,0.5545006017638734
41777,0,0.07261616209171085,0.57637261174543
41778,0,0.07614742372874096,0.5953099598156343
41779,0,0.0703415166652968,0.5640257255012191
41780,0,0.07143390444081614,0.5749897047946647
41781,1,0.20832818868598424,0.8181952696125305
41782,1,0.15199257654106593,0.7497476899538029
41783,0,0.051059919048261654,0.4626280782090451
41784,0,0.06013368079514795,0.5241340290546074
41785,0,0.055341203903396356,0.48951467490576683
41786,1,0.25258782818913106,0.848504841337701
41787,1,0.06964535306877725,0.5601560995873462
41788,1,0.0578476469119339,0.5008334085089278
41789,1,0.07164812332308962,0.5711730100532817
41790,0,0.06882863835263307,0.5555610598032066
41791,0,0.06862961411993287,0.5544321679676112
41792,0,0.06887545633529807,0.5558260956389091
41793,1,0.06895017719143061,0.5473690866028013
41794,0,0.20195355933069203,0.8096842849587742
41795,1,0.1982697106209722,0.8044163289572246
41796,1,0.06910241179718751,0.5571080757542572
41797,0,0.04077552662817078,0.5262652948302584
41798,0,0.052706786649364554,0.4885785064171529
41799,0,0.19584629637418063,0.7991811110944684
41800,0,0.029879275747066454,0.34794836631919485
41801,0,0.03718694226430002,0.40958286848451897
41802,0,0.07692383535213257,0.5985569494583471
41803,0,0.070407785312362,0.5643918355914778
41804,0,0.06211369482824503,0.5524015430163437
41805,0,0.051261530239083614,0.47781319458178356
41806,0,0.07104566230093337,0.5678960668061962
41807,0,0.06904636520692317,0.556791923992983
41808,0,0.06876978017219905,0.5552275827324495
41809,1,0.06868986813203572,0.554774316259798
41810,0,0.07143688383651454,0.5700276230921022
41811,0,0.0719212378071076,0.5726481610301366
41812,1,0.04549144422827804,0.4542997126175075
41813,0,0.05325472351264458,0.4771442889895537
41814,0,0.0568457030746201,0.5179591385100606
41815,0,0.07112499302045544,0.5683293781113867
41816,0,0.06862961411993287,0.5544321679676112
41817,0,0.0688618609805473,0.5557491530168446
41818,0,0.08712470558957966,0.6646845998349586
41819,0,0.06862961411993287,0.5544321679676112
41820,0,0.07062858232385853,0.5656088574465904
41821,0,0.04546673396859044,0.45894766510193163
41822,0,0.06863262565740019,0.5544492766102614
41823,0,0.06960415270664187,0.559925732330903
41824,0,0.04675843541282572,0.4396126252920775
41825,0,0.15830732741705086,0.7630284681564281
41826,0,0.06929814702685892,0.5582099711708646
41827,0,0.080765787142865,0.6170935760178353
41828,1,0.23013462033497803,0.8312170373762996
41829,0,0.07469424751654337,0.5872658251194262
41830,0,0.22975531391588763,0.8306096922405702
41831,1,0.04981646122228005,0.46522326465346825
41832,0,0.06862961411993287,0.5544321679676112
41833,1,0.06979202603067869,0.5609749726494763
41834,1,0.20327158164369735,0.8117185347270158
41835,0,0.04195040152549259,0.4326267236899927
41836,1,0.15547118769595364,0.7621742504710416
41837,0,0.06905090795675776,0.5568175596370256
41838,1,0.054998786310434825,0.4836081436237933
41839,0,0.06925409986970252,0.5579623077906395
41840,1,0.05020674552558086,0.466319459163446
41841,1,0.053791014008308546,0.4901352751022672
41842,1,0.2466373817122027,0.8417195331812575
41843,0,0.07267964300572281,0.5767107749079208
41844,1,0.06263604409058945,0.5381746992443537
41845,0,0.07888843125263954,0.6081777439402727
41846,0,0.06862961411993287,0.5544321679676112
41847,1,0.0688241091445176,0.5555354094937018
41848,1,0.19962872781379967,0.8063809882055064
41849,1,0.06998650115105892,0.5620577627898594
41850,0,0.07441793715811454,0.5858382435508447
41851,0,0.18755251136634932,0.7999852798415737
41852,0,0.043151661329466164,0.42594943132019625
41853,0,0.04051912579178879,0.419612316519107
41854,0,0.050102890981489,0.46235765487679703
41855,0,0.06862961411993287,0.5544321679676112
41856,1,0.07347748040199746,0.5809316545227213
41857,0,0.07829893378380325,0.5967130193634054
41858,1,0.0657414731274975,0.5287030532838937
41859,0,0.06967588640038627,0.5603267252991796
41860,1,0.05409636583452265,0.4898967851822906
41861,1,0.07493066894437429,0.5884823106463999
41862,1,0.05367189132639443,0.4811143995634294
41863,1,0.07223476999142624,0.5743336751487228
41864,0,0.03743642052189635,0.38848940710664936
41865,1,0.06862961411993287,0.5544321679676112
41866,1,0.07503196923119741,0.5890021341341787
41867,0,0.07356733868057755,0.5814036682022085
41868,0,0.06952029578764136,0.5594563859465602
41869,1,0.07905463111753008,0.6089778694600618
41870,0,0.03727154796866441,0.39137306509821496
41871,0,0.06864316700254817,0.5545091558431657
41872,1,0.06987465508184654,0.5614354431697771
41873,0,0.07073844634987012,0.5662128202509105
41874,0,0.07115301162259881,0.568482286581072
41875,0,0.0711078755572655,0.5682359276326848
41876,0,0.07448773848885094,0.5861994749814924
41877,0,0.07042320489356359,0.5644769674262563
41878,0,0.06901306016183685,0.5566039200358636
41879,0,0.06913424075714558,0.5572874926770138
41880,0,0.07905806128449751,0.6089943607456882
41881,0,0.06961178070167624,0.559968394884476
41882,0,0.06985322405142991,0.5613160720503723
41883,0,0.0869526999653886,0.6446620983709408
41884,1,0.07136503734763298,0.5696371711463669
41885,1,0.19839875763701492,0.8081823312046968
41886,0,0.06947916388121608,0.5592259405862666
41887,0,0.07136972095418777,0.5696626380494141
41888,0,0.049243617303983696,0.45696692484033175
41889,0,0.04561379287260796,0.4544049452344039
41890,0,0.0337747580867472,0.36479203653857123
41891,0,0.06864166100428365,0.5545006017638734
41892,0,0.05139918326173272,0.4788500773144927
41893,0,0.06306448589377907,0.518443298083308
41894,1,0.08087078433166499,0.6175843867797814
41895,0,0.08918121489387958,0.6539502396237081
41896,0,0.059591438634607106,0.5095398547929022
41897,0,0.059492226228120164,0.5293422002346542
41898,0,0.036762887966570484,0.39367861816453803
41899,1,0.05239619930907691,0.4844095343793631
41900,1,0.1926664904783514,0.7999280807348931
41901,0,0.052141839066402254,0.4959472999389511
41902,1,0.07074928656084348,0.5662723552603124
41903,1,0.07140095225007644,0.569832407977173
41904,1,0.06935590323964273,0.5585344517566545
41905,0,0.02032069204249053,0.2589156677506143
41906,1,0.15341690741543992,0.753006651121829
41907,1,0.17075306714034486,0.7833950231035818
41908,0,0.06923436300553674,0.5578512769087185
41909,0,0.07355128514319062,0.5813193909492184
41910,1,0.053174494186006276,0.49200535318347033
41911,1,0.053175562189980465,0.47623066270839565
41912,1,0.19850316024997963,0.8049540445485409
41913,1,0.051700827106290766,0.4766704584744709
41914,1,0.14903344443346175,0.7469433228405465
41915,0,0.058512956146888555,0.5008063598995903
41916,0,0.04761889666824683,0.4848620160842661
41917,1,0.19718149408671104,0.8070329288250525
41918,0,0.07640524030651763,0.5959665200924432
41919,0,0.07459336641585161,0.5867453463687293
41920,1,0.19866061781426528,0.8051822834266931
41921,1,0.22415502625349418,0.838080631002049
41922,0,0.11486508038445685,0.7408762689121815
41923,1,0.07951031517945828,0.6111607830207897
41924,1,0.06919642213036148,0.557637739736801
41925,1,0.14764696988778322,0.7447925217835438
41926,1,0.04047152975682543,0.419173854752439
41927,1,0.07279721754463582,0.5773361871081567
41928,1,0.0760337072680816,0.5940974163676017
41929,0,0.04571028768699777,0.4580076329099446
41930,1,0.06912666120256727,0.5572447757161819
41931,1,0.02593376449094768,0.308977657825643
41932,1,0.06862961411993287,0.5544321679676112
41933,1,0.07920978616722257,0.6169860209768323
41934,1,0.06980579126003006,0.561051725049677
41935,1,0.07293407841696008,0.5780627060053203
41936,1,0.05322058837057711,0.47750402286549537
41937,1,0.20394613451787405,0.8140076470634295
41938,1,0.16151243728675163,0.7642328086972267
41939,1,0.2270616237743435,0.8292216408355235
41940,0,0.1567556099545813,0.7613195661664237
41941,0,0.06960415270664187,0.559925732330903
41942,1,0.15776727907371632,0.7598017256695879
41943,0,0.07180339847628404,0.5720124769106588
41944,0,0.06862961411993287,0.5544321679676112
41945,1,0.2107038019642477,0.822802310392639
41946,1,0.07623087729576047,0.5950907208837808
41947,1,0.26461444011134155,0.8663866951712804
41948,1,0.07213170781810663,0.5802867800132517
41949,1,0.06897523157481805,0.556390259496254
41950,0,0.05846937472431509,0.4982821734130618
41951,1,0.20929068388873862,0.8196525511375748
41952,0,0.06863563731727834,0.5544663851238816
41953,1,0.05207607489768364,0.48681384278581025
41954,1,0.24105407812075522,0.8562508944075925
41955,1,0.04068912376854361,0.41359151543427886
41956,1,0.09424076695166585,0.6738727797141336
41957,1,0.06875922081887416,0.5551677225992382
41958,1,0.28959316872348767,0.8828826775936421
41959,1,0.04995018424898393,0.4634043660809794
41960,0,0.15271672936025185,0.7500920358494408
41961,1,0.056861152524842244,0.5145873373494825
41962,1,0.03240662345623023,0.3784307732129976
41963,1,0.1557863478517077,0.7595648855025041
41964,0,0.07119194325594529,0.568694637794909
41965,1,0.06407472825264886,0.5237453337537955
41966,0,0.06862961411993287,0.5544321679676112
41967,1,0.23089438125104925,0.8382104288201037
41968,0,0.0692586552701766,0.5579879294794325
41969,1,0.07508593842727836,0.589278733454227
41970,0,0.06270414750139283,0.5206148722495817
41971,0,0.07243235633854549,0.5753915350261611
41972,0,0.047170851614374586,0.44711032505628834
41973,0,0.05180811901884268,0.4705867792437789
41974,0,0.06916305008155194,0.5574498093947882
41975,0,0.06300847443607835,0.5228251571316654
41976,0,0.04905632380680162,0.45962638318315724
41977,0,0.04594003567282539,0.45898422870510697
41978,0,0.07299143937221983,0.5783667300949444
41979,1,0.04843329490818845,0.4575900296878677
41980,0,0.07473496085102092,0.5874756404804214
41981,0,0.07073844634987012,0.5662128202509105
41982,1,0.06899641321761193,0.5565099119734996
41983,0,0.04301168647038901,0.4232906107941252
41984,0,0.07072605941632254,0.5661447779001879
41985,1,0.19957069902405752,0.8072823280319076
41986,0,0.16154918876663235,0.7684684359028779
41987,1,0.06901306016183685,0.5566039200358636
41988,0,0.030531606825772634,0.33986290628905785
41989,1,0.03044345415058359,0.3413565577839653
41990,1,0.06131985181503602,0.5115623880274301
41991,1,0.1971682814785495,0.8050244460585181
41992,1,0.017840618500941933,0.24077197129206812
41993,1,0.06866425419214901,0.5546289095603333
41994,1,0.0697400467090717,0.5606849928415643
41995,1,0.05676618775736319,0.5174144330931119
41996,0,0.0697629743468967,0.5608129302293721
41997,0,0.06956297489517639,0.5596953392591638
41998,0,0.04013350116000273,0.4160493404898036
41999,0,0.06884071759044591,0.5556294591805959
42000,0,0.06052993962133397,0.5083849466213869
42001,0,0.06876072920597845,0.5551762741448976
42002,1,0.06826010416925536,0.5655928452776876
42003,0,0.05445887967713699,0.4957762747124563
42004,0,0.1960221217982942,0.8039427903147928
42005,0,0.0701384473171551,0.5629014182403413
42006,1,0.2112384311269151,0.8156301961751016
42007,1,0.07665663229375336,0.597224930360272
42008,1,0.09054416224505549,0.6416973434455746
42009,0,0.07111565575069988,0.5682784057256145
42010,0,0.1235767117902626,0.7026181645304073
42011,0,0.06143427748898969,0.5126075556343184
42012,1,0.07137128221942861,0.569671126935193
42013,1,0.06962856501323661,0.560062249383071
42014,1,0.0688241091445176,0.5555354094937018
42015,0,0.0735593115087172,0.5813615301693142
42016,0,0.07005399516401671,0.5624327653748961
42017,0,0.0989452590710685,0.691046605710788
42018,0,0.04406690763826206,0.43052740594390376
42019,0,0.04927341938765678,0.4578484153708498
42020,1,0.058330948334766,0.5225109244947748
42021,0,0.06570362379017192,0.5741027652656465
42022,0,0.06974463167894462,0.5607105809649047
42023,0,0.06954315658126536,0.5595844000829879
42024,0,0.06863262565740019,0.5544492766102614
42025,0,0.08160219448693797,0.6209806997915589
42026,0,0.07129949664222412,0.5692805958737482
42027,1,0.07652501487024838,0.5965667153197394
42028,0,0.2390190833402029,0.8372574300259453
42029,1,0.07015688574654841,0.5630036548823434
42030,1,0.07619770671199526,0.594923833142952
42031,0,0.07127610271775518,0.5691532301276444
42032,0,0.07362837154458794,0.581723878393673
42033,1,0.030740764609679453,0.3461058840449204
42034,1,0.20259015383537055,0.8127010293022225
42035,1,0.05129476439707897,0.4780637573957152
42036,1,0.07206445573863302,0.5734191355396836
42037,0,0.0696407741368321,0.5601305045033442
42038,1,0.06893591021139328,0.5561680304063209
42039,0,0.09211505371732323,0.6656935390503047
42040,1,0.07482297127917484,0.5879287331240463
42041,1,0.05147734175763099,0.47943772567441695
42042,1,0.0449770413408958,0.45443092270284796
42043,1,0.06862961411993287,0.5544321679676112
42044,1,0.06862961411993287,0.5544321679676112
42045,0,0.06862961411993287,0.5544321679676112
42046,1,0.07006473839561374,0.5624924183105088
42047,0,0.04118287160440106,0.4151117256057285
42048,1,0.0686371431931228,0.5544749393322931
42049,1,0.23368225582333657,0.8358546313052314
42050,0,0.05126267590537449,0.4778218344936763
42051,1,0.06862961411993287,0.5544321679676112
42052,0,0.045190567989604344,0.456437204290834
42053,1,0.04234862801295003,0.42772991030681756
42054,1,0.08396847861946573,0.6220002700044448
42055,1,0.05231416096060402,0.4856803576022662
42056,0,0.07218426785011399,0.5740627531753886
42057,0,0.07012001336826165,0.5627991762537474
42058,1,0.06946393555722696,0.5591405839707905
42059,1,0.0538425144906827,0.4794622060257997
42060,1,0.06540730210454104,0.5517061316245655
42061,1,0.0786916628474146,0.5975747437799328
42062,1,0.022255151101742306,0.2991085678209515
42063,0,0.02525176922593912,0.3080052069947499
42064,1,0.19732282721201416,0.8117049042877904
42065,0,0.0706548734304469,0.565753486068028
42066,0,0.04860594653564108,0.45546145891268763
42067,1,0.05439479668073966,0.48342160665535705
42068,1,0.08219201228675393,0.6236908812493877
42069,0,0.05453734993945126,0.48921702999312355
42070,0,0.08114787270282438,0.6188757058712911
42071,1,0.08074655115107404,0.6170035681080736
42072,0,0.05545283853332793,0.5343198373073818
42073,1,0.06862961411993287,0.5544321679676112
42074,0,0.07137596620432617,0.5696965933467517
42075,0,0.05455867872307742,0.5019861257718456
42076,0,0.19770233458514444,0.8037879673548155
42077,0,0.07318134506504369,0.5793712747506429
42078,1,0.06915546760310548,0.5574070956572913
42079,1,0.06869589622746304,0.5548085282390406
42080,1,0.07044788271551729,0.5646131704530042
42081,1,0.06897674434960822,0.5563988063188908
42082,1,0.08299702252448514,0.6273490918192227
42083,0,0.052043874215797446,0.483673833921186
42084,0,0.04172847638857234,0.4306303832881673
42085,1,0.07230742390253862,0.5747230472610889
42086,1,0.044096777791071004,0.4411140695147689
42087,1,0.06996810413208208,0.5619554770313868
42088,1,0.05187379703805066,0.48048475718077427
42089,1,0.07095709526263819,0.5674116547456418
42090,0,0.07105499108374475,0.5679470500132031
42091,1,0.07530053177646402,0.5903761906952957
42092,0,0.07444227962525962,0.5859642650225079
42093,0,0.08246965631892712,0.6249578693663314
42094,0,0.04020798688266918,0.41440305408451383
42095,0,0.2408773926019015,0.8413464360123392
42096,0,0.053339591142604025,0.4932084056988594
42097,0,0.04811082880451615,0.4534420531541025
42098,0,0.05412168371736507,0.49886097889833075
42099,0,0.06991447170118202,0.5616571135173016
42100,0,0.07466006407322039,0.5870895557126671
42101,0,0.0527339016684876,0.4755004516866298
42102,0,0.05255286637650385,0.4820509823145514
42103,0,0.06939848895230058,0.5587735107473932
42104,0,0.0686883611847359,0.5547657631838614
42105,0,0.08405733739553839,0.6320966916955492
42106,0,0.07169044033495328,0.5714019963907384
42107,0,0.0695385838661624,0.5595587978890624
42108,0,0.19833531191347717,0.8133803635023099
42109,1,0.04900908593287012,0.45365337233203146
42110,0,0.06950201215947494,0.5593539689435278
42111,1,0.21790774969539445,0.8310662852635714
42112,0,0.048531461641496174,0.4756772730994145
42113,0,0.20992185719261777,0.816158803516988
42114,0,0.038184318141965184,0.39323533487229956
42115,0,0.05186982292548207,0.48237678866000633
42116,0,0.05447489714072636,0.5013888030315473
42117,1,0.07557820574061198,0.5917906641666081
42118,0,0.07394624273525,0.5847100685350245
42119,0,0.05283277775726289,0.48950435494742944
42120,0,0.060615434593860255,0.5120717475954546
42121,1,0.042480346278135746,0.4279471568646292
42122,1,0.08591661958784395,0.6402315878346068
42123,1,0.05251422938189671,0.4871596031324274
42124,0,0.03696020974160163,0.3872070761213867
42125,1,0.0689389341945893,0.5561851257508085
42126,1,0.019459328071300637,0.25162740300119973
42127,1,0.05262099297636219,0.48794689732694174
42128,1,0.06898884765390234,0.5564671796977745
42129,1,0.03468931296486213,0.3745669782157329
42130,1,0.054016863644039556,0.49810783122883695
42131,0,0.04805797972558056,0.4523732327758396
42132,1,0.06969726710027856,0.5604461548170155
42133,1,0.06329305288880265,0.5201534168269033
42134,0,0.07801475883963907,0.6039365720824108
42135,0,0.06920704363497077,0.5576975322963572
42136,1,0.1968080508913594,0.8106401469945682
42137,1,0.06917366684430921,0.5575096071996133
42138,1,0.07005552981812542,0.5624412873334222
42139,0,0.06204403029759399,0.5193116587973892
42140,1,0.07122933612753175,0.5688984712012675
42141,1,0.06863262565740019,0.5544492766102614
42142,1,0.042177635967107684,0.42526204250075667
42143,0,0.16055396675675068,0.766762374711376
42144,1,0.07091052200220813,0.5671566491886567
42145,0,0.0460530084760463,0.45817063818104165
42146,0,0.07572388556200645,0.5880422633602375
42147,0,0.06862961411993287,0.5544321679676112
42148,0,0.05563539809496423,0.5081277009915525
42149,0,0.06320711292215535,0.524034775336936
42150,0,0.06935894427404275,0.558551528300062
42151,0,0.05407472122135843,0.47923912236633787
42152,0,0.06941674737867577,0.5588759562667693
42153,1,0.05333597422057965,0.48244287837128075
42154,0,0.18386896992438437,0.8039580968858184
42155,0,0.06942740018019668,0.558935713838804
42156,0,0.07701253445097753,0.598997861103635
42157,0,0.036433816796973564,0.382245081359726
42158,0,0.06923739910726083,0.5578683589595502
42159,0,0.05189647502868856,0.4825756539561565
42160,0,0.07644544864184293,0.5876536324527297
42161,0,0.039141543596480775,0.46774049355813324
42162,0,0.06865822866862578,0.5545946948592052
42163,1,0.05731777435904665,0.5230440411863096
42164,0,0.06897069343476388,0.5563646188280932
42165,0,0.07239596308355586,0.5751969403496784
42166,0,0.05204098617446034,0.48638277693301873
42167,1,0.07818246544526374,0.5966248674071029
42168,1,0.18673175904439973,0.7912481038572442
42169,1,0.23960569929982056,0.8399505268252964
42170,0,0.031056634756217175,0.3706766306526001
42171,1,0.0863040646766149,0.6418968742202774
42172,1,0.23702978672349262,0.8383406951731189
42173,1,0.06898430868437334,0.5564415399312277
42174,1,0.22652426076520527,0.832027994796038
42175,1,0.0759291483868428,0.5974199250549418
42176,1,0.07222371986467652,0.5742744147750185
42177,1,0.03619631175225218,0.38736067364139404
42178,1,0.05611948000147555,0.501173068656479
42179,0,0.044506734277423014,0.43369966907872803
42180,1,0.06069714198708043,0.5078402213054346
42181,0,0.08388881928018677,0.6313474714223472
42182,0,0.05888357382543627,0.5316630217839196
42183,0,0.041000332362611316,0.413381085931667
42184,1,0.2058980962737341,0.8176031699272719
42185,0,0.18853730790843715,0.8016903563456355
42186,1,0.1944723205998272,0.8010155003038791
42187,1,0.07299303332520722,0.5783751743617026
42188,1,0.06879392147675267,0.5553643998732047
42189,1,0.21892801261625908,0.8250312478589907
42190,1,0.23312996854562928,0.8393738785850346
42191,1,0.2347408552516795,0.8371894229555725
42192,1,0.1869023440639654,0.796713758620189
42193,0,0.07217795737237472,0.5740288847986122
42194,1,0.23183529597823288,0.8326673284406753
42195,1,0.0730806843022367,0.6207811607760928
42196,1,0.049301688857998134,0.4612901517108854
42197,1,0.23919842545176326,0.838996693668218
42198,1,0.07274635300753575,0.5770657688901842
42199,1,0.044649222766984666,0.4407388422187537
42200,0,0.07516777790064746,0.5896977157535773
42201,1,0.23447244417378685,0.8337367046766098
42202,0,0.04613177021782485,0.44071375706612637
42203,1,0.06162630210588677,0.5350561450743012
42204,1,0.04908151302065639,0.4666322275862727
42205,0,0.0704031600465315,0.5643662953004993
42206,0,0.06310116842745088,0.5227255204958503
42207,0,0.07191337630452227,0.5726057895279474
42208,0,0.0912995087447394,0.6585852190773771
42209,0,0.07421860488178421,0.5848044449880252
42210,1,0.07388263985648988,0.5830545373878621
42211,0,0.04882822283392046,0.4565392058754406
42212,0,0.049433779330518283,0.46969989441426624
42213,1,0.048812908124661006,0.45641892678844
42214,1,0.1970137768488347,0.8049693997094033
42215,0,0.06920552618477736,0.55768899060449
42216,1,0.08414625013205788,0.6324911860601665
42217,1,0.07951031517945828,0.6111607830207897
42218,0,0.05969817699135174,0.5080286841726669
42219,1,0.05885339484855079,0.506612346473019
42220,1,0.1777517861493526,0.7812598959064332
42221,1,0.22694923966465708,0.8335796507221863
42222,1,0.0698455715854302,0.5612734377871169
42223,0,0.06746221278965364,0.5571400307400525
42224,1,0.18010373716182115,0.7871961665292025
42225,1,0.25226096954786087,0.8526656030659655
42226,0,0.07093691004866634,0.5673011567147873
42227,1,0.23414279594169646,0.8333619593318876
42228,1,0.1464105497000726,0.7544793485173483
42229,1,0.2258729497837718,0.8303616156832428
42230,1,0.17764451405935716,0.7849846135419264
42231,0,0.0512873004003373,0.4698109199372451
42232,1,0.19378182262187454,0.800383362365668
42233,0,0.07217322484794612,0.574003483060203
42234,1,0.059036516950491884,0.5043290161362727
42235,1,0.0777454608420888,0.594755384298334
42236,0,0.06212224866093317,0.5175519805572923
42237,1,0.07047874123203587,0.5647834105211995
42238,0,0.08177714173326905,0.621787227074202
42239,0,0.07511539120200117,0.5894295820357537
42240,1,0.04228997681685738,0.4281151263307252
42241,1,0.04790472936195989,0.45271648689520283
42242,1,0.059701626606902744,0.5109376539373416
42243,1,0.07784146620738897,0.5995052199522918
42244,1,0.06862961411993287,0.5544321679676112
42245,1,0.20309137283847117,0.8167089453270506
42246,1,0.15155716392487348,0.7521260343204762
42247,0,0.02656108903109466,0.3254197321424086
42248,1,0.07395681907702145,0.5834417180583054
42249,1,0.05948164676362526,0.5177687505179672
42250,0,0.07365890545223933,0.5818839576823113
42251,0,0.07455968432684963,0.5848275953588618
42252,0,0.06905242226819303,0.5568261047844637
42253,1,0.05326232740489278,0.4926458165453651
42254,1,0.06707581817921458,0.549767222765268
42255,0,0.059575484940037615,0.5030744619924012
42256,1,0.19101310031810717,0.8013932488070454
42257,1,0.19509438943503155,0.8015414948323755
42258,1,0.06812306379877985,0.5745710159141456
42259,1,0.15859451184282097,0.7667784894483229
42260,0,0.2428536318409683,0.8444363555544231
42261,0,0.19969432565850714,0.8092208559071452
42262,0,0.07175160562504301,0.571732700438143
42263,1,0.15350820105283966,0.7548225100911975
42264,1,0.24367009331263934,0.8462912693477945
42265,1,0.06574466177563695,0.5451001462816158
42266,1,0.08397402088574081,0.6267660411609405
42267,1,0.03822308505993236,0.41370668246746484
42268,1,0.24180256335361194,0.8429817265934213
42269,0,0.23937759695651797,0.8427759319794497
42270,1,0.17780675078614955,0.7824468698233794
42271,0,0.07082676128138606,0.5666975496038849
42272,0,0.07201563769565657,0.5731565357458432
42273,0,0.05699043287964514,0.4956445815408037
42274,1,0.2353684782059128,0.8350983448525163
42275,1,0.23475007276567805,0.8344009545636307
42276,0,0.06152640666913893,0.5163274104072592
42277,1,0.233270853274063,0.8325419109248784
42278,1,0.06121793885458054,0.514045798288851
42279,0,0.07306798529644316,0.5787720031167268
42280,1,0.2317152002522773,0.8321765357429061
42281,1,0.07346946225731595,0.5808895032263954
42282,1,0.2347995199488167,0.8342822485018109
42283,1,0.2688116924680053,0.8708817756377417
42284,0,0.2313659853612865,0.8315963644549038
42285,1,0.06862961411993287,0.5544321679676112
42286,1,0.18191692220523067,0.7857147287065608
42287,1,0.059608874628070296,0.505864771373488
42288,0,0.24248580525654528,0.8432043235910772
42289,0,0.19974155211335262,0.8112439757094081
42290,1,0.060518998313320034,0.5105021205121208
42291,1,0.11787120629446997,0.6931686868570004
42292,1,0.05907190845119323,0.502961502868474
42293,0,0.22776141155419857,0.830252532732137
42294,1,0.23592392953855568,0.8371168075088946
42295,1,0.0696590915358434,0.560232882919444
42296,1,0.23464563198394994,0.8344574173141339
42297,0,0.19145427216262878,0.800435934553929
42298,0,0.19111612673798736,0.7985836210975611
42299,0,0.0777170655133564,0.6024778668894148
42300,0,0.048161457552687116,0.45283881449484825
42301,0,0.05017517042312817,0.46731272981291816
42302,0,0.06924954474656121,0.5579366857932917
42303,0,0.06918428511564777,0.5575694033372965
42304,1,0.0734710658218024,0.580897933580134
42305,0,0.05008465936705722,0.4609616781829839
42306,0,0.0393984625068894,0.40420416647145063
42307,0,0.05860991191946241,0.5313954301834763
42308,0,0.048276850702480494,0.452502426436996
42309,1,0.07051115611869374,0.5649621461520191
42310,0,0.056049043237603347,0.49364613559022663
42311,0,0.07281948108342215,0.5774544805148285
42312,1,0.19245400742205188,0.7991868225392228
42313,0,0.059195106779645026,0.503775219146491
42314,1,0.0652208014537458,0.5353403355028616
42315,0,0.0565158055642812,0.5087811516068815
42316,0,0.050920139249806276,0.46861226281744406
42317,0,0.06915395119976175,0.5573985528078794
42318,1,0.06995124412675276,0.5618617104592261
42319,1,0.047846111489700166,0.45429344537591126
42320,0,0.040171632340129354,0.41640272554678814
42321,0,0.07737070154792565,0.5935079139612717
42322,1,0.23168717177549633,0.8323206121486943
42323,1,0.06892381550682092,0.5560996476987587
42324,0,0.07528195571838094,0.5857424974903896
42325,1,0.06787717332143105,0.5550207873712519
42326,1,0.05208340250890966,0.48396786205695164
42327,1,0.06907968513210484,0.5569799116829184
42328,0,0.06970337698636447,0.5604802762514102
42329,1,0.06059100896770351,0.5097041987484507
42330,0,0.07346508680734654,0.588757380524894
42331,0,0.08219201228675393,0.6236908812493877
42332,1,0.23362362011711055,0.8327696421908445
42333,1,0.0777508418413694,0.6026437211053995
42334,1,0.0717233695100971,0.5715800757447335
42335,1,0.070464853353998,0.5647068043785166
42336,1,0.04271604458130891,0.4695045289598017
42337,1,0.06898279575597671,0.5564329932755564
42338,1,0.1890985371425901,0.7999812168123782
42339,1,0.05376343941568566,0.49628127411747125
42340,0,0.040281680604557515,0.41742129030971475
42341,0,0.04292492433708878,0.43384467232076634
42342,0,0.06862961411993287,0.5544321679676112
42343,0,0.07497208477468019,0.5838439593645449
42344,0,0.05436192027016256,0.49508377660302916
42345,0,0.07365569080789768,0.581867108042519
42346,0,0.05239714272738048,0.4862945182959636
42347,1,0.22556844404655996,0.8290946618781906
42348,1,0.1947839074459411,0.8097668435855071
42349,0,0.07199674857940416,0.5730548731312316
42350,1,0.2720108328191883,0.8771519380892406
42351,0,0.23022810371284227,0.8317048772653803
42352,0,0.05833662334592746,0.5063952289064377
42353,0,0.05908213920949784,0.5255740843360441
42354,0,0.07214641261441487,0.5738595325022771
42355,0,0.07048337108682493,0.5648089452148777
42356,0,0.06913424075714558,0.5572874926770138
42357,1,0.08424615187071866,0.6329337746057189
42358,0,0.07142125935720305,0.5699427496272158
42359,0,0.05977071487543809,0.5046911930995602
42360,1,0.0752267530568923,0.5899993024733623
42361,1,0.21158036257107485,0.8226276591749305
42362,1,0.06161251478914403,0.5181363683858806
42363,1,0.25501710140014394,0.8592311057431279
42364,1,0.23841907897236947,0.8381435566665416
42365,0,0.05703544672624344,0.5192558819928078
42366,1,0.0368365423733176,0.38409817228785037
42367,1,0.03658997357803476,0.38486101753259505
42368,0,0.07804930676445906,0.6005683622867634
42369,1,0.07429147428936549,0.5851827510907617
42370,1,0.199629917814124,0.8065798803751382
42371,1,0.06868685426805782,0.5547572100754844
42372,0,0.07061157524860841,0.5655152682661305
42373,0,0.045998821373829685,0.440529764309282
42374,0,0.059744543918618456,0.5073847024073987
42375,1,0.04197123517529575,0.43281372821595515
42376,0,0.06865973500358809,0.554603248583012
42377,0,0.15185180404045312,0.7494294292673171
42378,1,0.19725220579033628,0.8135967425989907
42379,0,0.09258910205759252,0.702564220904416
42380,0,0.06862961411993287,0.5544321679676112
42381,0,0.0749143419639234,0.5883984496204244
42382,0,0.07250044114757376,0.5757552797389542
42383,0,0.19554730776191515,0.8028293317958753
42384,0,0.05653087722392213,0.5177895070631503
42385,0,0.049913814126400405,0.46882770587007344
42386,1,0.231600175479717,0.832560373291771
42387,0,0.06921918434531597,0.5577658646021483
42388,0,0.0685992054363446,0.5647597716461303
42389,0,0.03838645506530598,0.3942569577867961
42390,1,0.0611465776396285,0.5358275279501924
42391,1,0.06910998889028402,0.5571507954225877
42392,1,0.06960567824377926,0.5599342649124611
42393,1,0.034720358439774786,0.3730695305049793
42394,0,0.1031080613419396,0.7052453698163572
42395,1,0.20189022486500277,0.8097899270585682
42396,0,0.06875620413660298,0.5551506194099062
42397,1,0.056376705520063165,0.5046028616937267
42398,1,0.06284280085819725,0.5258691799892611
42399,1,0.22298126919251124,0.827937994996002
42400,1,0.05233518683521515,0.4858360562947584
42401,0,0.04193501174112208,0.44191677261725687
42402,0,0.06193442535267302,0.5389282106402347
42403,1,0.07325967371996264,0.5797847203047649
42404,0,0.06889358734142816,0.5559286816363789
42405,0,0.2023524965016153,0.8102439335247112
42406,1,0.19950712306879298,0.8060087399955278
42407,1,0.18132898498136554,0.7877609824038165
42408,1,0.07160896145873677,0.5709609584903814
42409,1,0.07083761399437986,0.5667570689901353
42410,1,0.06907362585685828,0.5569457333152498
42411,1,0.21299062543856445,0.8298988265176838
42412,0,0.2069029431343197,0.818005557822542
42413,1,0.22178111388093327,0.845162559575268
42414,0,0.057022517624222904,0.5274041105048076
42415,0,0.06970795972608435,0.5605058669520588
42416,0,0.06914940217441257,0.5573729240559073
42417,1,0.037078143631604686,0.39108397982599846
42418,1,0.17425028333675283,0.7801891711457203
42419,1,0.07659829518566193,0.5969333591587521
42420,0,0.23352355704503167,0.8366652255703887
42421,0,0.07410861584066072,0.5842325928459063
42422,0,0.053406128670119346,0.5296567936389031
42423,0,0.024313657857580183,0.31645894560417365
42424,1,0.062419342044470416,0.5397236420853686
42425,0,0.04013350116000273,0.4160493404898036
42426,0,0.03649284070049186,0.3831269445677298
42427,0,0.19933511747408175,0.8065507306207086
42428,0,0.03903007082628884,0.4038285523548337
42429,0,0.0704895446637789,0.564842990938252
42430,0,0.07132913912283453,0.5694419126579914
42431,1,0.051201988957968216,0.4773639375779496
42432,0,0.06878486756792304,0.5553130944279249
42433,0,0.051615542772321686,0.4804748900078526
42434,0,0.05768978399732254,0.5236879815115195
42435,0,0.07040161835366315,0.564357781794265
42436,0,0.06883316783677591,0.5555867098166124
42437,0,0.06876978017219905,0.5552275827324495
42438,1,0.055952626350106255,0.49099193096996296
42439,1,0.0689933868999508,0.556492819163517
42440,0,0.06925409986970252,0.5579623077906395
42441,0,0.0693285394824352,0.558380756640373
42442,0,0.0589829521701343,0.5264723709525166
42443,0,0.15040554386531596,0.7523049303414353
42444,1,0.051990439887772154,0.4832760491784377
42445,1,0.07120440553211256,0.5687625848530824
42446,0,0.06881052317619618,0.5554584567899269
42447,1,0.03724950469297348,0.44193157566462044
42448,0,0.13090519992766614,0.7249628670547102
42449,1,0.19392051143606134,0.8022429833738478
42450,1,0.15093877585778323,0.7477010124068543
42451,0,0.05813879114321389,0.5273165337459198
42452,0,0.07146345269252015,0.5701718985333996
42453,0,0.06327855893371448,0.5469474081079895
42454,0,0.07026914944374628,0.5636254788166507
42455,0,0.201404420019442,0.8102738288545525
42456,1,0.15094267782378426,0.7496449211304208
42457,1,0.06909332030064833,0.5570568110371769
42458,1,0.07008469415322968,0.5626031975379184
42459,1,0.06886337145278851,0.5557577023291737
42460,1,0.0695599255837169,0.559678272081406
42461,1,0.06927384194156168,0.5580733328785882
42462,1,0.18264047485337076,0.8104219284071013
42463,0,0.06876676306086595,0.5552104800007088
42464,0,0.04886908077622009,0.4578228202804771
42465,0,0.06928792008962177,0.5944374448792883
42466,1,0.018392527068222926,0.24435555344975848
42467,1,0.07608833772559043,0.5943729481007411
42468,1,0.0692267732903582,0.5578085711828759
42469,1,0.055467338421148316,0.5084088009241564
42470,1,0.07011087324471804,0.5745551025462564
42471,0,0.06926624822063304,0.55803063160805
42472,1,0.04549276924419064,0.4618983204064232
42473,0,0.07069200568141258,0.5659576485854886
42474,1,0.06790262022285355,0.5727026783251341
42475,0,0.053940438747488086,0.48269022358357216
42476,0,0.07017532865733825,0.5631058861713467
42477,1,0.19374745164122206,0.801568766045029
42478,1,0.06869438915767095,0.5547999752929154
42479,0,0.158726429861209,0.7610232657739832
42480,0,0.04910084005048159,0.46407933008889674
42481,1,0.07873636684455651,0.6065696921132822
42482,1,0.06941218235537099,0.5588503453565183
42483,1,0.07410821728181152,0.5910396845257915
42484,0,0.051921276186147766,0.4824383248868234
42485,1,0.05248384431104259,0.48030264533881056
42486,0,0.23607011197353092,0.8529887897388783
42487,0,0.05157759070335794,0.4795527981747975
42488,0,0.06942587825879103,0.5589271771472905
42489,0,0.04686049285000312,0.4703005296083105
42490,0,0.07025837723722352,0.5635658605031885
42491,1,0.19423331753329512,0.8039067288166599
42492,0,0.05792526102136763,0.4962133239988718
42493,1,0.07164185609691276,0.5711390835571563
42494,0,0.06928447444537805,0.5581331132145992
42495,1,0.05035966479472562,0.46778335067983234
42496,1,0.07176101994242126,0.5717835723045636
42497,1,0.05233859787334606,0.5113453469099668
42498,0,0.18876728213007316,0.7978758235430731
42499,1,0.19563484490124283,0.8029446102985998
42500,0,0.061251748971156615,0.5339378988101803
42501,0,0.05665144736603962,0.4938849139430549
42502,1,0.0693133417129016,0.5582953656293911
42503,1,0.21342174363691316,0.8273343943627127
42504,1,0.07097417920252856,0.5675051478419098
42505,0,0.035065482555015605,0.3729843319605495
42506,0,0.03265748206645262,0.35726659860943477
42507,0,0.06862961411993287,0.5544321679676112
42508,0,0.0371468258158793,0.3885090918033666
42509,0,0.0745590043954356,0.6081909109120632
42510,0,0.06901911451804364,0.5566381037811133
42511,1,0.07124180444731762,0.5689664104863617
42512,1,0.22097239476216646,0.8267588684502699
42513,1,0.04759319077397003,0.4580077026077455
42514,0,0.034409502150238164,0.370125201264289
42515,1,0.07050498079254638,0.5649281025704495
42516,1,0.21612739638437567,0.8205182136854661
42517,0,0.04822664907486372,0.45431815920415514
42518,1,0.05516917949405733,0.5008145189684833
42519,1,0.19316762873019636,0.8010871682276683
42520,0,0.04817191607783793,0.4526088633105905
42521,1,0.04087918050491538,0.4239617475565311
42522,0,0.07062394365528013,0.565583333588272
42523,1,0.05131884323374707,0.4782452063319558
42524,0,0.07224897958805201,0.5744098639196982
42525,0,0.20001333081555592,0.8094783846711833
42526,1,0.07067653171951119,0.5658725835859836
42527,0,0.18872617814296644,0.7973753693263054
42528,0,0.03601119899052452,0.381304048270591
42529,1,0.15098115708253163,0.7545319434248612
42530,0,0.21554116115421829,0.8207117911744967
42531,0,0.19360601422496757,0.8015295109089561
42532,1,0.15163045890174348,0.7489544416394026
42533,1,0.20293311691462912,0.8129968791754253
42534,1,0.1771241271289131,0.7864359893338947
42535,1,0.05515960613663749,0.5062450313062424
42536,0,0.03051373523770109,0.35595913633843307
42537,0,0.1849143278189304,0.794697885163224
42538,1,0.03892584395374822,0.40403902478487164
42539,0,0.05595829200434579,0.4913023870134271
42540,1,0.06683766114195983,0.5806764163068858
42541,1,0.0801314656735412,0.614110902602135
42542,1,0.19686678182372358,0.8144071652583262
42543,0,0.0698624080342334,0.5613672319713365
42544,1,0.06517952735128849,0.5512645308324606
42545,1,0.16502497760198484,0.7823721908975608
42546,0,0.05978285902608362,0.537555935592521
42547,1,0.19068443085441403,0.7970914057143996
42548,0,0.07410330892490088,0.6142836905780443
42549,0,0.060383633673528087,0.5328019572960946
42550,1,0.06897674434960822,0.5563988063188908
42551,0,0.05598222359806873,0.494333281973652
42552,0,0.04953107242532876,0.46770583927073706
42553,0,0.0703384358062022,0.5640086954228913
42554,1,0.20778752318060237,0.8212298923093897
42555,0,0.05087523141683624,0.4767741937873086
42556,0,0.04799214288032201,0.4524304987526303
42557,1,0.07140251414599294,0.569840896042846
42558,1,0.24907630119309168,0.936161661118708
42559,1,0.06340580497236728,0.5520843043299939
42560,0,0.06878335869041273,0.5553045434057011
42561,0,0.03865713395435744,0.4073321869159616
42562,0,0.069886904115084,0.5615036520464851
42563,0,0.04091569239911839,0.42325131538791005
42564,1,0.20471897961376528,0.8173376715908861
42565,1,0.1439279980263735,0.7385776544798432
42566,1,0.1832540932650286,0.7978731188247402
42567,1,0.07257175586336609,0.5761358549400005
42568,0,0.05122831645096081,0.4775626429327465
42569,0,0.06508744230215081,0.5614946925244494
42570,0,0.048788170899425554,0.4747111597504966
42571,1,0.058623071957659596,0.536221100938167
42572,1,0.07284652381526546,0.5775981105648217
42573,0,0.07641355242538879,0.5960082096179263
42574,0,0.06359026105008007,0.5469578953423035
42575,1,0.06977520527114732,0.5608811601992248
42576,1,0.1510420926098308,0.7495881743898972
42577,0,0.19617897289231057,0.8041450450293915
42578,1,0.19875159190713154,0.8079178418372412
42579,1,0.18890255004900383,0.7984487982071442
42580,1,0.0700217746078116,0.5622537957415799
42581,1,0.19707798424371578,0.8068552936605682
42582,0,0.06862961411993287,0.5544321679676112
42583,0,0.025258922055754397,0.3016657381854253
42584,0,0.07258761235651158,0.5762204149602614
42585,1,0.18112021470346987,0.7929792743025341
42586,0,0.036273023747121165,0.38870625790896574
42587,1,0.06932701956671002,0.5583722176945543
42588,0,0.05497206769803473,0.5049206837181471
42589,0,0.03498779886816469,0.38198760024832734
42590,0,0.24933129527450143,0.8671049196926731
42591,0,0.06994051698872772,0.561802038521165
42592,0,0.06986546960999893,0.5613842849884725
42593,0,0.05161900228884904,0.48050082130978866
42594,0,0.05144514524441684,0.4791957458359811
42595,1,0.052231303368973886,0.4850662401511863
42596,0,0.06894951910308432,0.5562449584085656
42597,0,0.05724328728854218,0.4941221569952439
42598,1,0.06990987640520636,0.561631537423819
42599,0,0.1968092743693304,0.8034765501947366
42600,1,0.07295956704576324,0.5781978351417202
42601,0,0.06864166100428365,0.5545006017638734
42602,1,0.1915681304788333,0.7960507304601486
42603,1,0.19684481336467108,0.805529674690366
42604,1,0.19904762730454859,0.8087048100935063
42605,1,0.03793567043643014,0.4335346060383065
42606,0,0.04534847910193746,0.43965142130753226
42607,1,0.24289800488202695,0.8416293258536373
42608,0,0.07113057985288081,0.556726432233143
42609,0,0.05459611254912079,0.4967544552811032
42610,0,0.07339871808495617,0.5803057092312585
42611,0,0.028947415801874554,0.3959338906063798
42612,1,0.061139841394250466,0.5154623791681314
42613,1,0.0691175667525226,0.5571935142455016
42614,0,0.062325955309742234,0.5413371471085909
42615,0,0.058045826155472435,0.4973626307296451
42616,0,0.06908271495425822,0.5569970006644631
42617,0,0.054070982404528185,0.4811044675417458
42618,0,0.04515173137822472,0.4547364508701288
42619,0,0.07159956555116144,0.570910062235563
42620,1,0.068652203634886,0.5545604796406117
42621,1,0.0711390010477572,0.568405833976134
42622,0,0.07899633909168091,0.6086974795454703
42623,1,0.06885128853389927,0.5556893069065811
42624,1,0.17207472361299395,0.7839434288844975
42625,0,0.05968472282300976,0.5041285351189416
42626,1,0.07631718282398774,0.5955245260565991
42627,1,0.06132357748456125,0.5343945748045035
42628,1,0.07171395975046832,0.5715291978189824
42629,1,0.07440820222099526,0.5857878318146577
42630,1,0.07196370362240319,0.572876948708069
42631,1,0.07585351693021401,0.5931869064460158
42632,0,0.06890114323166957,0.5559714243952177
42633,1,0.14941262572533412,0.7463696742005426
42634,1,0.24385599859226798,0.8441478223114774
42635,1,0.07200147042997797,0.5730802893638757
42636,0,0.087002077210422,0.6388012619347238
42637,1,0.06901306016183685,0.5566039200358636
42638,0,0.07164342285602691,0.5711475652438809
42639,1,0.061341629703076495,0.5167509256311489
42640,0,0.06271127487961728,0.5231590502674756
42641,0,0.06901154664961805,0.556595374015785
42642,0,0.05006162822086704,0.4701125422764206
42643,1,0.19348007980733747,0.8009524623535148
42644,1,0.07005552981812542,0.5624412873334222
42645,1,0.05771064976483737,0.523835514023344
42646,1,0.06873659868953984,0.5550394454963866
42647,1,0.07356894421171546,0.581412095666272
42648,0,0.05071889701190188,0.4802916586171571
42649,1,0.06938023497032131,0.5586710602239701
42650,1,0.0708732837252248,0.5669526191169091
42651,0,0.05170094153740062,0.48111455914619666
42652,0,0.08659383248782447,0.6202637503076306
42653,0,0.06631812729039463,0.565127627951532
42654,0,0.030734771641997498,0.3463856782266406
42655,1,0.06862961411993287,0.5544321679676112
42656,1,0.1933207133689225,0.801115847070971
42657,1,0.07448443563341454,0.5841312436815832
42658,1,0.23465157230588968,0.8447773751522049
42659,0,0.03560992998314659,0.3738055826484262
42660,0,0.045270081973672625,0.46136532434652944
42661,1,0.16256280301862883,0.770311791387193
42662,0,0.06862961411993287,0.5544321679676112
42663,0,0.06941218235537099,0.5588503453565183
42664,1,0.07658663265062966,0.5968750366904502
42665,1,0.0447088710058192,0.4493253720016197
42666,0,0.06297892409421064,0.5453924692669342
42667,0,0.224309910046477,0.8297636495057256
42668,1,0.0701369109836295,0.5628928982788096
42669,1,0.16715404481120508,0.7724481649973456
42670,0,0.06934222011182739,0.5584576055985476
42671,1,0.06979508475353946,0.560992028990629
42672,0,0.07271530866609435,0.6116633885996822
42673,1,0.23403127339061494,0.8344725962475069
42674,1,0.06975074540584969,0.5607446979606018
42675,0,0.07321490503899769,0.5795484793723505
42676,1,0.06918276812737344,0.557560861134047
42677,1,0.02603344608580574,0.31154938474575217
42678,1,0.07318933424968373,0.5794134681843532
42679,0,0.06862961411993287,0.5544321679676112
42680,1,0.06083269810357811,0.5318916860034668
42681,0,0.042330115706893615,0.4275437477772873
42682,0,0.06905545098330228,0.5568431949784463
42683,1,0.0762242421193175,0.5950573450928378
42684,1,0.08135185538857362,0.6198226952185941
42685,0,0.0688618609805473,0.5557491530168446
42686,0,0.052058674318254734,0.5072381991281594
42687,0,0.06897069343476388,0.5563646188280932
42688,1,0.058240233056975815,0.5260158914973426
42689,0,0.06201652882352287,0.5194312718139327
42690,1,0.07054358478231246,0.5651408648969002
42691,0,0.23430142323430264,0.8353003479055404
42692,0,0.23424054946627035,0.8364574531930737
42693,1,0.1957198943909979,0.8193297309201337
42694,0,0.06912362959613912,0.5572276886947193
42695,0,0.068881499512993,0.5558602915006658
42696,1,0.060597713536403135,0.5097474671255989
42697,1,0.18188738840484323,0.7910400117276912
42698,0,0.07208808832851067,0.5735461851060658
42699,1,0.2370999023129264,0.8366867502119959
42700,0,0.056908498164230985,0.4950392629105745
42701,1,0.15898260750524593,0.7656285029513886
42702,0,0.23471546613187602,0.8371611016694684
42703,1,0.19427060395795553,0.8009150420033776
42704,0,0.0733717057390678,0.5803751625175163
42705,0,0.05828718776246431,0.5002898487019296
42706,0,0.05173097821094203,0.4813393225681099
42707,0,0.18643065801213438,0.7928340322104741
42708,0,0.06920856111596291,0.5577060739540929
42709,0,0.24286070238885596,0.8447754168200795
42710,1,0.23275147659064344,0.8322984768333725
42711,0,0.1655985262010226,0.7708789760507296
42712,0,0.061445205475263165,0.5170728838530165
42713,0,0.046415565102013064,0.44936865668124804
42714,0,0.054945209842487804,0.4914364143923023
42715,0,0.18930159772896998,0.7974359348620764
42716,1,0.025169456198231986,0.3241761358806631
42717,0,0.2089315057464957,0.8395674114100904
42718,1,0.03988057123426845,0.41731473136397923
42719,0,0.057207892896544335,0.5234021639204897
42720,0,0.05236916757311153,0.47412004598739066
42721,0,0.07283379667128974,0.5775305215861511
42722,1,0.0693467808768113,0.5584832212958786
42723,1,0.235722318732498,0.8346256614454438
42724,1,0.16795278879903883,0.7853708200318615
42725,0,0.03822476760687233,0.39916131745505407
42726,0,0.07344060360633081,0.5807377487877263
42727,1,0.23113506914231963,0.833281017812481
42728,0,0.06862961411993287,0.5544321679676112
42729,0,0.05940740955601122,0.509007924280636
42730,1,0.2477493390080189,0.849797740862275
42731,0,0.07563847841791813,0.5878485487192087
42732,0,0.06862961411993287,0.5544321679676112
42733,1,0.23691574867091342,0.8397631360979887
42734,0,0.04874796640758733,0.47529308631273093
42735,0,0.0725796837108057,0.5761781355077792
42736,1,0.06901457370478832,0.5566124660224405
42737,1,0.234237076980016,0.8336445329881228
42738,0,0.05491310792545271,0.4990052182546456
42739,1,0.23533574469194762,0.8361152307479429
42740,0,0.18062796279403412,0.7837715899768815
42741,0,0.020889177544712933,0.2663807856301506
42742,0,0.22770493355020438,0.8298294662093421
42743,1,0.055913183339680865,0.5167518641500021
42744,1,0.18411235251903788,0.7895363827074575
42745,1,0.22799504452234629,0.8301714841703811
42746,0,0.033438851746695496,0.36484435451999975
42747,0,0.060023162120633376,0.5066543535602843
42748,1,0.19897649398279146,0.810668015881922
42749,0,0.06911150440119834,0.5571593392548235
42750,1,0.19244385570753866,0.8010044493341947
42751,0,0.06870644657351802,0.5548683979526148
42752,0,0.22006023942896147,0.8279778496641776
42753,0,0.2491288933960754,0.8518291069144777
42754,1,0.06862961411993287,0.5544321679676112
42755,1,0.02579276323374659,0.3180541435257988
42756,1,0.05447368380666026,0.5013801461469788
42757,0,0.0695599255837169,0.559678272081406
42758,0,0.06905545098330228,0.5568431949784463
42759,1,0.06905090795675776,0.5568175596370256
42760,0,0.05402288259830525,0.49815111537773005
42761,0,0.05922314524922365,0.5033285045625623
42762,0,0.07000950371518823,0.5621856125687589
42763,1,0.23334381866678008,0.8328014891735783
42764,0,0.047631041257590434,0.4465023779449819
42765,0,0.08333830416908185,0.6288859178674875
42766,1,0.0688663924893162,0.5557748008547865
42767,1,0.2355847621017024,0.835341397700188
42768,0,0.06114044022387355,0.5116340287547819
42769,0,0.03346852548635195,0.38425371987644197
42770,0,0.0495853450433509,0.486322344855181
42771,0,0.0811555928746372,0.612664212716466
42772,1,0.07247985114864522,0.5756453190432883
42773,0,0.04107127485873788,0.4246720464699176
42774,1,0.07481970993559042,0.5879119545671
42775,1,0.06921463134792918,0.5577402402436225
42776,0,0.015834008376687126,0.2197069058315652
42777,0,0.03847360390012693,0.4144986326577506
42778,1,0.08092508164158332,0.6178378784593878
42779,1,0.23412247597142125,0.8358055210898416
42780,0,0.0691782173472912,0.5575352343200015
42781,0,0.02935269413568469,0.3423581787299539
42782,1,0.24044668584620724,0.8413899107742027
42783,1,0.029208624550066096,0.3409786231506566
42784,1,0.25069870840947267,0.8509661978014652
42785,1,0.05891455208082549,0.5009499108867415
42786,0,0.07895178935383936,0.6084830152903196
42787,1,0.19811710524989165,0.8097185754510582
42788,0,0.05642945305439188,0.5133041523349394
42789,1,0.06862961411993287,0.5544321679676112
42790,1,0.07089785241146745,0.5767069058187152
42791,1,0.2362903423446356,0.839430019400877
42792,0,0.07214798955030104,0.573868000528908
42793,0,0.043814479244119936,0.42968016504467277
42794,1,0.06909180515888814,0.5570482667994661
42795,0,0.06200338237908034,0.5171179432340751
42796,0,0.06156426139710584,0.5468638992021319
42797,0,0.05170556149059018,0.4811491376389693
42798,1,0.07474636423966612,0.587534383090479
42799,1,0.07780029478145889,0.6378811180231349
42800,0,0.07249252127919101,0.5757129880506495
42801,0,0.026690314112007413,0.33540093168123436
42802,1,0.12813220145976426,0.7144973164542127
42803,1,0.07170611915430379,0.5714867983922836
42804,1,0.07556335511424381,0.5868531334240854
42805,0,0.2523146784194736,0.8558855244680919
42806,1,0.055873876083061956,0.48947433215645453
42807,0,0.23094144766925057,0.8323543207303522
42808,0,0.046764132415802774,0.4545271384511371
42809,0,0.04120851697736565,0.4122222769992677
42810,1,0.2332329361083001,0.8324984574310224
42811,0,0.053506364710287885,0.49442019274277704
42812,0,0.06994511414729919,0.5618276124279241
42813,0,0.06970032198138888,0.5604632156056532
42814,0,0.0688618609805473,0.5557491530168446
42815,0,0.06603309550648259,0.5538039834098721
42816,0,0.07124648058673412,0.5689918870491372
42817,1,0.07627069948378229,0.5952909571566234
42818,0,0.05641540350366308,0.49523529623103824
42819,0,0.045195376184562534,0.4373127045898811
42820,1,0.06902819697440535,0.5566893783932527
42821,1,0.06904939367606805,0.5568090144559629
42822,0,0.04697773780589447,0.4461487127646833
42823,0,0.051517614197406435,0.47974021402778144
42824,0,0.05861716090048156,0.5079292130026974
42825,1,0.08135009492173675,0.6198145354017368
42826,0,0.06059940945539661,0.5110212968980536
42827,0,0.1661441355883206,0.7765700268953497
42828,0,0.24464106676029984,0.8466280211146983
42829,0,0.0383388919133591,0.3984233123998048
42830,0,0.07059302639140619,0.565413165651117
42831,0,0.03069129923585233,0.3432711833224507
42832,0,0.11342638364017378,0.73684081546507
42833,1,0.06872107236663473,0.5739490665075805
42834,1,0.06945784509247106,0.5591064403454111
42835,1,0.07567042325421375,0.5922590314869869
42836,0,0.04471537782393392,0.4310807268719742
42837,0,0.06940761760988283,0.5588247341331171
42838,0,0.04435521432879359,0.43323767028062193
42839,0,0.05815961566745218,0.49939014145997285
42840,1,0.04128101404133334,0.42186327648182353
42841,0,0.06992366313119647,0.561708264721229
42842,0,0.19073232691814684,0.7985251629721991
42843,1,0.07272093302258724,0.57693054245065
42844,1,0.08285214908147506,0.6193053744207271
42845,0,0.051316549550645754,0.4782279252327887
42846,1,0.11743506532464411,0.6977332181997257
42847,0,0.052876218448553475,0.5007712593523995
42848,1,0.24476943868533602,0.8457859908821634
42849,1,0.03551412235577453,0.37972771533617095
42850,1,0.06419731112036466,0.5481721681564058
42851,1,0.14019802759483063,0.7387700380047686
42852,0,0.07138771855940079,0.5738346933246834
42853,1,0.20711818649388886,0.8128455321218272
42854,0,0.06897674434960822,0.5563988063188908
42855,0,0.056407896447504234,0.508690877711931
42856,1,0.0189271048489533,0.24739349680475203
42857,0,0.04033453335944895,0.41790977846267746
42858,1,0.06881505155631308,0.5554841079869286
42859,1,0.2431121751601036,0.8488288914764518
42860,1,0.23407655086215334,0.8334619681335975
42861,1,0.2342159507574428,0.8336205204524058
42862,1,0.05412264498526887,0.4933699305109008
42863,0,0.06868685426805782,0.5547572100754844
42864,1,0.05288274830924391,0.4828982249138683
42865,0,0.23164508384246346,0.8331645253761784
42866,1,0.04765820662983386,0.45362704734755027
42867,1,0.07920912338854204,0.6097197303559718
42868,0,0.05765204563409717,0.49727906503373887
42869,0,0.22018622884777497,0.8329200479129523
42870,1,0.07290063704185006,0.5778853312774986
42871,1,0.23729229032467905,0.8398348594939019
42872,1,0.03990448184314139,0.4077177635404882
42873,1,0.19963744561430674,0.8065906846283627
42874,1,0.07205342964230471,0.5733598424247662
42875,0,0.05570105593044175,0.5100444060433647
42876,0,0.06869891045892071,0.5548256340338905
42877,1,0.06930868762973966,0.5759092707792389
42878,0,0.12081708714064374,0.6989642773406913
42879,0,0.056991303840735856,0.49889844851225196
42880,1,0.2040288679796126,0.8130255170461209
42881,0,0.0718960837891874,0.5725125684740816
42882,1,0.1510447010497752,0.7548575701640962
42883,0,0.0710378891793075,0.5678535797015238
42884,0,0.043590044709378724,0.4431288134682793
42885,0,0.057307739974234724,0.5206129099718064
42886,0,0.06863563731727834,0.5544663851238816
42887,0,0.02778616450594741,0.33321318873002814
42888,0,0.2090721020736719,0.8260509837129736
42889,1,0.050675616232741756,0.46484785833211256
42890,0,0.05066470141800283,0.46413636225360166
42891,1,0.051833882011497426,0.47737159184823397
42892,0,0.19688263401041114,0.8037976761776607
42893,1,0.04808524436898963,0.4551398952497374
42894,0,0.23280904565340452,0.8321882386149866
42895,1,0.038207517818086234,0.39770736075948687
42896,0,0.05098108935857125,0.4649631559387303
42897,0,0.0523512193953173,0.49871986197199825
42898,0,0.23747868386277277,0.8386512838619931
42899,0,0.04013350116000273,0.4160493404898036
42900,0,0.049678165500641316,0.45971271398618946
42901,0,0.033258479919585304,0.3663669327409002
42902,0,0.03727990668275619,0.3956814048578544
42903,0,0.03867431665194996,0.4019792782270389
42904,1,0.16091467646044713,0.7657298114325921
42905,0,0.060517778299250403,0.5079458867453776
42906,0,0.06348238229094132,0.5266804941312283
42907,0,0.2366052198949776,0.8389113775914794
42908,0,0.05048069319004726,0.4630496669621517
42909,1,0.04935647481155105,0.4635845620288429
42910,0,0.059099301190578504,0.5351053811348255
42911,0,0.20070688315105709,0.8104852999856571
42912,0,0.07023837576084827,0.5634551359051695
42913,0,0.19532024112208324,0.8027074339657511
42914,0,0.06759163848398791,0.5731394053327301
42915,1,0.24310421620073647,0.8398318471760257
42916,0,0.051368180882000236,0.47861676249107477
42917,0,0.051201988957968216,0.4773639375779496
42918,1,0.07111721188371453,0.5682869012237023
42919,0,0.06929966635672082,0.5582185107717168
42920,0,0.02931030714257949,0.3404658074383141
42921,0,0.07378437735554379,0.582540944205418
42922,0,0.06888754318169203,0.5558944868332609
42923,0,0.06914182108107249,0.5573302087904606
42924,0,0.0691478858941884,0.5573643810706874
42925,0,0.07288790118689807,0.5778177546650026
42926,0,0.049714174598479856,0.4593635052273621
42927,1,0.03839914564662138,0.4050733816690788
42928,0,0.07050806839314161,0.5649451244377952
42929,0,0.0366982735513865,0.3839360606181455
42930,1,0.05275350200730508,0.49689292731089835
42931,1,0.028134834483193847,0.3323184278839973
42932,0,0.06017879424564602,0.5146119401043401
42933,1,0.2341212405585773,0.8343875994295892
42934,0,0.028205934591905783,0.3308601821216741
42935,1,0.07789904173432621,0.5982493448109245
42936,1,0.1972168496053885,0.8036754776545955
42937,0,0.16350297119320656,0.7724960563523325
42938,1,0.17882840597604216,0.7841865827135144
42939,0,0.05131310920781241,0.47820200368176474
42940,0,0.050446003563815026,0.5023620520969002
42941,1,0.02782299507360013,0.33221504312569966
42942,0,0.06903122470575618,0.5567064696622789
42943,0,0.051351813313955455,0.47090338230814366
42944,1,0.07147595883938719,0.5702397887359143
42945,0,0.05036778346382298,0.4640727650009344
42946,0,0.06968810320009787,0.5603949715942097
42947,1,0.04881447556479299,0.455513198716809
42948,0,0.07665773238653747,0.592083710976421
42949,0,0.12467419095628327,0.70780414783901
42950,1,0.07430767642486347,0.585266805491554
42951,1,0.23599171952409012,0.8380635047367281
42952,1,0.01937799036781562,0.277328690252514
42953,1,0.23420327565878077,0.8336061115993579
42954,1,0.1982734552018741,0.8044217769163557
42955,1,0.2431746939383999,0.8434312364647601
42956,1,0.2318900537290719,0.8322016710834373
42957,0,0.13240777369857995,0.7438214924162753
42958,1,0.13032934421338205,0.7176229366751916
42959,1,0.058658948728031526,0.5011474039629749
42960,0,0.045520491727919055,0.4387855839341949
42961,1,0.037283384008579286,0.3911288645283383
42962,1,0.03647492726538216,0.3823530026717034
42963,1,0.2805063362564344,0.877425963085786
42964,1,0.05008831833812983,0.46224575426713893
42965,1,0.18747121885113277,0.7963614515328062
42966,1,0.22431515064995597,0.8308505705960264
42967,1,0.07183637552083941,0.572190492522724
42968,1,0.06935438276871705,0.5585259134330288
42969,0,0.05922458908146148,0.5228150043449495
42970,1,0.21210884796674234,0.8221722558730485
42971,0,0.2680616408337553,0.8870313319051468
42972,1,0.06926017379863324,0.5579964699737728
42973,0,0.14670398369010104,0.7451796395090033
42974,1,0.05340743719496764,0.48735780868367773
42975,1,0.20488891491533862,0.8137538638059375
42976,0,0.03943258697802924,0.41271001729815787
42977,1,0.1849872218244255,0.7953496805540221
42978,1,0.1481697008847943,0.7484207462741763
42979,1,0.23220909213364643,0.8325688476735909
42980,1,0.22395004472795338,0.8383595914729325
42981,1,0.0686308686591102,0.572867610704067
42982,1,0.19215506776015923,0.8028738046446242
42983,1,0.036231349566611226,0.3853778006588375
42984,0,0.050309225239176816,0.46362495685539706
42985,1,0.2020417048644954,0.8111665356941218
42986,1,0.239267835326549,0.8414703849483698
42987,1,0.25079511830090095,0.8544270755773831
42988,1,0.20058487571294886,0.8087273677306603
42989,1,0.19842920512186363,0.8056392863148465
42990,0,0.1501606954929411,0.818203245708611
42991,0,0.02839064766685267,0.3258133252200448
42992,1,0.07563747657453954,0.5920917766377091
42993,1,0.2212814964823407,0.8282939400150591
42994,1,0.07699746573493406,0.598923000588071
42995,1,0.24261219233995907,0.846025207596257
42996,0,0.05573974806329997,0.5061803390421404
42997,1,0.1518640667839395,0.7509266269780944
42998,1,0.1760775826781673,0.7805605216375562
42999,1,0.1886145449564416,0.7984680914504936
43000,1,0.15263626059320806,0.75159223271832
43001,1,0.19919248187290353,0.8057530665837531
43002,1,0.06910544254213322,0.557125163723
43003,0,0.19791270268903763,0.8053005498953971
43004,1,0.07125271588011119,0.5690258552314181
43005,1,0.1969060214302278,0.8050386013099252
43006,1,0.029139146036218252,0.3369842702996125
43007,1,0.2656590679317895,0.8699426428157584
43008,0,0.051201988957968216,0.4773639375779496
43009,1,0.049767972459612245,0.4600928712831543
43010,1,0.05280684984133113,0.48931398747811117
43011,1,0.04962507863071778,0.46279976658136046
43012,0,0.06981343969471766,0.5610943640102307
43013,1,0.19914739388375474,0.8056880210462491
43014,0,0.19428415175132516,0.8025844551821945
43015,1,0.19340183740983238,0.8014672322912062
43016,1,0.2510355536432768,0.8654215871375699
43017,1,0.06958737383964105,0.559831871597654
43018,0,0.03838243081399149,0.39702305327975
43019,1,0.3164272572198713,0.9133143419448743
43020,1,0.06610064722504874,0.5664063506522
43021,1,0.07601219606365973,0.5939888572839455
43022,0,0.20909460081988093,0.819207804433885
43023,1,0.04438683133076228,0.466002531084741
43024,1,0.22731822639887836,0.8306327306107757
43025,1,0.04948792025401743,0.48438524196909866
43026,1,0.23147205768727183,0.8318958561885853
43027,0,0.05632258011352822,0.5143616245426813
43028,1,0.23373424848286875,0.851217973226502
43029,0,0.03749093510380807,0.39264835683385774
43030,1,0.2356920159605989,0.8365134151716364
43031,1,0.07000490264314031,0.5621600432731645
43032,1,0.19949431241794194,0.8073834097796325
43033,1,0.19244387080885947,0.8032670011449446
43034,1,0.018995952219396324,0.25434906448286626
43035,1,0.1506318278848152,0.7496865548476725
43036,1,0.05333721222050768,0.4931910949995911
43037,0,0.08659648603816184,0.6432375058805961
43038,1,0.044429054341016294,0.44247843000217263
43039,1,0.2326027861967408,0.8328447620977013
43040,1,0.19674466143300598,0.8041927911644281
43041,1,0.22881158274441965,0.8309521479656595
43042,1,0.14651721857924332,0.7452427871245664
43043,0,0.1973040152728791,0.8034043166043753
43044,1,0.2404131269567167,0.8421833535450176
43045,0,0.15091562222492488,0.7483821890038806
43046,0,0.06892986261347299,0.5561338393183832
43047,1,0.23886848892869347,0.8386361953961509
43048,1,0.17784463572249573,0.7825117020742953
43049,1,0.05112308326030824,0.4767678647510112
43050,1,0.07101923689183903,0.5677516065784028
43051,0,0.07394391342216423,0.5833743896691841
43052,0,0.21776020381108244,0.832124988978784
43053,1,0.4564376893698054,0.9615312542980309
43054,1,0.23402705061816131,0.8344678131199781
43055,1,0.07195269174615693,0.5728176363739088
43056,0,0.04028532349103303,0.41745497395703135
43057,0,0.05429414649723447,0.4975411328316596
43058,1,0.17217217196399642,0.7789210880430891
43059,1,0.046161388092031214,0.43946698394017114
43060,0,0.20921504520274706,0.820870561487605
43061,0,0.06789145366330551,0.5454325385795653
43062,0,0.049771074241809245,0.46678101232170344
43063,0,0.028937518531022277,0.32881278563709926
43064,1,0.09412401480605058,0.651572618700351
43065,1,0.05137851304284388,0.4786945330673555
43066,1,0.09416620302106787,0.6517376899579265
43067,1,0.16862066863520073,0.776745368977359
43068,0,0.049560974308470986,0.4635592453739949
43069,0,0.030718463870365822,0.360835713321851
43070,1,0.016771148174122865,0.23359809262549525
43071,1,0.042495302718730525,0.4374949293628128
43072,0,0.05290591202428971,0.4900408612870082
43073,1,0.06861253376731237,0.573768976882816
43074,1,0.23906788424691788,0.8405667428019401
43075,0,0.07623087729576047,0.5950907208837808
43076,1,0.1280729209527017,0.7211982825299684
43077,1,0.16076748605867303,0.7620834725968519
43078,0,0.06957328845481132,0.5938638316012516
43079,1,0.04981795525305443,0.46330484829461066
43080,1,0.06881203260557094,0.5554670072217747
43081,1,0.06919945669198077,0.5576548234958048
43082,1,0.19750810951232214,0.8035038269847374
43083,0,0.051918501746776466,0.4827399381493035
43084,1,0.0695340114292625,0.5595331953783246
43085,0,0.05541457846312927,0.5045579457891092
43086,0,0.07050498079254638,0.5649281025704495
43087,0,0.06548019415717062,0.5500578071039461
43088,1,0.049641012544024206,0.4609945846286453
43089,1,0.06912211383908079,0.5572191451331939
43090,0,0.07042166279500406,0.5644684544137607
43091,0,0.05059146299201553,0.46389351988559646
43092,1,0.04349413941183203,0.4340425070486145
43093,0,0.038369535762354356,0.40391093998985195
43094,0,0.039866680508721275,0.4107052170177918
43095,0,0.05529005360729815,0.5002308086040843
43096,0,0.07634209530261557,0.5956496344634878
43097,0,0.05331337633175508,0.479844652147245
43098,0,0.0692282911717809,0.5578171123964548
43099,1,0.07073689787357357,0.5662043150935238
43100,0,0.06862961411993287,0.5544321679676112
43101,0,0.06914485342607533,0.5573472949984337
43102,1,0.0616798311224583,0.5373018620475682
43103,1,0.04879989748500346,0.45443666841279
43104,1,0.19020255729935165,0.7988525705570245
43105,1,0.19129708795938505,0.8005221917662438
43106,1,0.06929207001570353,0.5581758124232415
43107,1,0.04798123378777056,0.48386127273902696
43108,0,0.06064127804812502,0.5449904281471809
43109,1,0.056661292466239216,0.5193007876826371
43110,1,0.05650600897544196,0.49741713049079933
43111,1,0.034988252723923065,0.3755362307309928
43112,0,0.05244608841562977,0.4904761410844769
43113,1,0.05439947271692575,0.49535211752783476
43114,0,0.05005951273208515,0.4645822079403201
43115,1,0.018188671503383578,0.24059399328172312
43116,0,0.06880750440943668,0.5554413558277143
43117,0,0.0715619932975517,0.5707064622295474
43118,0,0.05302998649004253,0.49094951241110046
43119,0,0.07182509039738116,0.583162214869462
43120,0,0.0593199280216354,0.5036505081976682
43121,0,0.0525933672472145,0.4999003211354716
43122,1,0.22496675847080508,0.8291053254862958
43123,1,0.21697363757875973,0.830832682390603
43124,0,0.0520183009029048,0.4904590258490954
43125,0,0.05229314306709658,0.48552466168910763
43126,1,0.19194443823491203,0.8000762436433377
43127,0,0.06867630670867769,0.554697337408927
43128,1,0.049990909657064646,0.471018400592343
43129,1,0.07363801257227962,0.5817744316093206
43130,0,0.051301642973982736,0.4781155993603251
43131,1,0.0720597300782295,0.5733937244630368
43132,1,0.07927615569802943,0.6100410460862649
43133,0,0.023066786690292163,0.28411236876309237
43134,0,0.07589811467817383,0.5934125055251982
43135,0,0.19652256399262272,0.8040662690966646
43136,0,0.05808694641237846,0.503751924371505
43137,0,0.06142796332381326,0.5201843205427567
43138,0,0.07166692803739401,0.5712747855270005
43139,1,0.1844000741832939,0.7962004431537502
43140,0,0.061091234526664207,0.5404994166409377
43141,0,0.06877128877383974,0.5552361340492615
43142,0,0.06737955462654524,0.5825361959908
43143,0,0.05170175191776039,0.47512406345674546
43144,1,0.05142560665414613,0.47904883426094796
43145,0,0.07061111826361152,0.5725749659498035
43146,1,0.2122406802679104,0.825120972404892
43147,1,0.1360523752779769,0.7329598133943003
43148,1,0.023558177294306943,0.31014333016596424
43149,1,0.19521972332674295,0.8043540932800392
43150,1,0.19352070755100229,0.8004086385433699
43151,1,0.04355068169454063,0.43587184795934764
43152,0,0.05449121953082536,0.4835451702987353
43153,0,0.04125201968313713,0.4176005966349929
43154,1,0.07078801412943217,0.5664849646682785
43155,0,0.05429898392952548,0.4946336627804915
43156,0,0.05185524904231721,0.495367731892358
43157,1,0.18914634494474755,0.7984615532200372
43158,1,0.2022886498600889,0.8078116811593152
43159,1,0.058498339447185264,0.4994454111606234
43160,1,0.1596358935322437,0.7669568510895204
43161,0,0.190906286984408,0.7974328271123883
43162,0,0.06889056520017837,0.5559115843010244
43163,0,0.05516781160509362,0.5206619021145203
43164,1,0.21206300039749032,0.827280711224415
43165,0,0.2372312600255614,0.8395980881391767
43166,0,0.06866425419214901,0.5546289095603333
43167,1,0.2170852216429503,0.8217238145205588
43168,0,0.05438369579001846,0.48944555245426985
43169,0,0.08252493073976293,0.6252094395384372
43170,0,0.049031137453208425,0.45624871189203114
43171,0,0.014524035056347646,0.20594830876656353
43172,0,0.06862961411993287,0.5544321679676112
43173,1,0.07359945543267322,0.581572208450144
43174,1,0.050067808811507596,0.4624245102762994
43175,1,0.2024349553241653,0.810165114255214
43176,1,0.0408569725616402,0.4147260937801571
43177,0,0.05401782315653057,0.49261692381706806
43178,1,0.07026607151466834,0.5636084452003738
43179,1,0.051463540919192766,0.4793340188412926
43180,0,0.05433999445787546,0.4937632929203514
43181,1,0.06876676306086595,0.5552104800007088
43182,0,0.07417714499578519,0.5861962278096184
43183,1,0.029154580666236735,0.33462694370187857
43184,1,0.06862961411993287,0.5544321679676112
43185,0,0.0490268439100557,0.48001990113933185
43186,1,0.056590380410831004,0.49984871013229815
43187,1,0.16438278922614522,0.7678474556247549
43188,1,0.06023149683508102,0.530224027336818
43189,1,0.03940780076565436,0.42810502504491516
43190,1,0.057166081776778586,0.5201461633725459
43191,1,0.04655353122739776,0.46791843151124185
43192,1,0.2287448710608499,0.8437518661015174
43193,1,0.049453256153620326,0.4589333371133546
43194,1,0.06970948736792808,0.5605143971141257
43195,1,0.05667764063230586,0.5152001283176113
43196,1,0.04621044398333176,0.44704195107612454
43197,1,0.2269894600438137,0.8309310471022545
43198,1,0.04138096915548198,0.42028154044754396
43199,0,0.03638448114471642,0.42862659474534637
43200,0,0.063370604651092,0.5427912294823141
43201,1,0.07441631458726287,0.5858298417196538
43202,0,0.03613205401661441,0.3804655467369949
43203,1,0.07312065350658425,0.5790505667980576
43204,1,0.06754916281239991,0.5617766928521609
43205,0,0.04305746408537258,0.4262383090174539
43206,1,0.03800472657837356,0.40095139905174293
43207,1,0.05935980922221257,0.5048829177102742
43208,0,0.05601151431184259,0.49106318343176425
43209,0,0.06917215007155733,0.5575010647580975
43210,0,0.08809086149912948,0.6494464595249451
43211,1,0.12344983018210458,0.7098662623753589
43212,0,0.047980379980808174,0.45557936920881126
43213,1,0.05034479700753099,0.4661194580182392
43214,0,0.057604422066501876,0.5167824401664413
43215,0,0.2414886961817059,0.8440072726890807
43216,1,0.05304768599935016,0.49168131733500703
43217,0,0.049470387471306235,0.46541408433426207
43218,1,0.09094371449634234,0.6610694910230092
43219,1,0.06940001031806828,0.5587820480652517
43220,1,0.20056198117543356,0.8110705951099533
43221,1,0.23301090591617582,0.8333118461686088
43222,0,0.04191191749438548,0.4270111839823264
43223,1,0.06931182210554877,0.5582868263385969
43224,0,0.1373437741014478,0.736224939751798
43225,0,0.0549806347636879,0.504981276433042
43226,1,0.031054154269175602,0.35083982507596667
43227,1,0.07244818475302475,0.575476134122114
43228,1,0.07315973324957087,0.5818579541261856
43229,0,0.051201988957968216,0.4773639375779496
43230,0,0.06245347686588487,0.5183715233592725
43231,1,0.07955342789946115,0.6113664898344459
43232,1,0.1464368106710725,0.7453201370505271
43233,1,0.17285838281185692,0.7835831971709419
43234,0,0.052122959173724816,0.4842619012927008
43235,0,0.07081281005016679,0.5666210218510329
43236,0,0.026437411464634426,0.3511498793264517
43237,0,0.20265216246600393,0.8143470715704578
43238,1,0.07615460475160606,0.5947068462791303
43239,1,0.07096486021896732,0.5674541522031895
43240,1,0.030245226444305964,0.34453417699511757
43241,0,0.18333920864759845,0.7934170631555479
43242,1,0.04013350116000273,0.4160493404898036
43243,1,0.06952029578764136,0.5594563859465602
43244,1,0.23664411437801552,0.8370553651673944
43245,1,0.06896766816165292,0.5563475248824935
43246,0,0.040040937338691164,0.40989709851692024
43247,1,0.203451868772139,0.8141081447437591
43248,1,0.23583960836066267,0.8351059426124608
43249,1,0.1975067886755116,0.8043126627936563
43250,1,0.06939848895230058,0.5587735107473932
43251,1,0.1950422404720252,0.8049155142581139
43252,1,0.17927417154359193,0.7840857156806849
43253,1,0.07142907120250706,0.569985186873872
43254,1,0.19106650240558934,0.8003881576765881
43255,1,0.11504550060748223,0.6895860309444959
43256,1,0.250649474814435,0.8530113486020675
43257,1,0.20636271612211693,0.8129174179954538
43258,1,0.19863949680222803,0.8047549613233557
43259,0,0.05395189921690727,0.497640364362956
43260,1,0.06891172276718935,0.5560312628657114
43261,1,0.20454122097462218,0.8195926316869139
43262,1,0.20358982042380316,0.8117735441240658
43263,1,0.04275389110857157,0.43978857585401854
43264,0,0.018792997970436223,0.24817097234884064
43265,0,0.06081086465365054,0.5413100936836868
43266,0,0.03487012715270302,0.3781753551976896
43267,0,0.242480139334666,0.8401800161515369
43268,0,0.07197157020007314,0.5729193133781976
43269,1,0.025479207844239522,0.3120288300691719
43270,0,0.06177138625484786,0.5150199007290936
43271,0,0.057776747431621624,0.49618191086474644
43272,0,0.059187814258934074,0.534079667181775
43273,0,0.23755040669533983,0.843016018472723
43274,1,0.0716684953024858,0.5712832665444753
43275,0,0.0622303290450098,0.5179168250606705
43276,0,0.20361762246234724,0.8129810264407442
43277,0,0.23380502958282945,0.8329769034779236
43278,0,0.07996666466677092,0.6133310356171128
43279,0,0.037657250476977495,0.39421904646407424
43280,0,0.035551669412359106,0.37818034088382946
43281,1,0.23160618325656399,0.8320507601664645
43282,1,0.15125076148176667,0.7515053037015761
43283,1,0.0759014191723018,0.5934292150017348
43284,1,0.027978920082885144,0.3282507276843175
43285,1,0.19193935470352402,0.8019096236374899
43286,0,0.05814690393561904,0.5018093469682592
43287,0,0.036125239424531295,0.3873891889274733
43288,0,0.05120313336536329,0.47737257679267653
43289,0,0.0814411764526965,0.6142965800832398
43290,1,0.1401017679858533,0.7957512353571201
43291,1,0.20242561154889518,0.8121012983154254
43292,0,0.061190421503269664,0.5129007004898273
43293,0,0.06339145636470433,0.5454486758453603
43294,1,0.1962983576420057,0.8039504071258281
43295,0,0.06634876561043264,0.584353883572247
43296,1,0.0609642984766228,0.532419280964016
43297,0,0.05143824846982121,0.47914389427965043
43298,1,0.07174533004657935,0.5716987850180333
43299,1,0.07418947553136593,0.58465309452428
43300,0,0.06992366313119647,0.561708264721229
43301,1,0.1380073095582205,0.7423105626327949
43302,0,0.06356392346097021,0.5549238958409192
43303,0,0.198907713148068,0.8077214433986732
43304,0,0.0419219488509364,0.48419351425907436
43305,1,0.11975736887335801,0.701108436650419
43306,1,0.06874413863327553,0.5550822053464596
43307,1,0.06926113309678288,0.5945492777545537
43308,0,0.043115238471837326,0.4360391645722363
43309,1,0.06649090724709675,0.5616496699890607
43310,1,0.2393939411149152,0.8404116540409189
43311,0,0.08217876898295824,0.6231296349012988
43312,0,0.04939174227261482,0.4657449933022087
43313,1,0.15494790258109958,0.7557361226609013
43314,0,0.07454784828132721,0.5865102278266072
43315,0,0.07141657262857114,0.5699172867858268
43316,1,0.05459361866666549,0.4892796195016465
43317,0,0.15585070031742668,0.7627402108162481
43318,0,0.16613819008017358,0.7730005032183493
43319,1,0.06907514062953869,0.556954277957727
43320,0,0.04855042007736803,0.4550234921945844
43321,0,0.0813923557106705,0.6200103523093043
43322,1,0.06981343969471766,0.5610943640102307
43323,1,0.15887992675033358,0.763345718593428
43324,0,0.03646393751416232,0.3928161599226935
43325,1,0.06908877496764575,0.5570311782227763
43326,0,0.07164812332308962,0.5711730100532817
43327,0,0.0778652064613194,0.5980828796698335
43328,1,0.05184517626210412,0.49495425680844113
43329,1,0.06908725991816246,0.5570226338838072
43330,1,0.14955796556608436,0.7483271221544355
43331,1,0.06347765584167803,0.5570032304048489
43332,0,0.07706891503863861,0.5941394645828336
43333,1,0.07475802283266733,0.5898745814784696
43334,1,0.05453534989325373,0.49632162851200473
43335,1,0.05152682350910654,0.4798093563166027
43336,1,0.2058940998802591,0.8185512950752876
43337,1,0.20256227613592395,0.8142369203349135
43338,1,0.05846592647562163,0.5288943384329383
43339,1,0.233109609965589,0.8429441496322797
43340,0,0.15520094198019727,0.7609460435568982
43341,1,0.06257483398947529,0.5514510147054228
43342,0,0.16451400924211218,0.798747017677036
43343,1,0.2403585144497941,0.8484725926784593
43344,0,0.018433794950980898,0.2481933192911729
43345,1,0.1706490763048559,0.7840116129775089
43346,1,0.06962246119406308,0.5600281209710118
43347,1,0.23268160491949655,0.8355556596059953
43348,1,0.06994511414729919,0.5618276124279241
43349,1,0.12685058614187592,0.7176569830827524
43350,1,0.07277337071359438,0.5772094343293642
43351,0,0.055847338587464296,0.5072688976877583
43352,1,0.2109680493636682,0.822220908519443
43353,0,0.04878237907178742,0.456536895994248
43354,0,0.0775888379767485,0.6018474064473922
43355,0,0.050574780010361635,0.4913470979816829
43356,1,0.23314938195922885,0.8527173248639661
43357,0,0.06909332030064833,0.5570568110371769
43358,0,0.08303468055561014,0.6275190787233696
43359,0,0.06981343969471766,0.5610943640102307
43360,1,0.07519070763456925,0.5898150075048019
43361,1,0.025054641922587967,0.30689116814952044
43362,0,0.07867257432150442,0.6023764083422738
43363,1,0.06922373761992855,0.5577914886531365
43364,0,0.05509339864322482,0.5118088486583758
43365,0,0.07079731165959162,0.566535987287547
43366,0,0.06072938910162601,0.5229449491537195
43367,0,0.04763863784340053,0.45027417564448646
43368,0,0.01224977214036651,0.18382863640505173
43369,0,0.0706053917958669,0.5654812346783898
43370,1,0.23605446995983204,0.8365721077501066
43371,0,0.03708325547738397,0.3898545018434179
43372,0,0.022579792554157596,0.28735962046955926
43373,0,0.027792456535465793,0.3374209344363198
43374,0,0.070464853353998,0.5647068043785166
43375,0,0.06941979088189508,0.5588930300328988
43376,1,0.03548663700510758,0.38268218939927645
43377,0,0.05160051524766976,0.47562675270770366
43378,0,0.04646680610196734,0.45040155934669907
43379,1,0.15754553692678086,0.7681504299759184
43380,1,0.0761105462207475,0.5887371797309644
43381,1,0.07161992478908857,0.571020335557497
43382,0,0.06067074614887576,0.540811857857806
43383,1,0.08100922048952655,0.6182302551512485
43384,1,0.0518443417169067,0.48218657490383177
43385,1,0.05656364937406397,0.5165180968552293
43386,1,0.1996828107659627,0.8060639484312607
43387,1,0.05681839302669199,0.510799881011269
43388,0,0.04205254417732695,0.4235312906949107
43389,0,0.053142480983243444,0.49177167702848046
43390,1,0.08702366847025829,0.6222296198164826
43391,0,0.033031168674749256,0.3566730773923046
43392,1,0.19424373081633423,0.8015070228239377
43393,1,0.6675967374406355,0.987852130380937
43394,1,0.07694558306317388,0.5986651123891953
43395,0,0.03256731773529669,0.3625057824758173
43396,1,0.034609417471289636,0.382031753115793
43397,0,0.08104430188014827,0.6183936999593649
43398,1,0.055653739610121974,0.5042166014449925
43399,1,0.08157395221450217,0.6208502890218066
43400,1,0.10345942997532423,0.666546727116456
43401,0,0.07341335779756773,0.5805944111255362
43402,1,0.06932397982777781,0.5583551396993629
43403,1,0.06880750440943668,0.5554413558277143
43404,1,0.0140927412048442,0.20562161850981522
43405,1,0.06984404118527894,0.5612649108258934
43406,0,0.06977860073812665,0.5919164939898148
43407,0,0.06520096310228132,0.560481566634022
43408,1,0.0692252554397409,0.5578000299351014
43409,1,0.05089752942858574,0.4827312482219755
43410,0,0.05248627230222465,0.4860218354889385
43411,1,0.06896766816165292,0.5563475248824935
43412,1,0.08348598788388607,0.6295483767130987
43413,0,0.191709601968372,0.80603863224567
43414,0,0.028964905488603154,0.33928568949326404
43415,1,0.03811320612138052,0.3980904772044665
43416,1,0.026703185225406295,0.33673092741123084
43417,1,0.06875318757691166,0.5551335160899229
43418,0,0.05642839538562365,0.5234931312788147
43419,0,0.03623010704129174,0.38751763213492213
43420,1,0.10812182392143896,0.6794334077632325
43421,1,0.03658969544239619,0.42329290368740247
43422,1,0.01938270506271438,0.2516863989967141
43423,0,0.23903334914731586,0.8548173775914448
43424,1,0.18108826952571738,0.7858232408385694
43425,1,0.045930658942802745,0.4422927156815161
43426,0,0.03544254235072935,0.3840474117226759
43427,1,0.03224666765296171,0.35430628169983547
43428,0,0.025086714679827784,0.3021023043769691
43429,1,0.05578909379343491,0.5106587860329618
43430,0,0.06864316700254817,0.5545091558431657
43431,1,0.0707508352876884,0.5662808601055539
43432,1,0.07554036059424557,0.5915982506602069
43433,1,0.06860205305461313,0.5761247504634778
43434,1,0.06950658264934469,0.5593795736682475
43435,1,0.08955888711208365,0.6554923550848161
43436,0,0.05182807748425676,0.476675583732088
43437,0,0.0399193033138918,0.41732541542528767
43438,0,0.03119839618987599,0.3523332933057038
43439,0,0.05145204289356489,0.47924759784056375
43440,0,0.17634114337317036,0.7940609235591866
43441,0,0.15670012422376492,0.7574806914273867
43442,1,0.1891995636164537,0.8011586699106428
43443,0,0.059937389718969405,0.5315085753971951
43444,0,0.05255223342290214,0.507017625733731
43445,0,0.2049348258782335,0.8147854073316816
43446,0,0.052536818706025036,0.48224812844384285
43447,0,0.06477846756338033,0.5686413459956858
43448,0,0.06907211111493114,0.556937188639074
43449,0,0.2071066140880035,0.8176992920129623
43450,0,0.07668998607328639,0.5973915116400533
43451,1,0.07201878632608472,0.573173478914266
43452,0,0.07169044033495328,0.5714019963907384
43453,0,0.04965663075237808,0.46017378665176284
43454,1,0.07050343703910635,0.564919591579368
43455,0,0.06885128853389927,0.5556893069065811
43456,1,0.0688241091445176,0.5555354094937018
43457,0,0.03050982461543383,0.35054758941445957
43458,1,0.1506632328572477,0.7485671415882716
43459,1,0.036576632224214214,0.3830581470746294
43460,1,0.07454297285334165,0.5864850342128666
43461,0,0.04858708673502917,0.45499942988305936
43462,1,0.1507970162542649,0.7550331439368733
43463,1,0.15035008024005725,0.755944868682321
43464,1,0.01975629977789899,0.26224792291644716
43465,1,0.03882549503083397,0.43853672110003816
43466,1,0.0498497275846462,0.46168780039048174
43467,1,0.19909960362725485,0.8068173361448778
43468,1,0.06880448576532718,0.5554242547341784
43469,0,0.07588654998860045,0.5933540206549807
43470,1,0.06872302872098271,0.5549624757129569
43471,1,0.19735748343498152,0.8040945628284735
43472,1,0.06938175596575683,0.5586795979585085
43473,1,0.15202978123408598,0.7595161603663875
43474,0,0.05113836549048174,0.46992515992489764
43475,1,0.20624921237549154,0.8169422160180786
43476,0,0.02829152816200489,0.3291592229458232
43477,1,0.2113877286838638,0.8233136448088157
43478,1,0.07025222237606205,0.5635317920705105
43479,1,0.19871179763919117,0.8060616750008638
43480,1,0.031505362376775536,0.3553032522470207
43481,1,0.06897976999134987,0.5564158998640099
43482,1,0.1547876469644374,0.7615295181339141
43483,1,0.05473854653342947,0.4977672877976179
43484,1,0.04083906638550996,0.4333455246104004
43485,0,0.03764504286023309,0.39442387261315853
43486,0,0.033327209752274545,0.3738940482613434
43487,1,0.19908491335823078,0.8052018011133634
43488,1,0.0461242211379257,0.45957409915109154
43489,0,0.06961330639348992,0.5599769272889009
43490,1,0.05413349956146392,0.4934478295302448
43491,0,0.061499272212156245,0.5361822299867357
43492,0,0.06945632255349345,0.5590979043517
43493,1,0.06952181962419361,0.5594649204685029
43494,0,0.04999531460472442,0.4624730599590572
43495,0,0.07063322127395506,0.5656343809569865
43496,0,0.03307739146360374,0.36622046457149476
43497,0,0.10826328665929655,0.690625548946763
43498,1,0.20679952458437864,0.8199550540527034
43499,1,0.06931486135108933,0.5583039048857098
43500,0,0.0514483936209703,0.4779745463036332
43501,1,0.05455746363059623,0.501977468956905
43502,0,0.07234535703372147,0.5749261611663629
43503,1,0.22753093792627002,0.8417272531961673
43504,1,0.19647308900220029,0.8042067983345969
43505,0,0.04458974214301747,0.4683781472764874
43506,1,0.1483058457869782,0.7465567945731446
43507,1,0.013409318220190659,0.19674698568527374
43508,0,0.05434226217503803,0.4979300723060038
43509,1,0.19732779961162872,0.8068090482783487
43510,0,0.05225623406645536,0.5053025408288959
43511,0,0.04162803151856044,0.46321159009908025
43512,1,0.0706053917958669,0.5654812346783898
43513,1,0.04430371908290537,0.4379081096012604
43514,0,0.0690418227337846,0.5567662880464515
43515,1,0.0693179007199716,0.5583209832949013
43516,1,0.06972476548976958,0.5605996967677647
43517,1,0.12209649610219513,0.7599369189748407
43518,1,0.12397944578149,0.7042839613258742
43519,1,0.06938023497032131,0.5586710602239701
43520,0,0.06913575676038099,0.5572960359675136
43521,1,0.06892230380691469,0.5560910997108135
43522,0,0.047479412713104525,0.4633679725115031
43523,0,0.05523891059735348,0.5104116051850062
43524,1,0.15909673235520902,0.7653518951916463
43525,0,0.2060538193548091,0.8168686812872661
43526,1,0.19302593517353037,0.8013052163238882
43527,1,0.06987465508184654,0.5614354431697771
43528,1,0.06924954474656121,0.5579366857932917
43529,0,0.06936046483751816,0.5585600665198343
43530,1,0.01769176661650951,0.23986676630339424
43531,1,0.23935261986114148,0.8562967210776791
43532,1,0.19792496312076055,0.8065180474402485
43533,1,0.06696313870871726,0.5745261923393636
43534,0,0.04399791572222598,0.45616670936021264
43535,1,0.15338162810771194,0.7576521501077881
43536,1,0.10532576995712406,0.6716450041425194
43537,0,0.07799781651360757,0.6038537403688242
43538,1,0.20563265933638086,0.8166800726562392
43539,0,0.05375864601244031,0.4962466482470537
43540,1,0.05494148129735227,0.5047042799974536
43541,0,0.19511396800067216,0.8032016666751078
43542,1,0.03562515093104626,0.3816976125834195
43543,0,0.06191219787967337,0.5441432489413407
43544,1,0.034910367810881485,0.3735152837646609
43545,0,0.04793881251183821,0.45397227605022333
43546,0,0.07461450852025568,0.5868544951122743
43547,1,0.21688174978667135,0.8233112043815972
43548,0,0.05277114527795842,0.4823950165314008
43549,1,0.19180765559506419,0.8000423065299873
43550,0,0.05133375453781102,0.47835753474397846
43551,0,0.018939379102386127,0.2468690134038807
43552,1,0.0687456467139431,0.5550907572186239
43553,0,0.01708748137311869,0.23210431379533142
43554,0,0.04554611484017105,0.46523271900919366
43555,0,0.05016974646863969,0.46509245177518277
43556,1,0.047035143964862546,0.4508099036810228
43557,0,0.026074996980107578,0.3320657254404843
43558,0,0.05927691342437678,0.5273005017063012
43559,0,0.06319914005574002,0.543930641282821
43560,1,0.06572277525421565,0.5610582832018197
43561,1,0.03608334421236799,0.4112964157263138
43562,0,0.040227075164391786,0.4169161282312639
43563,1,0.04922192794544927,0.45776076244106395
43564,1,0.05225929768602684,0.48527382419588294
43565,1,0.07023991414904955,0.5634636534066642
43566,0,0.025597705797326762,0.32548979971463776
43567,0,0.05024096950280807,0.4634165929330605
43568,1,0.07003582520486025,0.5670433403721973
43569,1,0.21755761702413223,0.8299294897863557
43570,1,0.18983233327367519,0.8013609562082469
43571,0,0.20202070615451545,0.8095839361854587
43572,1,0.21676868659527274,0.8289644654772214
43573,1,0.1538670866985723,0.7551384640330994
43574,1,0.07064404658571864,0.5656939344608136
43575,1,0.05152797478252756,0.47981799915714385
43576,0,0.09558646951516198,0.6789130875561215
43577,1,0.07662995884798544,0.597091649181847
43578,1,0.07321490503899769,0.5795484793723505
43579,1,0.1953264754571699,0.8025165109232222
43580,0,0.06272718577295205,0.5394430603810948
43581,1,0.05120313336536329,0.47737257679267653
43582,0,0.03272485584312905,0.3776232293440992
43583,1,0.06354583593373238,0.5574588125238439
43584,0,0.048719525066109964,0.45884253788632223
43585,1,0.07329646685196864,0.5799787480204746
43586,0,0.01922707236500852,0.26193252497910435
43587,1,0.06921614898292278,0.557748781730627
43588,1,0.05230248336794842,0.48559385952767475
43589,0,0.06958584867367393,0.5598233385914759
43590,1,0.027182923628747923,0.33875119915237034
43591,1,0.06879241241530613,0.5553558490475952
43592,0,0.05201715056700795,0.4834749389321475
43593,1,0.13226320518746665,0.7259900971202086
43594,1,0.19491675114693693,0.8022949237500928
43595,0,0.20634596478107048,0.8260269555594991
43596,1,0.21286140184278296,0.8253734490229562
43597,1,0.06873810661700838,0.5550479975316183
43598,1,0.06166940588469323,0.5571544814955673
43599,1,0.20834150084693634,0.8208290542943687
43600,0,0.08030179575800202,0.6149147836319855
43601,0,0.054447963613051424,0.49569836781695276
43602,1,0.1977033754699062,0.8049963264021518
43603,1,0.06862961411993287,0.5544321679676112
43604,0,0.042358446626917665,0.43627671093291204
43605,1,0.2330474667507622,0.8331780769742071
43606,0,0.2331864403778734,0.8333368455250675
43607,1,0.18621516259916235,0.7937637791707273
43608,0,0.04616176944325047,0.4388477577781322
43609,1,0.23016147059152153,0.8307285150681112
43610,1,0.07164812332308962,0.5711730100532817
43611,0,0.19958613909663828,0.8061224161851734
43612,0,0.04972860223842946,0.4610665172440581
43613,1,0.22940675549595055,0.8311154894415669
43614,1,0.2656464458589839,0.8661281199873424
43615,1,0.20466521047318165,0.8132558160783359
43616,0,0.04171242200805439,0.43780995187162225
43617,0,0.05635890056228397,0.5146124653574543
43618,1,0.23434545940379253,0.8344792711751292
43619,1,0.1907000921420569,0.8070828483608221
43620,1,0.24646223912101678,0.8427343364682118
43621,0,0.07367265131701936,0.584902348551966
43622,0,0.07652168547499337,0.5965500471239669
43623,0,0.20196078879355767,0.8145139360943554
43624,1,0.0692358810409945,0.5578598179512468
43625,0,0.032218007688930385,0.3737968439204425
43626,1,0.1457968945922993,0.7426297104462949
43627,0,0.27102887818820454,0.8580021440430587
43628,0,0.040091686851079375,0.41099954717411186
43629,1,0.17939129827401742,0.7887833169973506
43630,1,0.06929055083998516,0.5581672726503067
43631,1,0.06001770913284749,0.5085135521079535
43632,0,0.059213494303487484,0.504550558874422
43633,1,0.0792411721120326,0.6075599212572061
43634,0,0.06929510845962382,0.558192891865886
43635,1,0.07218111254764718,0.5740458190738403
43636,0,0.04441885361822539,0.4285938907914495
43637,1,0.06915546760310548,0.5574070956572913
43638,0,0.03281050475803412,0.3618117795439377
43639,0,0.06732007479977509,0.5496214130711207
43640,1,0.19109139494113442,0.7973003213898716
43641,1,0.07505056237504329,0.5848832348997295
43642,1,0.234535556986078,0.8355762975006633
43643,0,0.04456643771388197,0.42922490980098243
43644,0,0.23480401815196936,0.8389981908920685
43645,0,0.0661761226265458,0.5365171714779454
43646,0,0.04321609642969019,0.42950749076595607
43647,1,0.22899400427625854,0.8334826139866368
43648,0,0.04765076176132839,0.48123893417374136
43649,1,0.061968011398744374,0.5207018892858533
43650,0,0.15467873824032488,0.7653411926134019
43651,1,0.054580308124611565,0.496641919826974
43652,1,0.24217623459238036,0.8391721394664531
43653,1,0.06922980908400965,0.5578256535758335
43654,0,0.0406157706520609,0.4118179960023557
43655,1,0.22958587147843124,0.831324385599203
43656,0,0.05180426607935351,0.4809118308790721
43657,0,0.06977673427613586,0.5608896887836893
43658,1,0.23723293467757262,0.8446975933540131
43659,0,0.06989609219323774,0.5615548071788758
43660,0,0.04033909274048402,0.41795189706592156
43661,0,0.1842221137136317,0.7959981320864257
43662,0,0.06952943927055168,0.5595075925509068
43663,1,0.1888763133365849,0.7949057076032825
43664,0,0.07085467136137871,0.5668505955618937
43665,0,0.0394951809305284,0.4073060251903737
43666,0,0.06989302937639483,0.5615377556134085
43667,0,0.031573701239361485,0.3581284082164695
43668,0,0.07471563977557834,0.5934452606600944
43669,0,0.06519059406906491,0.5367524852334695
43670,1,0.0695660243303148,0.5597124062958028
43671,1,0.21172330823649074,0.8224426362381679
43672,1,0.3606980310669951,0.9271387345707716
43673,1,0.19407106287022807,0.8050860981670974
43674,1,0.195819379448513,0.8032453907578792
43675,1,0.13271996337979233,0.7274189594967081
43676,0,0.06576101640208264,0.5335835131448555
43677,1,0.18965308328228997,0.8041187940697595
43678,1,0.041238129780273095,0.41499735185876097
43679,1,0.19350829062208671,0.802643581123076
43680,1,0.1996010509501112,0.8071430937380824
43681,0,0.02728512356409931,0.32762691682607314
43682,1,0.19882928549612022,0.8064284406297172
43683,1,0.07253846761970766,0.5759582643895989
43684,1,0.26176470623855863,0.8573718547297497
43685,1,0.21003916330601066,0.8254679472249815
43686,1,0.21989749159855648,0.8277010514733695
43687,0,0.13968170814022488,0.7431201029530672
43688,0,0.2239892852537457,0.8286641485219794
43689,0,0.0689071884963599,0.5560056180058572
43690,1,0.05454895869720471,0.5019168712194159
43691,1,0.21309956494237534,0.8258560600381045
43692,0,0.02244800872648892,0.27943256935808564
43693,1,0.05238895590403976,0.4862339653722915
43694,1,0.23738885408924107,0.840630556645063
43695,0,0.1972206310580236,0.8040934839928764
43696,1,0.24029493119339554,0.8449276122451552
43697,1,0.1490811388314699,0.7482565087319162
43698,1,0.19695851034277334,0.8035102418902651
43699,1,0.18048916437492069,0.7943835566210189
43700,1,0.15439015524931002,0.7564601634415522
43701,1,0.2338215925532218,0.8347707063940565
43702,1,0.0722300340319314,0.574308278107099
43703,1,0.26543493781611,0.8666851384077758
43704,1,0.06858897034300038,0.5542011886830256
43705,1,0.23933158377215957,0.8405495204107388
43706,1,0.0790379709219394,0.5986517822262925
43707,1,0.2323981991547488,0.833150031433382
43708,0,0.20227045425648055,0.8091554012404072
43709,0,0.04942885859149427,0.4603350122341587
43710,1,0.2286093368991043,0.83126017342005
43711,1,0.02927890811477435,0.3363850210383053
43712,1,0.06199976970800833,0.5374325979425933
43713,0,0.04748479687512335,0.47809786824427114
43714,1,0.19948921971846514,0.8081747202430718
43715,0,0.06878637647608808,0.5553216454173922
43716,1,0.16044669506949286,0.7701984477466994
43717,0,0.05003403500685958,0.46499257946178163
43718,0,0.04398290549605483,0.4258095836005213
43719,1,0.20262538583292775,0.8098485318686003
43720,1,0.26275217517856286,0.8687476920774789
43721,1,0.1949913587464319,0.8070422522177753
43722,1,0.2176291463745698,0.8332385093481683
43723,0,0.07143688383651454,0.5700276230921022
43724,0,0.040149838845845075,0.41620078068323885
43725,1,0.06863111987336544,0.5544407223050626
43726,1,0.23262652863663763,0.8335866635955265
43727,0,0.015896260137279496,0.24004166705988117
43728,0,0.044197637887097116,0.43358452711922096
43729,0,0.06149878767715993,0.5463063203922036
43730,1,0.03665729031490717,0.40399436450360493
43731,1,0.21912265857776075,0.832893927665942
43732,0,0.05574195866485201,0.5103299668268637
43733,1,0.04871738655985559,0.4852952669714699
43734,1,0.19749407477987252,0.8056964540356293
43735,0,0.06922919005425544,0.5727764939422261
43736,0,0.07023991414904955,0.5634636534066642
43737,1,0.19972612839230272,0.8090985469907493
43738,0,0.07084481685480726,0.5577369230933907
43739,1,0.07227582697000506,0.5745537663989925
43740,0,0.06894498252947381,0.556219316040624
43741,1,0.05126267590537449,0.4778218344936763
43742,1,0.060465295427211296,0.514956897059514
43743,0,0.0641250704926072,0.5388829738465436
43744,0,0.0648880252092153,0.5468993981597907
43745,1,0.06959805086742413,0.5598916016506006
43746,0,0.07577429143544513,0.5927857444009836
43747,1,0.2086285334869507,0.8193421803822233
43748,1,0.024175314516007945,0.29546573551861866
43749,1,0.03249531025645362,0.3809326392005079
43750,1,0.17591006043473892,0.7813659613901163
43751,1,0.07351758321165833,0.5811423932736995
43752,1,0.06260217225020122,0.5189870187203964
43753,0,0.02540587766247882,0.3069236752170874
43754,0,0.0728661093014538,0.5729863646678262
43755,1,0.07151505356963415,0.5704519285793064
43756,1,0.06204470785951247,0.5503171434137065
43757,0,0.07367176532108836,0.5819513543300598
43758,0,0.052102013874717634,0.48410623209171866
43759,0,0.05690738690353824,0.49735432130157553
43760,1,0.07362033824243963,0.5816817494025048
43761,1,0.1772681975676693,0.7869276987740557
43762,1,0.07044479755075124,0.5645961456075334
43763,0,0.03521282393360297,0.3810972293030889
43764,1,0.22761218884103937,0.8313455446122049
43765,1,0.031450443005363815,0.35701377226075975
43766,0,0.02925167237859053,0.3357687059321152
43767,1,0.0638822386930679,0.5317215507749954
43768,0,0.0566046747810722,0.49687799344305944
43769,0,0.03369578191534591,0.3698125212755935
43770,1,0.06535820104886522,0.5585686247022114
43771,1,0.0726066443635244,0.5763218810922808
43772,1,0.22436621286157574,0.8291159885661825
43773,1,0.058099233503288016,0.5087978962089988
43774,0,0.05911579405170496,0.5080334927132857
43775,0,0.05696459295364474,0.5006109067884797
43776,0,0.06194819183640774,0.529554461644499
43777,1,0.022267738180235808,0.2854476844590764
43778,1,0.02469396586661637,0.3058718244135175
43779,1,0.04602833416525408,0.47777543937797706
43780,1,0.10557850744179446,0.6713989859328343
43781,1,0.06862961411993287,0.5544321679676112
43782,0,0.07323315512221783,0.5796972971952463
43783,1,0.06161298327908541,0.5197610179248306
43784,1,0.1530787273439377,0.751822274292365
43785,1,0.06873509079270952,0.5550308934285564
43786,0,0.06862961411993287,0.5544321679676112
43787,1,0.06921614898292278,0.557748781730627
43788,1,0.034604538556975165,0.38051197216980376
43789,1,0.0689389341945893,0.5561851257508085
43790,1,0.026196519837267063,0.37027787986766886
43791,1,0.15903053995291908,0.7690420949606143
43792,1,0.047550897123339556,0.4517373079120146
43793,0,0.13305569224911246,0.7280172500862082
43794,1,0.07590213662196742,0.5975488190631366
43795,0,0.05689137579058666,0.5233321039457872
43796,1,0.06975533102635248,0.5607702853306362
43797,1,0.1750816838516749,0.7874957853090365
43798,0,0.06932397982777781,0.5583551396993629
43799,1,0.1970699784172855,0.8052776250731873
43800,1,0.06914940217441257,0.5573729240559073
43801,1,0.21468235571303074,0.8229599428327348
43802,1,0.020261577884051276,0.28103373533768716
43803,1,0.1980114630862853,0.8040401423751483
43804,0,0.06516766574593856,0.5499432270305216
43805,0,0.06881656107768148,0.555492658320225
43806,1,0.07415226999895667,0.5844596790245237
43807,1,0.19409219530846458,0.8043230910989729
43808,1,0.026226749313131383,0.3178609670457039
43809,0,0.054650853475863646,0.4971440035508382
43810,0,0.05483369693249571,0.49844252016825347
43811,1,0.029749797394207207,0.3418331956026074
43812,0,0.05350040004915728,0.49437691342053874
43813,0,0.051777220695546904,0.4816851271635939
43814,0,0.06887394561758989,0.5558175465908254
43815,0,0.05780076363316798,0.5214472310459478
43816,0,0.07078026704930546,0.56644244474206
43817,1,0.07143844645796618,0.5700361102122846
43818,1,0.06960110172516767,0.5599086670615561
43819,1,0.16424717208479375,0.7728359594242559
43820,1,0.259094073968544,0.8503938496919085
43821,0,0.023620560715197365,0.2937514394707046
43822,1,0.08188156564302738,0.6222675648584399
43823,0,0.06676869499819547,0.5477526663242027
43824,0,0.0584910016525973,0.5010204554883969
43825,1,0.04654915418081137,0.4525196999561659
43826,1,0.05180382781700213,0.48188397277191863
43827,1,0.06862961411993287,0.5544321679676112
43828,0,0.08642520841158673,0.6180345220151935
43829,1,0.06669825059920775,0.5698394258705428
43830,0,0.0521404196676659,0.4843916279611433
43831,0,0.08279138249389278,0.6101350249133614
43832,0,0.23569138893231192,0.8351380368107604
43833,0,0.0355917604722404,0.3813053556821039
43834,1,0.06940913916084457,0.5588332712423705
43835,0,0.07047719800956562,0.5647748988802569
43836,0,0.07024914513240135,0.5635147576293019
43837,0,0.021559207884073554,0.27684183545863056
43838,1,0.08223822712066071,0.6239021639999502
43839,0,0.21233509956313992,0.8230694410230025
43840,1,0.06862961411993287,0.5544321679676112
43841,1,0.03856101901167805,0.40641874394422495
43842,1,0.03242453923072912,0.3565100799134681
43843,1,0.16597988776480807,0.7730276909896329
43844,0,0.0489971677212703,0.46454591698133635
43845,0,0.06927536077820977,0.5580818730296723
43846,1,0.21297083625196567,0.8177358007090343
43847,0,0.23178500514178335,0.8378742684732494
43848,0,0.009113836180301713,0.14235215314176022
43849,0,0.06893137446689537,0.5561423871402257
43850,0,0.040422159787085764,0.41871866414514414
43851,1,0.06940913916084457,0.5588332712423705
43852,1,0.12507727605808064,0.7099335341689974
43853,0,0.06874263058324875,0.5550736534416718
43854,0,0.0220072430521369,0.2848887140036242
43855,0,0.06862961411993287,0.5544321679676112
43856,0,0.05416969630638104,0.4937074952044818
43857,0,0.07028454095874145,0.5637106446455488
43858,0,0.06084252931353174,0.5195285436581482
43859,1,0.18296652199505647,0.7861646042687391
43860,1,0.20065704395001838,0.8076547836271176
43861,1,0.1945608653712972,0.8029956209095098
43862,1,0.21509074917601703,0.8279841408142676
43863,0,0.21253128971555904,0.8184910900229804
43864,1,0.07007701823997274,0.5625605908810741
43865,0,0.0541166155518444,0.4933266534167907
43866,0,0.06903425256006239,0.5567235607970624
43867,0,0.07656497797720045,0.5967667162691335
43868,1,0.19894155003829897,0.808175841633462
43869,0,0.20686762646156975,0.8153906242518166
43870,0,0.2556875211557414,0.8493078848456531
43871,0,0.03662510211419425,0.3803555869591978
43872,0,0.0705945719575209,0.5654216744144904
43873,0,0.06888905417559003,0.5559030355836913
43874,1,0.06862961411993287,0.5544321679676112
43875,0,0.06968963043938621,0.5604035022205752
43876,0,0.03288052410215726,0.36499490782854677
43877,0,0.07441631458726287,0.5858298417196538
43878,1,0.1522711608413464,0.7501061430766891
43879,1,0.02446988726247797,0.30761303140361757
43880,1,0.055413060606509246,0.5080279980098364
43881,0,0.06939848895230058,0.5587735107473932
43882,1,0.07090741812231949,0.5671396475515704
43883,0,0.10122931089887942,0.6670396309607833
43884,0,0.021135782708216817,0.2976213858049016
43885,0,0.05188372675595627,0.4824805437741895
43886,0,0.07077561917720299,0.5664169323167106
43887,0,0.012409731645043729,0.18434741269608174
43888,1,0.06870192481287989,0.55484273969884
43889,1,0.21936873159882062,0.8261350569738324
43890,1,0.24592678995445408,0.85089206266074
43891,1,0.07301327753679826,0.5838716872398623
43892,1,0.2340005388422041,0.8333754341035393
43893,1,0.06909966980129176,0.5745838304685349
43894,1,0.06904636520692317,0.556791923992983
43895,0,0.06869589622746304,0.5548085282390406
43896,0,0.25342832899900775,0.8539607109762988
43897,1,0.23014329869568542,0.8314293818581967
43898,1,0.04689378922681354,0.4499513438058521
43899,0,0.07324048405620553,0.5796834786600613
43900,0,0.040351861634138016,0.4180698355194251
43901,0,0.06863262565740019,0.5544492766102614
43902,1,0.06984251081614269,0.5612563838284903
43903,0,0.23329436758234412,0.8334476017201021
43904,1,0.07419301337323679,0.5905839279917965
43905,1,0.0723644137244838,0.5791765335180891
43906,1,0.2199406116671051,0.8271998702571782
43907,1,0.040658377691936635,0.4357909281129288
43908,0,0.19285102619698002,0.8012434727256483
43909,1,0.04212913028624819,0.45144384115679204
43910,1,0.06870946123374899,0.5548855032926406
43911,1,0.06993745237158593,0.5617849890675499
43912,1,0.20817174757808093,0.8175161353903692
43913,1,0.07496986704027435,0.5886835561339319
43914,0,0.06908877496764575,0.5570311782227763
43915,1,0.12454724536389157,0.7124090627603625
43916,1,0.045457111165513465,0.44474380455502704
43917,0,0.03193749549398523,0.4040160858933318
43918,0,0.06887998867253892,0.5558517425848232
43919,0,0.07034459764912383,0.56404275542852
43920,0,0.031758559893561154,0.3598357730266944
43921,0,0.08126545879238478,0.6177053263577919
43922,1,0.07432499196005593,0.5900874956745987
43923,1,0.05125465674996379,0.47776135538939796
43924,1,0.23996624467645739,0.8411986851595717
43925,1,0.03918823380013223,0.44582455658480874
43926,1,0.18630590263029265,0.7974664240050617
43927,0,0.023570009844561726,0.29302715038739585
43928,0,0.17508155080806134,0.7801261245522388
43929,1,0.16842397437924642,0.778748298097957
43930,0,0.14388728336342785,0.7358563572151431
43931,0,0.2725034000706362,0.865624236993885
43932,0,0.1417107086903759,0.7471025079466462
43933,1,0.07358981905204251,0.5815216483734521
43934,1,0.025814760306512485,0.31953053173975926
43935,0,0.07059766318355591,0.5654386918255778
43936,1,0.07320052045772998,0.579472537042168
43937,1,0.19992079992662892,0.8091798197530543
43938,1,0.19836556894894988,0.8059566607312786
43939,0,0.049193128668710465,0.49451419935824525
43940,1,0.04231039265958493,0.46317615514717714
43941,1,0.0692389172043362,0.5578768999336239
43942,1,0.05170325146520675,0.4811318483699907
43943,0,0.06863864909957147,0.5544834935084321
43944,0,0.07009237084389715,0.5626458032711409
43945,0,0.11173490199283555,0.7389110168371222
43946,1,0.07025991603040026,0.563574377517634
43947,1,0.03481688836739113,0.38295389655413137
43948,1,0.07019838859915577,0.5632336677421423
43949,1,0.06438875258283959,0.5323380786753737
43950,1,0.0696987945253508,0.560454685229192
43951,1,0.1749950971798976,0.7824630831834816
43952,0,0.20455383482423597,0.8136783021290304
43953,0,0.1462131549592057,0.8048456851975723
43954,1,0.2344906948112738,0.8339324670716495
43955,0,0.09411574504744069,0.6660001793668449
43956,0,0.07081591010436572,0.5666380282930883
43957,0,0.051316549550645754,0.4782279252327887
43958,1,0.06886035053898712,0.5557406036715072
43959,0,0.05301689446076694,0.4927798558226634
43960,0,0.02128770663923029,0.28014282681273095
43961,1,0.24691664320356665,0.8483188653307662
43962,1,0.15207553382073744,0.7501619892985247
43963,0,0.05472195015108588,0.4892671401229127
43964,0,0.012044056301033012,0.18138708927135833
43965,1,0.18181562006750718,0.7890005832713718
43966,1,0.22620695873785965,0.8282041676495379
43967,1,0.06910544254213322,0.557125163723
43968,1,0.19334890651748746,0.8028059194708114
43969,0,0.03514765260139267,0.39820113846482075
43970,1,0.07721538757183936,0.6000038693409333
43971,0,0.04071625982648057,0.43760729459968184
43972,1,0.03308872839686537,0.3704361766626844
43973,1,0.23503779777953482,0.8356078316806187
43974,0,0.06933765962444602,0.558431989590098
43975,1,0.07044017003773528,0.5645706080537264
43976,0,0.0702768448117276,0.5636680622005094
43977,0,0.024345791040501795,0.3005502506403193
43978,0,0.015537094063253697,0.22680076302454139
43979,0,0.05257065075778837,0.5178755609753575
43980,0,0.1614511872397206,0.7696417596999489
43981,0,0.06978590895692177,0.5609408595350489
43982,0,0.05821007883757138,0.5241943997138037
43983,0,0.016149022130494288,0.24338577548830376
43984,0,0.04054386025809842,0.4198400294731246
43985,0,0.06865370984740554,0.5545690334937551
43986,0,0.06968504881440726,0.5603779102344406
43987,0,0.06873056728604307,0.5550052370295233
43988,1,0.0295444791195249,0.3404508150435096
43989,1,0.02410586457217699,0.301968489707309
43990,1,0.20970159488077436,0.8207625457815744
43991,0,0.032417059524028145,0.36407457451487896
43992,0,0.06856714620274544,0.5656708326245412
43993,0,0.1334785097740844,0.7266169414259337
43994,0,0.0691782173472912,0.5575352343200015
43995,0,0.06983485943566853,0.5612137482989542
43996,1,0.06988231049491277,0.5614780739899562
43997,0,0.06989456076930022,0.5615462814143124
43998,1,0.0458506814521536,0.4652721954494306
43999,0,0.0689086998892725,0.5560141663256384
44000,0,0.06917063332959232,0.5574925222825632
44001,0,0.06976144562081484,0.5608044013214465
44002,0,0.05715445121343237,0.49678692546794606
44003,0,0.06913424075714558,0.5572874926770138
44004,1,0.17061289475791877,0.7774961876714417
44005,1,0.06700795791896479,0.5598768505623494
44006,1,0.05932404688700875,0.5300882825826673
44007,0,0.0302496636923208,0.3679289994055865
44008,1,0.07586777913534679,0.5902805554728022
44009,1,0.23404543594393248,0.83377705360513
44010,1,0.06907211111493114,0.556937188639074
44011,1,0.24440991581908303,0.8410586406993682
44012,0,0.03679758761461324,0.38311886956299523
44013,1,0.06934982154103113,0.5585002982545235
44014,0,0.0764700968341724,0.596291661606866
44015,0,0.08710618010262948,0.6453122786954797
44016,1,0.20863139342057513,0.8185966982415018
44017,0,0.07152131055771908,0.5704858685549737
44018,1,0.060047721184545357,0.5436851075109567
44019,1,0.07138377347643689,0.5697390365464697
44020,1,0.01996455297644615,0.2630914679659495
44021,1,0.051263821595886834,0.4778304744188397
44022,0,0.06086977073513092,0.5172246830242033
44023,1,0.16842998516500146,0.7822528988488768
44024,1,0.04545816300080189,0.44676951736292697
44025,0,0.04144106889706694,0.4148245446393831
44026,1,0.23197934763826578,0.8333723461963359
44027,0,0.18356987658873283,0.7933738991176958
44028,0,0.21427238524517775,0.8240537274851044
44029,1,0.19371024148548402,0.8045530264823754
44030,1,0.18435332925792716,0.7897328868283333
44031,0,0.043114792581937116,0.4511417601490042
44032,1,0.07351597871245072,0.5811339642915814
44033,0,0.05438033352855682,0.5007135639452153
44034,0,0.07393213105572284,0.5962027246705714
44035,1,0.07369588314545521,0.5820777147949099
44036,0,0.021091225001780838,0.2720462946833049
44037,0,0.07080351063975446,0.5665700015834285
44038,0,0.013241468817362883,0.2106233750617051
44039,1,0.056433767375744674,0.49308426332966543
44040,0,0.06947002651616045,0.5591747270367902
44041,1,0.020713247806561464,0.26935941011365655
44042,0,0.06094352673077759,0.5345098742081281
44043,1,0.09363081528674172,0.6528809293609686
44044,0,0.06917366684430921,0.5575096071996133
44045,0,0.07022299359190695,0.5633699588323047
44046,1,0.03856004586249521,0.39902990516690434
44047,1,0.07501889115871384,0.5889350712735002
44048,0,0.051452250050856164,0.5020328543388723
44049,1,0.209235188881075,0.8196061138050176
44050,1,0.136358078609476,0.7915249553938795
44051,0,0.05055623333593854,0.4735561040916972
44052,0,0.010239322077730604,0.15756566228436905
44053,0,0.023235591631127463,0.29233990845291796
44054,0,0.06863413147203766,0.5544578308832027
44055,0,0.06125789619131715,0.5190782466377912
44056,1,0.20235251706680485,0.8323024731526244
44057,1,0.2324508266625542,0.8375415651602021
44058,0,0.0473663453848152,0.450586343958395
44059,0,0.05142560665414613,0.47904883426094796
44060,0,0.20972284872820696,0.8191910851697437
44061,1,0.07558333402704187,0.5886004375531889
44062,0,0.09439496946073105,0.6444535367468989
44063,1,0.06892532723742936,0.5561081956534932
44064,0,0.2219630451352798,0.8259894640532562
44065,1,0.07019223859644398,0.5631995934766274
44066,0,0.20903555808171828,0.8193701193867593
44067,1,0.25525767435166385,0.8544677578845283
44068,0,0.056007893333970035,0.5121816133688755
44069,1,0.05456815380856098,0.496555354323952
44070,1,0.07410861584066072,0.5842325928459063
44071,0,0.062342367044294265,0.5265902191440558
44072,1,0.2358114527365389,0.834726007063217
44073,0,0.0701722545276271,0.5630888479952723
44074,0,0.06923132702704483,0.5578341947210069
44075,0,0.0697492169276496,0.5607361687654876
44076,0,0.017361375425235685,0.23910570992246133
44077,1,0.06892835079075488,0.5561252914633105
44078,0,0.07019531353553231,0.5632166306839752
44079,1,0.08801033209185552,0.6333309101826475
44080,0,0.06975838826161167,0.5607873433978532
44081,1,0.05197883059290009,0.48318957702133986
44082,1,0.04846765943778004,0.455600973808791
44083,0,0.23372026503642726,0.8342945999360424
44084,0,0.04530600093466637,0.4382004163624216
44085,1,0.06947459505968452,0.5592003339690084
44086,0,0.05128100986045397,0.4779600748852585
44087,1,0.13342137617401223,0.7276879329465122
44088,0,0.06967283251004906,0.5603096633689051
44089,1,0.005590889362756473,0.11302801965945027
44090,0,0.07279880758937265,0.5773446369315286
44091,0,0.023921840945438977,0.2901367327252261
44092,1,0.1674024503960532,0.7756365246100644
44093,1,0.02689707412752937,0.32287727541515887
44094,1,0.1264904259241181,0.7197545501197209
44095,1,0.06922221983092063,0.5577829473369861
44096,0,0.05496898176178734,0.4882433107938526
44097,1,0.03432943231037676,0.39381541216749105
44098,1,0.2075804269295968,0.8183434555325
44099,1,0.01777300793130344,0.24111910994019997
44100,0,0.05511879094308167,0.5019115370583604
44101,1,0.06621012142801647,0.5674658834009891
44102,1,0.13984979304269046,0.7379142132485466
44103,1,0.05925282567074423,0.5064113661102944
44104,0,0.06304960725495057,0.5240037398328355
44105,1,0.07140407607344872,0.5698493840674635
44106,1,0.06903273861753963,0.5567150152464534
44107,0,0.07273840838273236,0.5770235118673538
44108,1,0.07244818475302475,0.575476134122114
44109,0,0.02877556917418313,0.34273327545372084
44110,1,0.06919187051889462,0.5576121138425796
44111,0,0.03137405373409004,0.35471972959109
44112,0,0.07001870669821522,0.5622367501687483
44113,1,0.06039330897294439,0.5093958738990453
44114,1,0.13464564814560093,0.7322453442382398
44115,1,0.06937263045599826,0.558628371031004
44116,0,0.04154068646085174,0.44521344506400207
44117,0,0.053266880028652146,0.4860869235844801
44118,0,0.03974617060284609,0.43317213526987736
44119,0,0.049686289915852215,0.48638754984805
44120,1,0.015590859875852212,0.2241391126070324
44121,0,0.06920856111596291,0.5577060739540929
44122,0,0.056613927913056646,0.5215500007315191
44123,1,0.06913878885917576,0.5573131224468074
44124,1,0.0696209353166208,0.5600195887793081
44125,0,0.06932094021219973,0.5583380615661321
44126,0,0.06888603221848383,0.5558859380497384
44127,0,0.05780244613422738,0.5150087537730368
44128,0,0.23977151463960364,0.8372243468057544
44129,1,0.0657209519515708,0.5633123977151896
44130,0,0.04909194678946148,0.45768690223209707
44131,0,0.20030191944190628,0.8077376483289815
44132,1,0.06870946123374899,0.5548855032926406
44133,1,0.023128666167300128,0.29112980962404866
44134,0,0.06920400876538219,0.5576804488784962
44135,0,0.05017305116800263,0.4870442064177181
44136,1,0.06900851971737633,0.556578281875143
44137,0,0.04774813744895434,0.4527605673055012
44138,1,0.19885403342504387,0.8078546024368257
44139,0,0.06923739910726083,0.5578683589595502
44140,1,0.046806161254623176,0.4495722840034689
44141,1,0.03749943084115985,0.3978435296386623
44142,0,0.03028820663818439,0.34942960324504135
44143,0,0.07151391638049807,0.582614899053417
44144,1,0.207666421405017,0.8210973149005055
44145,0,0.20081908362013895,0.8104491177316498
44146,1,0.069886904115084,0.5615036520464851
44147,0,0.15864398592076748,0.7750719138968242
44148,1,0.1752509133135591,0.7864986598370254
44149,1,0.05188879278136142,0.4755526529150626
44150,1,0.19958037409191753,0.810074230128181
44151,1,0.14425029104948292,0.7494755441629958
44152,1,0.03888622911856759,0.42773261943900515
44153,1,0.06960415270664187,0.559925732330903
44154,0,0.0405861889856402,0.42096411575020043
44155,1,0.2320356141116481,0.8321929562579978
44156,0,0.05721522208532331,0.5138262559734267
44157,1,0.19655119843201674,0.8043212740879018
44158,1,0.19722318150550391,0.8038981157054633
44159,1,0.14865025197672352,0.7509024822775271
44160,1,0.03111817292232516,0.3646192219117457
44161,0,0.0542010852739349,0.4939325415398897
44162,1,0.20477871505881026,0.8147634700593305
44163,1,0.20416945187731184,0.8139310693190117
44164,1,0.05405804255443365,0.5125623022791713
44165,0,0.0761164947437343,0.5945148655105943
44166,0,0.06877883224180524,0.5552788901425386
44167,1,0.19711726124768283,0.805148350467499
44168,1,0.07429488318066592,0.5884027930265282
44169,1,0.07061002933851324,0.5655067599270904
44170,1,0.07710132728387507,0.5994386125612199
44171,1,0.06649135427677726,0.5748486060827511
44172,0,0.0703230333815707,0.5639235427672089
44173,1,0.20038346877878283,0.8096402771262624
44174,0,0.04915837417067957,0.4575785696088523
44175,1,0.06882863835263307,0.5555610598032066
44176,1,0.07286084430169133,0.5776741446923921
44177,0,0.05488744022845534,0.498823423143993
44178,1,0.07521200528403874,0.5899239121286869
44179,1,0.022215966067645133,0.2797267042679137
44180,0,0.0689646430114106,0.5563304308034789
44181,1,0.062107146608332636,0.5384207165578254
44182,0,0.04087780860583359,0.4229047809972497
44183,1,0.04934519830561683,0.45840717082270255
44184,0,0.049255080820835025,0.46658757487689745
44185,1,0.2346035475873648,0.8338854544612225
44186,1,0.15257606866490725,0.7540841818934605
44187,1,0.21770602278164697,0.8301102543426889
44188,1,0.04805165371433902,0.48641255981170706
44189,1,0.2037954709539807,0.8151508568974793
44190,0,0.050125388702867514,0.47110979940251596
44191,0,0.20112596995183035,0.808320945529383
44192,1,0.05410239208248787,0.4987224684930086
44193,1,0.19239429472481126,0.8011738208910627
44194,1,0.030176976436013695,0.3490235756208524
44195,0,0.12392033377939966,0.720459679860298
44196,1,0.05401973770926798,0.507489387009228
44197,1,0.19809074236807495,0.8069542921939793
44198,0,0.07464704559243636,0.5870223995871175
44199,0,0.07106432099778283,0.5679980317807559
44200,0,0.20101622836395452,0.8081653074416176
44201,1,0.10695367494694148,0.6847759933410392
44202,0,0.21508007573725005,0.8281507864607657
44203,0,0.04939069320280812,0.46479382000499264
44204,1,0.03986026983886546,0.40667652693815165
44205,1,0.1982432185299537,0.8063861305197426
44206,0,0.07244185300461692,0.5754422950141085
44207,1,0.1863878223406846,0.7985100533535997
44208,1,0.07161835850420693,0.5710118532444612
44209,0,0.04646803070858775,0.45234656387756944
44210,0,0.05208572858599556,0.4839851581773028
44211,1,0.06908574489943713,0.5570140895110954
44212,0,0.04448922205683418,0.45490600012951365
44213,1,0.05450863451748337,0.4961311864417776
44214,1,0.19496505359191407,0.8021804455978847
44215,1,0.19437602777370236,0.8043308904131948
44216,0,0.061272234519303144,0.5118451034426972
44217,0,0.07056366657552143,0.5652514918286596
44218,0,0.23365955018718618,0.8472212128934213
44219,1,0.06174309607113622,0.5377233590120998
44220,0,0.0702753056758108,0.5636595455988237
44221,0,0.028658559206893877,0.32754985808201237
44222,0,0.05868387062084612,0.5234052033687204
44223,0,0.051389995526935156,0.47878094602989746
44224,1,0.05297312653128849,0.5077671335375711
44225,1,0.11779442206045733,0.7017340087173746
44226,1,0.062254251853036194,0.5680575480657504
44227,0,0.04507534089609392,0.44042867089274457
44228,1,0.07095243666552654,0.5673861557948969
44229,1,0.03516422172012204,0.38491945626982765
44230,1,0.05225648769121873,0.47515490187659953
44231,1,0.06978590895692177,0.5609408595350489
44232,1,0.13394087551893483,0.7872454980929153
44233,1,0.029462989902810568,0.36520800790558955
44234,0,0.1972173642085389,0.8070708659403969
44235,0,0.04608870457328212,0.4636146434981931
44236,1,0.0455347959866751,0.4499331093815061
44237,0,0.034122885782070705,0.3966757312245081
44238,0,0.07696359238826883,0.5917841581290635
44239,1,0.11351647255281443,0.6949020695815856
44240,0,0.05118253773411888,0.4772170730039419
44241,1,0.06977673427613586,0.5608896887836893
44242,0,0.06942131267981112,0.5589015668637375
44243,0,0.00935395082585787,0.14659972210684538
44244,0,0.04278860503468556,0.4259476850743114
44245,1,0.07113433142228205,0.5683803490499127
44246,0,0.036709527215667316,0.3936005403185798
44247,1,0.06908271495425822,0.5569970006644631
44248,0,0.07023529907789003,0.5634381007898914
44249,1,0.03743314249713607,0.4178893414065066
44250,1,0.2110152823175088,0.8181835366143428
44251,0,0.013918510922476274,0.21744539230941418
44252,1,0.23871141260617618,0.8386352686058435
44253,1,0.0699037497784253,0.5615974354564147
44254,1,0.14934563390562683,0.7557042380643888
44255,1,0.037909497649134094,0.41824182151134714
44256,1,0.20555055688655355,0.8177288048706164
44257,1,0.07734641181311712,0.6006519242988889
44258,1,0.05181887234191223,0.48199636631016907
44259,0,0.016691567521518617,0.2297097230989247
44260,0,0.011833711034420099,0.1924641880495281
44261,1,0.04707301486830617,0.4738094788163982
44262,1,0.19314431767211862,0.8041256053997837
44263,0,0.06000124353347879,0.5112926248417518
44264,0,0.029561263974296075,0.3434036347588369
44265,1,0.19844700027240592,0.805283127113589
44266,1,0.06884977830709199,0.5556807573303226
44267,1,0.051201988957968216,0.4773639375779496
44268,1,0.026954358490910442,0.3534254357997296
44269,1,0.09489023765016275,0.67631846255393
44270,0,0.17675065931011796,0.780614253822754
44271,0,0.048762320562003865,0.4576555025057412
44272,1,0.05007930607664657,0.49663530965047376
44273,1,0.024247416176796405,0.30763470598763026
44274,1,0.059031714644349004,0.5052670930244872
44275,1,0.05234102877269787,0.48587930642074245
44276,0,0.06903425256006239,0.5567235607970624
44277,0,0.06868534738200105,0.5547486569346718
44278,0,0.05133063715496508,0.4739153343665791
44279,1,0.19823094325628612,0.8051680034069224
44280,0,0.03760192247059765,0.4028432496730424
44281,1,0.03557495343332219,0.3795042735152749
44282,0,0.0700708780690592,0.5625265048909999
44283,0,0.07014305650442156,0.5629269779022258
44284,0,0.06852579100794422,0.5538418410762774
44285,0,0.06878335869041273,0.5553045434057011
44286,0,0.17641166399721728,0.7809232851883899
44287,1,0.009649676514632399,0.15364329880981237
44288,0,0.050051446875759215,0.4863769961420916
44289,1,0.14882168691723244,0.7621881353758323
44290,0,0.029594197410948795,0.3414672146804464
44291,0,0.027542563620148303,0.32530498109900263
44292,1,0.06864166100428365,0.5545006017638734
44293,0,0.027075476225009183,0.3236801950265691
44294,0,0.029382671757750535,0.3308501475623068
44295,1,0.20760854338448473,0.8338131730126126
44296,1,0.06408368856310298,0.5487567966465204
44297,1,0.22851527428933624,0.8304271293496309
44298,1,0.07217006999064109,0.5739865483509408
44299,1,0.03817257702223578,0.39698948565357656
44300,1,0.07140095225007644,0.569832407977173
44301,0,0.06980579126003006,0.561051725049677
44302,0,0.06825713081720818,0.5523097091880256
44303,0,0.06897674434960822,0.5563988063188908
44304,0,0.19808311778378082,0.8079393957295529
44305,0,0.19955860812428614,0.8058852507957539
44306,1,0.1623081775065687,0.7688070570014925
44307,1,0.23438023483986406,0.8360951957205295
44308,0,0.041696291663144126,0.42528092577303883
44309,0,0.0690948354731685,0.5570653552411253
44310,0,0.07047411165831105,0.564757875483826
44311,1,0.07378115767146194,0.5825241020462348
44312,1,0.1822953468753591,0.7940839950299958
44313,1,0.23735819515434056,0.8381885544510334
44314,0,0.06987771715399324,0.5614524956067142
44315,1,0.17233942973237418,0.7906928210909141
44316,1,0.04973139157318522,0.46584509695922016
44317,1,0.06893742218763786,0.5561765780951922
44318,1,0.051508406442285805,0.4796710725150664
44319,0,0.04515081233790251,0.43350093311638743
44320,1,0.07752501665166714,0.593968963294435
44321,1,0.20704139205427494,0.8140458104115513
44322,0,0.03247507663132797,0.3579442264188421
44323,1,0.19975058210997287,0.8061613672015904
44324,1,0.03140032751371475,0.3798431755427955
44325,0,0.19793759954982523,0.8120510609402916
44326,0,0.06883316783677591,0.5555867098166124
44327,1,0.0710378891793075,0.5678535797015238
44328,0,0.051201988957968216,0.4773639375779496
44329,1,0.20102604553310457,0.809560340580453
44330,1,0.021076826019985763,0.2737952211466043
44331,1,0.1662479171906458,0.7782042795338174
44332,1,0.04934519830561683,0.45840717082270255
44333,0,0.07028608028163384,0.5637191610218449
44334,1,0.2098545767621039,0.8231926513103967
44335,1,0.0662990054091426,0.5775704476304184
44336,1,0.0641397252576834,0.5471898902093675
44337,1,0.07074609202027687,0.5838137096037738
44338,1,0.200697608945765,0.8069263959481743
44339,1,0.20060572574697774,0.812097905046391
44340,1,0.041561593685511225,0.4179090176887118
44341,0,0.06862961411993287,0.5544321679676112
44342,0,0.04434405712125285,0.4664268648596357
44343,0,0.02574133196035557,0.3297998825030662
44344,0,0.0416772355303574,0.41380852434132825
44345,0,0.11499825094811998,0.6929006896681013
44346,1,0.19623161003635878,0.8028402334176333
44347,1,0.042862612060712985,0.43477396606889174
44348,0,0.06865672236427493,0.5545861411030569
44349,1,0.19987586732577756,0.8200974442183033
44350,1,0.2857012189715419,0.8823461086281764
44351,0,0.06967435943973893,0.5603181943518608
44352,1,0.20568005949265483,0.8176058443899106
44353,0,0.04950297016580642,0.4634452956210258
44354,1,0.037088450687758165,0.4178123526905075
44355,0,0.07759979403919066,0.5937300601521388
44356,0,0.07813853990764094,0.6045410626928376
44357,0,0.07000643630275279,0.562168566408394
44358,0,0.071118768048173,0.5682953966816129
44359,0,0.06987771715399324,0.5614524956067142
44360,0,0.03432580140640028,0.3794813464233102
44361,0,0.06889056520017837,0.5559115843010244
44362,0,0.04227654391361219,0.44758405078386054
44363,0,0.07677417445168067,0.5905304332498597
44364,0,0.05279072807019361,0.5041959748863216
44365,0,0.06867630670867769,0.554697337408927
44366,0,0.051645532533823646,0.48069963143785077
44367,1,0.02781156217877771,0.3659099982697199
44368,1,0.034078129133441756,0.37447685599138525
44369,0,0.05469955548708091,0.49749027160499365
44370,0,0.07089655553094631,0.5670801405769127
44371,0,0.22992612200554263,0.8317078069455308
44372,0,0.06908271495425822,0.5569970006644631
44373,0,0.01623353874616198,0.22640811724686802
44374,1,0.12766094294829408,0.7130683881309479
44375,1,0.038618765301012895,0.4022415665744278
44376,1,0.13756137995612525,0.7410429500019458
44377,0,0.04706845761933907,0.4732629642821801
44378,0,0.07001876210787741,0.5745089997114391
44379,0,0.059396590548206514,0.5120716134610552
44380,0,0.07978884850222465,0.6221311236125341
44381,0,0.061651362579396504,0.5447405357042376
44382,1,0.12058048680452112,0.7049100907524876
44383,0,0.052413034172896306,0.48164986751871497
44384,0,0.07130417627769182,0.5693060679235291
44385,1,0.09159983430222893,0.6422831798872927
44386,1,0.06887545633529807,0.5558260956389091
44387,1,0.07045713895908723,0.5646642440750671
44388,0,0.027171428808002936,0.31886587225425667
44389,1,0.19292544625279254,0.8029877084996477
44390,1,0.01910631952979612,0.2509178041801728
44391,1,0.20112774151956783,0.8122489462694178
44392,1,0.04982153033855783,0.45956470820487927
44393,0,0.03509411317744203,0.3823023295811891
44394,0,0.06893137446689537,0.5561423871402257
44395,1,0.05162938215399044,0.4805786158453713
44396,1,0.20594842387835685,0.8174955394174765
44397,1,0.04774351468230275,0.4524105208420385
44398,1,0.13819276658589472,0.7325776691752457
44399,1,0.0805487730333578,0.6092105570169928
44400,0,0.05142905413060681,0.479074759570414
44401,1,0.2611664498699111,0.8546858248709757
44402,0,0.05498152806141788,0.4783370695152064
44403,1,0.2735419091449092,0.8648052681583608
44404,1,0.2783587815127955,0.8626677636705349
44405,0,0.06480844500830296,0.5521471558386116
44406,1,0.20961388318271537,0.8221308941411102
44407,1,0.0688648819557113,0.5557662516084892
44408,1,0.05118249921198046,0.4724841174110321
44409,1,0.23038546391939352,0.8317106827131628
44410,0,0.09046621301502472,0.6294189392539248
44411,1,0.2034560265156949,0.812565785379556
44412,1,0.059419007978462335,0.5046183080788477
44413,0,0.07211662837103976,0.5562701869821374
44414,1,0.18361460553402925,0.7916869554947613
44415,0,0.20418965689995114,0.8151174263855157
44416,1,0.225968067971158,0.8290337781428226
44417,0,0.0892922904509715,0.6307485530679415
44418,1,0.22942868012868048,0.8318491584704675
44419,1,0.06338656921549662,0.5501575398463134
44420,1,0.25482798106919125,0.851606525527037
44421,0,0.26057780961233096,0.8530110109920876
44422,1,0.06452323603536188,0.534614891978095
44423,0,0.09337975910893966,0.6371856492906705
44424,1,0.027853929301606992,0.3295101830615577
44425,1,0.26884704074807675,0.85632994395252
44426,1,0.24498473650955527,0.8482993780962317
44427,0,0.07010465516614087,0.5627139705216443
44428,1,0.21650409038999635,0.8203439955873454
44429,1,0.21518763801741286,0.8166039267239339
44430,1,0.04753915590356951,0.4708524099116754
44431,0,0.09414979434336489,0.6487361004509363
44432,1,0.2115930616046096,0.8133950626132352
44433,0,0.050175217259012014,0.46926742254694914
44434,0,0.07972051704296987,0.6143746672522384
44435,1,0.17634772628693648,0.7810287308122047
44436,1,0.23505779544190275,0.834574078617937
44437,1,0.1912934943742912,0.8009342072779234
44438,0,0.09401981543433237,0.7064443421845243
44439,1,0.17720058160028287,0.7870252383835525
44440,0,0.04546254537100805,0.4451012932460769
44441,1,0.11257677934137224,0.6895445118716972
44442,1,0.06934069991852287,0.5584490669636266
44443,1,0.05023069676239837,0.4920987679415379
44444,1,0.06018517758782438,0.5160049789712268
44445,1,0.0692252554397409,0.5578000299351014
44446,0,0.014910501033400884,0.21700242443396
44447,1,0.03016343981528766,0.3531658900039563
44448,1,0.07029223788485277,0.5637532261511619
44449,0,0.07130573621919317,0.5693145585252888
44450,1,0.03405066397166051,0.3745145938484085
44451,0,0.07182381118989545,0.5721226792527754
44452,0,0.07096951956947357,0.5674796502012898
44453,1,0.07201091498809004,0.5731311206713098
44454,1,0.032861038121549634,0.3696578342576915
44455,1,0.07182381118989545,0.5721226792527754
44456,1,0.06915395119976175,0.5573985528078794
44457,1,0.23730065697145017,0.8407038513177517
44458,0,0.0690160872784729,0.5566210119755112
44459,0,0.06833357686213526,0.5527463408715572
44460,1,0.20052301967952743,0.8108221282066096
44461,1,0.06930422453129016,0.5582441293676662
44462,1,0.2287382399959682,0.8301423090400013
44463,1,0.23263908584490767,0.8332377817309858
44464,1,0.19849571673049987,0.8053537037243814
44465,1,0.05972163348311288,0.5069190345297643
44466,0,0.038645446097691424,0.39953819529429313
44467,0,0.04979523756528828,0.46665343799831593
44468,1,0.04260516666735801,0.4472487140941394
44469,1,0.15098636371203228,0.7542200030655675
44470,1,0.052766803057219897,0.4890197893234831
44471,0,0.0875034587912371,0.6237097185686006
44472,1,0.07488061070889243,0.5855638707165727
44473,1,0.0714822126703352,0.5702737328465886
44474,1,0.07218426785011399,0.5740627531753886
44475,0,0.04745028931827726,0.46094302793434455
44476,0,0.052223141029291646,0.48500569577221636
44477,0,0.07019377605042151,0.5632081120989465
44478,0,0.01474395360665406,0.20765254852197043
44479,0,0.04085203409416985,0.4188633242440735
44480,0,0.049278838998501856,0.46042283515803695
44481,0,0.22689662124530321,0.8292301297706768
44482,0,0.054530894292556954,0.4899812820587207
44483,0,0.07409730195587547,0.5841737128087263
44484,0,0.05557222405037928,0.5354008667105836
44485,0,0.08033327837006085,0.6091146850127974
44486,1,0.05135702721685642,0.4741139064478437
44487,1,0.14684132832765007,0.7483852472722704
44488,0,0.052193999654065036,0.4847894694523896
44489,1,0.012166790351701257,0.19414793868319594
44490,0,0.06905847982139988,0.556860285037871
44491,0,0.04517648404631788,0.48715179057827446
44492,1,0.06915546760310548,0.5574070956572913
44493,1,0.19699694991399572,0.8037659880364543
44494,1,0.05296377929704361,0.49046489065438376
44495,1,0.06881203260557094,0.5554670072217747
44496,1,0.014994218810414087,0.21774860384685366
44497,1,0.17837287767602955,0.7918723369513462
44498,1,0.18817822406675191,0.79450807136935
44499,1,0.05547951711773857,0.4978608183206173
44500,1,0.20016888678041228,0.8067612949369733
44501,1,0.21012991891367155,0.821690873216033
44502,0,0.06949744194769646,0.5593283639030541
44503,1,0.030504696349626617,0.356553199517259
44504,0,0.20480935209863613,0.8144100836919392
44505,1,0.059983882937024544,0.5328156017823632
44506,1,0.2044681671639852,0.8143397768921445
44507,0,0.06862961411993287,0.5544321679676112
44508,1,0.02375008608188134,0.29652691791386265
44509,0,0.06877732348690882,0.5552703389893373
44510,1,0.20395398056878536,0.8134438967893228
44511,1,0.039273195919020225,0.40487796694856104
44512,0,0.2343537466420844,0.8520308083334283
44513,1,0.07158547382310441,0.5708337150417081
44514,0,0.06999570133790553,0.5621089036914343
44515,1,0.20503706652095946,0.8153053439654824
44516,1,0.04570725718800311,0.4675966026285689
44517,1,0.187736338386136,0.7981389951848805
44518,1,0.12641496398322968,0.7195519490432872
44519,1,0.19210882157415915,0.8017632412761606
44520,1,0.1982770590603754,0.8054329676851475
44521,1,0.3548838258316957,0.925995496013162
44522,1,0.15924322874368893,0.7687143774028177
44523,0,0.06952334349165164,0.5594734549552983
44524,1,0.15490600907455013,0.7610236889338937
44525,0,0.028338902765454782,0.3324617625804391
44526,1,0.22057113153393626,0.8372383783716535
44527,1,0.15056557608426882,0.7500344916797514
44528,0,0.06886643307926622,0.5466914106051991
44529,1,0.04392552318418896,0.45285916195749676
44530,1,0.008537561554348743,0.1368980677021745
44531,1,0.1537288537366088,0.7567316964483745
44532,1,0.1562177477128623,0.7585808856714066
44533,0,0.05857793022135312,0.5032017533402147
44534,1,0.19767977620013916,0.8047635578786037
44535,0,0.049523050276723886,0.4588252646455447
44536,1,0.2523945904771423,0.8532141177674782
44537,1,0.0724877697409872,0.5756876125054013
44538,1,0.07015534903961355,0.5629951353665154
44539,1,0.053548134908419746,0.4947231503035713
44540,1,0.18854318645495552,0.8016350598157954
44541,0,0.06853631715173733,0.5539017362624777
44542,1,0.20098098370609851,0.8079192983911753
44543,0,0.07584526072818551,0.5931451245218183
44544,1,0.23552006025557182,0.8397871263469983
44545,0,0.023504401586058758,0.2948453092034651
44546,0,0.058377506201982565,0.5300477001131509
44547,1,0.20334393412837046,0.8127956425854194
44548,0,0.07991468657244441,0.6130846408084318
44549,1,0.1599183277118423,0.7636990892138991
44550,1,0.06986546960999893,0.5613842849884725
44551,1,0.07701086001572528,0.59898954349662
44552,1,0.0650796627845007,0.5559765164825091
44553,0,0.06928599349779092,0.5581416531251115
44554,0,0.042789666321127795,0.4217249736419025
44555,1,0.22119107639986693,0.8270900360451954
44556,1,0.07283538745223003,0.5775389703673126
44557,1,0.14309975010674203,0.7428787799415287
44558,0,0.021283460012176205,0.27424287984999773
44559,0,0.06872453637272546,0.5549710280413982
44560,1,0.1962289295999007,0.8040475504607153
44561,1,0.08399294767289792,0.624312947973087
44562,0,0.06346159426869681,0.5237168107713263
44563,0,0.07126362885587438,0.5690852979873087
44564,0,0.06942283450859879,0.5589101036597522
44565,1,0.1949129669858519,0.8037166218401716
44566,0,0.06855135709848563,0.553987298098803
44567,1,0.06918428511564777,0.5575694033372965
44568,0,0.02295647182442992,0.2875261936011265
44569,0,0.054099260551016,0.49809977115015897
44570,1,0.014088290945711613,0.22593617733429344
44571,0,0.18948504745216121,0.7987800897306614
44572,1,0.14427173424055725,0.7445672382616527
44573,0,0.07443571010143388,0.5832429413401359
44574,0,0.06704352953713504,0.5625497223383709
44575,1,0.22870878038006978,0.8315409124661712
44576,0,0.07275143862883995,0.5836721082803616
44577,0,0.0692586552701766,0.5579879294794325
44578,0,0.06820920514523808,0.5520357029756473
44579,0,0.07053895127241133,0.5651153346831645
44580,1,0.07132757870867475,0.569433422668111
44581,0,0.04923433721535025,0.4620039096310391
44582,0,0.21285544884893662,0.8277334332258516
44583,1,0.19224042393780671,0.8015453755736484
44584,0,0.06923698256560559,0.5634986888493474
44585,0,0.01846886688036401,0.24661221602999395
44586,0,0.06875922081887416,0.5551677225992382
44587,0,0.06867178678536126,0.5546716772085754
44588,0,0.06918276812737344,0.557560861134047
44589,0,0.06966214486898721,0.5602499454907888
44590,0,0.06975074540584969,0.5607446979606018
44591,0,0.049139631244016456,0.48306126415749523
44592,0,0.05526503468506724,0.5014897574540231
44593,0,0.054026250010699856,0.492677509368906
44594,0,0.057120256909998,0.5350573918317064
44595,0,0.06905393661037434,0.5568346498982722
44596,0,0.05733237703721327,0.5157857967674099
44597,0,0.0703415166652968,0.5640257255012191
44598,0,0.07160426336271931,0.5709355105505001
44599,0,0.20941703650186816,0.8181511340509593
44600,0,0.040580530494462905,0.42017744471471796
44601,0,0.06869438915767095,0.5547999752929154
44602,0,0.07008162369464126,0.5625861549859812
44603,0,0.06988231049491277,0.5614780739899562
44604,0,0.012271530383238433,0.1961656034668821
44605,0,0.06919945669198077,0.5576548234958048
44606,0,0.06866726713758971,0.5546460167167488
44607,0,0.05680403914894712,0.5176738218661157
44608,1,0.0705652115476363,0.5652600013235933
44609,0,0.030294846061787426,0.3619553147913406
44610,1,0.051201988957968216,0.4773639375779496
44611,0,0.06190574849583764,0.5161857400375367
44612,1,0.04458649267521614,0.4307728313794075
44613,1,0.0483917387578652,0.454709286765918
44614,1,0.07984576487656032,0.6134717475915673
44615,1,0.054765368065119,0.49795773723543874
44616,0,0.049095331369128685,0.481451294401956
44617,0,0.06865672236427493,0.5545861411030569
44618,1,0.06160713094270515,0.5381210859877705
44619,1,0.05304536718677599,0.4910620163564898
44620,0,0.06451462541255464,0.5563576685305016
44621,0,0.01998229781202706,0.260583277369645
44622,1,0.19576979576977319,0.8035713812031215
44623,1,0.0680010493471367,0.5375949139052989
44624,1,0.08363720927175947,0.6124640358227024
44625,0,0.04483349981265061,0.4355341329923538
44626,1,0.020387005259016138,0.2657437789336327
44627,0,0.05165476346693012,0.480768784222655
44628,0,0.07124024579715053,0.5689579182176401
44629,1,0.16281998257355393,0.7704410620559793
44630,1,0.26999501498398226,0.8688484229227287
44631,1,0.0690948354731685,0.5570653552411253
44632,1,0.06946545825062987,0.5591491197897445
44633,0,0.05921445584500801,0.5122022760756477
44634,0,0.060671918773290985,0.5368562617592308
44635,1,0.2003999025406879,0.8088696432698484
44636,0,0.040765717655419885,0.4393387018439715
44637,0,0.06986546960999893,0.5613842849884725
44638,0,0.07217953494411192,0.5740373519579339
44639,0,0.0631170696885397,0.5301352661265547
44640,0,0.05121457877028156,0.4774589696837041
44641,1,0.0552146297313349,0.5011348249252428
44642,1,0.1800450501187467,0.7843026858204262
44643,1,0.19968961688924317,0.8088375800635879
44644,0,0.06929207001570353,0.5581758124232415
44645,0,0.0535630551073915,0.49261382546334115
44646,0,0.058622132431529285,0.5041502344372695
44647,0,0.02439563765883539,0.3191965536330757
44648,0,0.05120656673273869,0.47739849451806676
44649,0,0.05439583754093562,0.49532614893174376
44650,0,0.028129364378188138,0.3472442459802255
44651,1,0.02802736744780662,0.3340726130712436
44652,1,0.0530915345471519,0.4913995335790892
44653,0,0.05664122672783095,0.5179396000102354
44654,1,0.20154882657833578,0.8093094280624046
44655,1,0.049864237260831105,0.48876098839524845
44656,0,0.04709497709719442,0.4519212672332175
44657,1,0.039751624227640524,0.43293546540593925
44658,0,0.03452513242236712,0.37907177517799445
44659,0,0.04209005526914197,0.4227494372110704
44660,0,0.026643762908942558,0.32086082282327016
44661,0,0.0691691166184136,0.5574839797730154
44662,0,0.06946089026307889,0.5591235122280037
44663,1,0.07324688009636837,0.5797172266203258
44664,1,0.22351161137949274,0.8409578367215663
44665,1,0.1951733567124516,0.8026898969502124
44666,0,0.07713492773044106,0.594489822823919
44667,0,0.01787470631388056,0.2639058687271704
44668,0,0.07369611107240798,0.5837323922926946
44669,0,0.06961178070167624,0.559968394884476
44670,1,0.0943790637629694,0.6610397639760847
44671,0,0.2649652624139679,0.8666504067267574
44672,0,0.05429318137922261,0.5000902639608322
44673,1,0.18108274717690973,0.7847488645407231
44674,1,0.1974794218469209,0.8036612475706117
44675,0,0.070464853353998,0.5647068043785166
44676,0,0.19458202861618956,0.8078208807458458
44677,0,0.05606330758531481,0.5126042305285162
44678,0,0.25131771871604347,0.8655312379900019
44679,1,0.16664217848099463,0.7793592640860948
44680,0,0.026538470157665413,0.31983398259205004
44681,0,0.06886941364857425,0.5557918992483064
44682,0,0.05446615819897712,0.49582821275697087
44683,0,0.015324725228195883,0.23416202394340632
44684,0,0.06900549290805896,0.5565611896005539
44685,0,0.07012001336826165,0.5627991762537474
44686,0,0.15197888884286578,0.7528043116008326
44687,1,0.06306268326906139,0.5247597098706657
44688,0,0.050068367188285154,0.4970842492377598
44689,1,0.03969733705015462,0.40425975405939096
44690,1,0.07105343620805515,0.5679385529119693
44691,1,0.04030227318391416,0.410451878401735
44692,1,0.022792077109226178,0.3099877483913286
44693,0,0.06889963199223442,0.5559628759097037
44694,1,0.23558454362831532,0.835861831215293
44695,1,0.0716684953024858,0.5712832665444753
44696,0,0.03982425857618836,0.45218859277957857
44697,1,0.06772893283217783,0.5599420587325027
44698,0,0.010981374774991505,0.18037324842438404
44699,0,0.02320843848486257,0.3120339902249341
44700,0,0.013756007674569576,0.1988408211228389
44701,0,0.07654929782121479,0.594631616140776
44702,1,0.03642359228534474,0.40859050211688097
44703,1,0.1421758839355739,0.7404920010070275
44704,0,0.22487743014170222,0.8343296186406531
44705,0,0.09888600619745727,0.6634902311658498
44706,0,0.06956297489517639,0.5596953392591638
44707,1,0.06956297489517639,0.5596953392591638
44708,0,0.07028761963569063,0.5637276773605592
44709,0,0.09365125322495035,0.6716314645993997
44710,0,0.1465081190526547,0.7471536754233177
44711,0,0.01656565541180913,0.2322926819187808
44712,0,0.06941218235537099,0.5588503453565183
44713,0,0.04520071593667167,0.4396364448883563
44714,1,0.06924347168042191,0.5579025226504166
44715,0,0.06869589622746304,0.5548085282390406
44716,0,0.04998738359292419,0.46494780342178754
44717,1,0.22320859722679168,0.8373349423641258
44718,0,0.03880100343892255,0.4058003012426873
44719,1,0.05223013724664931,0.4850575909273129
44720,0,0.04030992123130523,0.4176823587083106
44721,0,0.06863563731727834,0.5544663851238816
44722,0,0.07209754336572698,0.5735970022156942
44723,1,0.06871398345381417,0.5549111610588444
44724,1,0.0742450810989545,0.5887351867469093
44725,1,0.09197409846607846,0.6403343272905306
44726,1,0.17910106611698345,0.7827050287088706
44727,0,0.15214571706445856,0.755532450900672
44728,0,0.03637296085007227,0.3804300688157779
44729,1,0.20263592991945437,0.8135594064303554
44730,0,0.0324792523912384,0.3656899567166366
44731,1,0.1977964714826654,0.8067265631801492
44732,0,0.060949629801459036,0.5100955316314113
44733,1,0.06967435943973893,0.5603181943518608
44734,0,0.07074464056822878,0.5662468404903966
44735,1,0.1993818560472864,0.8115518676833141
44736,0,0.06907059640375682,0.5569286439292047
44737,1,0.20326776660097484,0.811713242448791
44738,1,0.24665024180959202,0.8602716452684016
44739,1,0.06968810320009787,0.5603949715942097
44740,0,0.06865973500358809,0.554603248583012
44741,0,0.0701246214354872,0.5628247372509916
44742,0,0.07296594048512446,0.5782316155971238
44743,0,0.06957364845928324,0.5597550732697476
44744,1,0.1931873004969781,0.8025646055402896
44745,1,0.13007090747572533,0.7210766405557342
44746,1,0.06566086519221172,0.54366233416301
44747,1,0.06989609219323774,0.5615548071788758
44748,1,0.20574481341791861,0.8147290793119908
44749,1,0.06883920757836628,0.5556209093736582
44750,1,0.05121572344388003,0.47746760904706936
44751,1,0.2240775083449104,0.830568124918582
44752,0,0.07614716265166661,0.5956991563787967
44753,0,0.07601219606365973,0.5939888572839455
44754,1,0.011256734951199545,0.17470689761905311
44755,1,0.10746716198243345,0.6758481765250827
44756,1,0.23341413460282331,0.8327059872993088
44757,1,0.19259442694824036,0.8004395051681376
44758,0,0.17414606629215063,0.7852198950809677
44759,1,0.17414606629215063,0.7852198950809677
44760,1,0.05311234383195387,0.4950408985185214
44761,0,0.19897443427010492,0.8060315274215739
44762,1,0.19708993513685294,0.8044990409481668
44763,1,0.23174036310929852,0.8322055501949126
44764,0,0.03122971081418259,0.3527902732775472
44765,1,0.06887998867253892,0.5558517425848232
44766,0,0.0688210898257823,0.5555183091229318
44767,0,0.07583040164322367,0.5930699136625355
44768,0,0.06948068688350846,0.5592344760553388
44769,1,0.19841749024430225,0.8082091704153184
44770,1,0.060266867686314896,0.5358654612915568
44771,0,0.019206230219284474,0.25548455409166354
44772,1,0.04685936034980709,0.4486889715078822
44773,0,0.224887374421922,0.8284598005111835
44774,0,0.0722821453378176,0.5745876239711638
44775,0,0.068881499512993,0.5558602915006658
44776,0,0.06896766816165292,0.5563475248824935
44777,0,0.21449871214181646,0.826873759935673
44778,1,0.06862961411993287,0.5544321679676112
44779,1,0.22912885523003018,0.8376659151222292
44780,1,0.06056608866844559,0.5233330261002136
44781,1,0.14320063149574877,0.7468989000021664
44782,0,0.02095867984691597,0.2925423226454576
44783,1,0.033021800111240805,0.373554115323152
44784,1,0.23532249059502644,0.838363001294552
44785,0,0.010594629663448093,0.17647887151627764
44786,1,0.2366263350690186,0.8397984006747564
44787,0,0.09250191106374886,0.6672022649492891
44788,1,0.049506882234332854,0.46598997289771776
44789,0,0.23286912741048982,0.8333253241820705
44790,1,0.07093225267560764,0.5672756562179676
44791,1,0.2011290805025978,0.8114652243512964
44792,1,0.07422831700287259,0.5848548915884854
44793,1,0.059903242384736835,0.5091199277198869
44794,0,0.04087938770878353,0.41389326467692156
44795,1,0.10749478938545978,0.6766265080286606
44796,1,0.19815365501510468,0.8042473852527708
44797,1,0.07602046894276988,0.5940306118653791
44798,1,0.013650964891356025,0.20310479252618627
44799,0,0.05171364734790527,0.4812096504356273
44800,1,0.20097915632613264,0.8166660522609048
44801,1,0.08199143010069032,0.6227720680596782
44802,1,0.11922333916228287,0.7124761580498131
44803,0,0.06862961411993287,0.5544321679676112
44804,0,0.06862961411993287,0.5544321679676112
44805,0,0.06880901377748493,0.5554499063252384
44806,0,0.10287886255987051,0.6765853595481468
44807,1,0.06955535184841657,0.559652671050257
44808,1,0.0691979393957733,0.5576462816333538
44809,1,0.2381710826348274,0.8378709124798057
44810,1,0.01982624924314207,0.2630470424566311
44811,1,0.06879844884504148,0.555390052153296
44812,0,0.05017687932445073,0.4638678759986393
44813,1,0.06942740018019668,0.558935713838804
44814,1,0.05997367181365957,0.5415718011734968
44815,1,0.012937539072548665,0.19359114711840103
44816,1,0.042298287145680756,0.435740256346059
44817,1,0.06962246119406308,0.5600281209710118
44818,0,0.05030253899118459,0.48255077226982385
44819,1,0.07825379562047372,0.6055202664112765
44820,1,0.19750016919028704,0.8061005632503299
44821,1,0.06195592278155728,0.545357592979633
44822,0,0.006448342772103088,0.13169353567186906
44823,1,0.07294363569121448,0.5781133808023357
44824,1,0.0688210898257823,0.5555183091229318
44825,0,0.06921614898292278,0.557748781730627
44826,1,0.07348645019805154,0.5858327935682943
44827,1,0.06751216236398273,0.5510676048393187
44828,1,0.18607146049531045,0.7985023214482095
44829,1,0.008077383814018641,0.13117875473900262
44830,1,0.07038774452193751,0.564281158531171
44831,1,0.19856042859383405,0.8062381095351057
44832,0,0.008600492803908748,0.14148859922117635
44833,0,0.10163634564589363,0.6677349047001342
44834,0,0.06901760088289118,0.5566295578950703
44835,1,0.05640652621048809,0.514941142158925
44836,0,0.0683365763623196,0.5527634620295694
44837,0,0.01101058464911017,0.17014947162119287
44838,0,0.06927536077820977,0.5580818730296723
44839,0,0.06863111987336544,0.5544407223050626
44840,0,0.06084293321007098,0.5490585167931037
44841,0,0.06904939367606805,0.5568090144559629
44842,0,0.06862961411993287,0.5544321679676112
44843,1,0.19813976870186112,0.8113578700974526
44844,1,0.1522405986001368,0.7507508236881343
44845,1,0.07892096068471238,0.6083345154888048
44846,1,0.03335411096812606,0.3733150989880269
44847,1,0.06984710201659702,0.5612819647121562
44848,0,0.01477354080052371,0.21284754256514019
44849,0,0.05299003657771404,0.48652398270895586
44850,1,0.1717750294638992,0.7867450190812988
44851,1,0.19505524794498555,0.8137885118454617
44852,1,0.19771566832533052,0.8121229503931686
44853,1,0.06877883224180524,0.5552788901425386
44854,0,0.055775932696953426,0.5102444473790335
44855,1,0.025348705412651044,0.3089231861403962
44856,1,0.07019223859644398,0.5631995934766274
44857,1,0.07474310596542894,0.5875175997418973
44858,1,0.008339445529097359,0.13384883639659856
44859,0,0.17553043957809056,0.7826720393725756
44860,0,0.06906605245474522,0.5569030095974843
44861,0,0.026254938104307467,0.3899441801255023
44862,1,0.06862961411993287,0.5544321679676112
44863,1,0.22863420507577664,0.8309219986532375
44864,0,0.015342271538491823,0.2350254566199215
44865,1,0.019883033899916795,0.26433572743141864
44866,0,0.048781243448683904,0.4560511212567702
44867,1,0.051270696247636915,0.47788231424821365
44868,0,0.03393035030790191,0.40151185656750216
44869,1,0.2527820455186978,0.8553987246651286
44870,0,0.04736146604743445,0.4518648316195925
44871,1,0.06895708067332808,0.5562876950225121
44872,0,0.024698687814594385,0.31069656727321004
44873,0,0.045350563354763146,0.45578753988446913
44874,0,0.10004910636828708,0.6948997483493113
44875,0,0.061960293083595026,0.5409738024261566
44876,0,0.031266250719640065,0.35641790843514976
44877,1,0.07917476794348946,0.6095549161003383
44878,0,0.05213925546279667,0.4843829794509462
44879,1,0.19996134258301032,0.8070548335303918
44880,0,0.06991293990481862,0.5616485881892048
44881,1,0.05683545236745009,0.523584404448727
44882,0,0.02449390936017458,0.32077010249366855
44883,0,0.06259583225818045,0.5238327637346523
44884,1,0.1042290354247559,0.6789573342149655
44885,1,0.02910026118614132,0.34283942201781786
44886,0,0.04564420208909698,0.4424747556491809
44887,1,0.13450692297757932,0.7323384723577254
44888,1,0.053990387756369926,0.49791738131936414
44889,0,0.05197418756103658,0.48315498844009214
44890,0,0.07003251327029358,0.5623134540887609
44891,1,0.18942839776776235,0.7974424357544728
44892,0,0.06862961411993287,0.5544321679676112
44893,1,0.05176910851057361,0.49564855982247513
44894,0,0.07258026676661154,0.6013089277143671
44895,0,0.04077844554945733,0.4145067064167818
44896,0,0.07024606801334847,0.5634977230382321
44897,0,0.04663721843444926,0.4511511102310956
44898,1,0.06922373761992855,0.5577914886531365
44899,0,0.06862961411993287,0.5544321679676112
44900,0,0.0688920762554576,0.5559201329852551
44901,0,0.051251220332357156,0.47773543597277524
44902,0,0.06986393880660527,0.5613757584980259
44903,1,0.20656048861302811,0.8167797044960625
44904,1,0.16690255990990588,0.7749587822324691
44905,0,0.06966519832594452,0.5602670079197419
44906,0,0.015805047723052783,0.22547282018332163
44907,0,0.02443700278495195,0.3040137801474388
44908,0,0.04424292262092144,0.4315647136124031
44909,0,0.06921311374373694,0.557731698722462
44910,1,0.22957616307242854,0.8307683099723767
44911,1,0.07558478928214572,0.5918241245150596
44912,1,0.17736761965678272,0.7860442281517628
44913,1,0.07159956555116144,0.570910062235563
44914,0,0.05192198045734493,0.48276587810073845
44915,0,0.07073225263257912,0.5661787993874045
44916,0,0.07378598724607507,0.5825493652128046
44917,0,0.05549974811807785,0.5268922580507519
44918,0,0.04042307352131281,0.41872709234583516
44919,0,0.07079762861500022,0.5766436569378124
44920,0,0.07066415480332111,0.5658045287919768
44921,0,0.060208254461739504,0.5164702509297415
44922,0,0.05310337843989992,0.49148607773188663
44923,0,0.06929358922224958,0.5581843521617696
44924,0,0.008491309944859445,0.14096752047290556
44925,0,0.06941522567337144,0.5588674193314883
44926,0,0.06865973500358809,0.554603248583012
44927,0,0.06871549092176292,0.5549197135825366
44928,0,0.07176101994242126,0.5717835723045636
44929,0,0.06866124136916239,0.5546118022744723
44930,0,0.06899036070519342,0.5564757262197846
44931,1,0.24661279244721643,0.8476603309452203
44932,1,0.07122777772923004,0.568889978608226
44933,1,0.07057911770336366,0.5653365850467336
44934,1,0.07016764356650412,0.5630632904520058
44935,1,0.06213103680265186,0.524273265035934
44936,0,0.07003865033257656,0.5623475437638271
44937,1,0.07403591144666913,0.5838540364366306
44938,0,0.04978003760342045,0.47123310534726376
44939,0,0.06289446450074532,0.5411082080882269
44940,1,0.06919187051889462,0.5576121138425796
44941,1,0.06946089026307889,0.5591235122280037
44942,0,0.032115012316964245,0.38824533779477344
44943,0,0.06862961411993287,0.5544321679676112
44944,0,0.06918580213471312,0.5575779455064883
44945,0,0.08001520540375287,0.6135609517692473
44946,0,0.07992652716661823,0.6078168437764567
44947,0,0.024208115468646887,0.2936159256599592
44948,0,0.07438633401087791,0.5838862134007512
44949,0,0.028711011579137816,0.34562071799629535
44950,1,0.07030763407462735,0.5638383863416805
44951,1,0.2185151877014505,0.8237076930504859
44952,0,0.054094245553715115,0.49339972332279153
44953,0,0.07691888476767096,0.6138761304691097
44954,0,0.07003865033257656,0.5623475437638271
44955,0,0.058185346855052215,0.537589489530994
44956,0,0.07419841276966946,0.5863717144532531
44957,0,0.05315828848010666,0.486513217561773
44958,1,0.22469693721364428,0.8298682777838267
44959,0,0.054891419630895395,0.4957451500603135
44960,1,0.01241408096101321,0.18989934830264182
44961,1,0.20519215054828993,0.8140579830200592
44962,1,0.06900246622166188,0.5565440971920574
44963,0,0.07077252075244828,0.5663999238375506
44964,0,0.06856640010272366,0.5540728567360966
44965,0,0.012936173671221216,0.19380582685131797
44966,0,0.06678234524764635,0.5693501458736067
44967,0,0.05725642491397949,0.52012036530533
44968,0,0.06990221819931941,0.5615889098736271
44969,0,0.05907144525976378,0.5042441650098707
44970,1,0.18206210815835117,0.7891805805160446
44971,0,0.0443206974985447,0.43139344384112877
44972,1,0.2462312754063476,0.861873177132717
44973,1,0.1685097498523484,0.7747416713154869
44974,0,0.00942370332024459,0.15386082323731604
44975,1,0.22494190424997906,0.8296120825102541
44976,0,0.052375254442770316,0.48170836771975434
44977,1,0.06915243482719872,0.5573900099245082
44978,0,0.03633778503811518,0.3975921171585908
44979,1,0.237777472707523,0.8393322081889142
44980,0,0.202876503486046,0.8107821227963081
44981,0,0.0518385521836573,0.48214334522270447
44982,0,0.01650926582945834,0.22353901413608535
44983,0,0.040354094369554935,0.4342264383418298
44984,1,0.018071908134909817,0.24316614990745875
44985,0,0.06943957666293779,0.5590040061161337
44986,0,0.051201988957968216,0.4773639375779496
44987,0,0.055209391081779156,0.4925552412967181
44988,0,0.06876978017219905,0.5552275827324495
44989,0,0.02316789571776904,0.2927200639941613
44990,1,0.1992715569702641,0.8200622017070828
44991,1,0.1722787855131808,0.7843812786524451
44992,0,0.07054667394516828,0.5651578848474396
44993,0,0.22930792829681532,0.8317086471592671
44994,1,0.06905090795675776,0.5568175596370256
44995,0,0.07315259065060561,0.5792193687913093
44996,0,0.028986987472640762,0.3398277427841087
44997,0,0.03651352224198652,0.384846830023524
44998,1,0.0211154008630797,0.26932226271268406
44999,0,0.047171580013674455,0.4503300618332436
45000,0,0.06862961411993287,0.5544321679676112
45001,0,0.05312351878149823,0.4916332039599994
45002,1,0.1933807165536543,0.8096331500708134
45003,1,0.14905137047883563,0.7469825927016691
45004,1,0.2324602738129576,0.8365548008836974
45005,1,0.2342640315603378,0.8385711536007223
45006,1,0.1961335202601745,0.8041064783819449
45007,0,0.025246020076409952,0.3009903768987341
45008,0,0.0691463696447428,0.557355838051528
45009,0,0.05154294355079653,0.47993035718160443
45010,0,0.23294568122188256,0.8358786065132403
45011,1,0.1917399652586818,0.8001846111234953
45012,1,0.19670494224225193,0.8047449501593509
45013,1,0.03700763657985588,0.41393431148488563
45014,0,0.05706061839470009,0.5063653967471914
45015,0,0.1963031457758097,0.803331102571853
45016,0,0.06862961411993287,0.5544321679676112
45017,1,0.23551689353200933,0.8352651768049458
45018,0,0.06904636520692317,0.556791923992983
45019,0,0.047714615880383185,0.5034277294185318
45020,0,0.0847728617052566,0.6352556798825654
45021,0,0.019981675286112804,0.2810679193095973
45022,0,0.05185004102730133,0.4731032707359794
45023,0,0.026426402326153692,0.3261526607468891
45024,0,0.008883668002587603,0.14260405888164876
45025,0,0.2297770064423982,0.8334971487715725
45026,0,0.05893569684760589,0.5144638400549406
45027,0,0.06934222011182739,0.5584576055985476
45028,1,0.17512260148370187,0.7871964311010864
45029,0,0.07011847740807055,0.5627906558472126
45030,0,0.02727250582469833,0.3261695828944023
45031,1,0.229408646723174,0.8343104932274933
45032,0,0.07761836273035465,0.6030162919896235
45033,0,0.06911150440119834,0.5571593392548235
45034,0,0.17370288650838986,0.7789946038174368
45035,1,0.24392610292575628,0.8470483205702596
45036,0,0.019697101296547993,0.26479003020498154
45037,1,0.009485860170878073,0.15131585355315613
45038,1,0.2305485566120106,0.8310019836558156
45039,1,0.15740238519181057,0.7592945357553335
45040,1,0.05138425398152427,0.4787377393895692
45041,0,0.051892997933420414,0.48254971469012337
45042,1,0.05173791209359717,0.48139119212593234
45043,1,0.04079937598550198,0.42218659804366926
45044,0,0.1802582059559614,0.7855140504548115
45045,0,0.069106957960752,0.5571337076566711
45046,1,0.06879090338451688,0.5553472981892041
45047,0,0.24765854269882823,0.8498675724699366
45048,0,0.07003097908242112,0.562304931578034
45049,0,0.0645544513160224,0.5357468406631821
45050,0,0.05500992105886245,0.4960442549697735
45051,0,0.08288414834091486,0.6233574108445628
45052,1,0.2402471389552385,0.8408135718555355
45053,0,0.07128701900048424,0.5692126686154934
45054,0,0.06602912769251568,0.5585469759272419
45055,1,0.2396716622894646,0.8396821880949745
45056,1,0.0701630162503498,0.5907254782754013
45057,1,0.2281754823664783,0.833061217121051
45058,1,0.0694182691148501,0.5588844931672411
45059,0,0.05703392275839225,0.5137531912124345
45060,1,0.054246707027180874,0.4972461892014717
45061,0,0.07019838859915577,0.5632336677421423
45062,0,0.06975533102635248,0.5607702853306362
45063,0,0.0530564709733826,0.49372972920138547
45064,0,0.0330928963702666,0.36208339946673107
45065,0,0.04636404589413214,0.44576392073256815
45066,1,0.21123723451170714,0.8211273696781268
45067,1,0.04992604923879738,0.4609978924467573
45068,0,0.19790920782087126,0.8051113339004735
45069,1,0.12150265183449799,0.7012167127566107
45070,0,0.07233271061842264,0.5748584593384516
45071,1,0.04818495242950563,0.4793229287928575
45072,1,0.25161042619882357,0.8552177856644425
45073,1,0.2275349766832745,0.8305323321949937
45074,1,0.054068402877381946,0.49298044031858423
45075,1,0.0642663744348019,0.5924505153921313
45076,0,0.2696275498026344,0.8708468226683456
45077,0,0.061149798411608676,0.5358702841172793
45078,1,0.19673948172355987,0.8059975744950068
45079,1,0.06983026897953104,0.5611881665473917
45080,0,0.059673874898007476,0.507847241608666
45081,1,0.17329160553303477,0.7831185227758971
45082,0,0.06864166100428365,0.5545006017638734
45083,1,0.19973037063846136,0.8065269208905387
45084,1,0.20930675980668295,0.8157455610112281
45085,1,0.06912059811279225,0.5572106015378127
45086,1,0.18405363799234095,0.7879520841882743
45087,0,0.052177687196417626,0.484668385195391
45088,0,0.07072605941632254,0.5661447779001879
45089,0,0.07496877876183011,0.5860175834657998
45090,1,0.23054707829584772,0.8317213345974002
45091,0,0.07278608812751972,0.5772770370776193
45092,1,0.07183009310191235,0.5721565862266295
45093,1,0.05920049844457923,0.5324678251999625
45094,1,0.057313030236562076,0.5196669451758501
45095,0,0.07225369892497482,0.5909856894005054
45096,1,0.061203140523963785,0.5406057128321835
45097,1,0.27418024807684854,0.8761372532602277
45098,0,0.23622539202929613,0.854734368530189
45099,1,0.18339733685970122,0.788790867446952
45100,0,0.06885884012810747,0.5557320542931662
45101,1,0.2017601074447674,0.8102180459905282
45102,1,0.1986730540890976,0.8053983921170761
45103,1,0.0981255542711549,0.6520321920351848
45104,0,0.05856038445752631,0.5072128702862568
45105,0,0.20376092795305992,0.816067284592332
45106,1,0.025404798380881652,0.3105030575220638
45107,1,0.07324275508699389,0.58321716692799
45108,0,0.040906449351497294,0.4231667878282756
45109,1,0.1498311251988743,0.7541609031301748
45110,0,0.027304613659733534,0.36389159583989344
45111,0,0.06277465772511295,0.5409930251076032
45112,0,0.2326511107465778,0.8351859196220668
45113,1,0.21922872024220996,0.8233269650081662
45114,0,0.04759130959286489,0.4729821840252232
45115,0,0.0518524480903495,0.48224709690525197
45116,1,0.07661810331959396,0.5946502571681737
45117,0,0.022076426025448126,0.2814683967183289
45118,0,0.08530547196358455,0.6563662128225208
45119,1,0.060254249009182706,0.5119899390377366
45120,1,0.015783896364824208,0.24451260754409113
45121,1,0.02810365775712826,0.33645649248634246
45122,0,0.040371934861571694,0.41825518629950204
45123,0,0.058489655632197664,0.5026131006486569
45124,1,0.051468140809828214,0.47936858758820383
45125,1,0.06993285567872175,0.5617594146135612
45126,1,0.09765733119772513,0.6614000027731197
45127,0,0.09772964298986118,0.6867273506689693
45128,0,0.2322547619553516,0.834922479501859
45129,1,0.2459394572116586,0.8473092897580979
45130,0,0.08337371521673523,0.6246624276420603
45131,1,0.06862961411993287,0.5544321679676112
45132,0,0.23027767617917191,0.8340730260421292
45133,1,0.06091226467168131,0.5117722527620201
45134,1,0.22588979321071276,0.8289405053244505
45135,0,0.07060384601086281,0.5654727261849789
45136,0,0.02444609671685765,0.29895222510789227
45137,1,0.06907817026716147,0.5569713671415663
45138,0,0.016222527773404032,0.22489077126858273
45139,0,0.08560810929995243,0.6180069463593593
45140,1,0.2425857759365304,0.8469827295543647
45141,0,0.19534967149418286,0.8033504932010517
45142,0,0.17385553148956118,0.7788593919722365
45143,0,0.061045784343500574,0.511974980194363
45144,0,0.06966519832594452,0.5602670079197419
45145,0,0.06929662772782676,0.558201431535586
45146,0,0.01065163849420405,0.16696527782199258
45147,0,0.054660562562402405,0.5050431395756921
45148,1,0.0825768372244136,0.6206197105217098
45149,1,0.19223574697629897,0.8003154028734003
45150,0,0.18543101780970245,0.8031162904784805
45151,0,0.018440713435021183,0.2429820851060483
45152,0,0.05382383440850909,0.4884302772632167
45153,0,0.06232063121505842,0.5410737248637327
45154,0,0.028542828990122473,0.34570336374369387
45155,1,0.23413434765536495,0.8333523415971956
45156,1,0.07418138591169102,0.5846110498929948
45157,1,0.0568454519817154,0.4962759785575994
45158,0,0.060107855510349716,0.5157960192020623
45159,0,0.06277078472966359,0.5340077007136856
45160,1,0.174746231747757,0.7791051517327444
45161,0,0.05203225364409638,0.4835873571997437
45162,1,0.2318786351988965,0.8332569098243511
45163,0,0.061869081273906425,0.5204146764824934
45164,0,0.07597911280890958,0.593821825374024
45165,0,0.05418237997733986,0.5166241262362665
45166,1,0.13187454851599664,0.7247633661434111
45167,0,0.06889812078349322,0.5559543273910579
45168,1,0.1925646681288872,0.8042076170842744
45169,0,0.03511611935477034,0.3824094486709201
45170,0,0.07286100346167217,0.5774192943726758
45171,0,0.018868469389521556,0.2633349119852524
45172,0,0.23006389777450512,0.8375077331491552
45173,0,0.05660318751620609,0.498402293215411
45174,1,0.2306654286745057,0.8320351674581591
45175,1,0.23612130994704317,0.8407844429694966
45176,1,0.05127757177147315,0.47793415455403104
45177,1,0.10699323642224685,0.6767443671876757
45178,1,0.18021203801128613,0.784583739546763
45179,0,0.0577154355620125,0.5024901753962492
45180,0,0.0711824793021751,0.5614813944019426
45181,0,0.06505393529968222,0.5481848081411353
45182,1,0.19044214322311917,0.7992195597647577
45183,0,0.22201867813650095,0.8275433292784858
45184,0,0.2620440197899026,0.8554801049179802
45185,1,0.192702741038047,0.8057447388461629
45186,0,0.06011956343354565,0.5107549623716178
45187,1,0.05255526806730625,0.4874624012655211
45188,1,0.0724635340658949,0.5845687962326119
45189,0,0.058222113175785926,0.5011397286597286
45190,1,0.1933062595595195,0.8009070053763868
45191,1,0.04000502523885165,0.41403375181258933
45192,1,0.06979049671574467,0.5609664444248773
45193,1,0.25316462896814,0.847477801432307
45194,0,0.0273795666666996,0.31941104517631747
45195,1,0.19253406432576994,0.8038005649414934
45196,1,0.06917063332959232,0.5574925222825632
45197,1,0.052959053199062384,0.49043027548959295
45198,0,0.07081126007008016,0.5666125185711531
45199,0,0.01991751314316984,0.2875560967845336
45200,1,0.051843183761359546,0.48217792894625294
45201,1,0.19477370375280442,0.8037100785999536
45202,1,0.06947307218095414,0.5591917983599247
45203,1,0.06879995802912253,0.5553986028477307
45204,1,0.06707895479952918,0.5467892570059097
45205,1,0.05461921908021933,0.4969189307639555
45206,1,0.06988231049491277,0.5614780739899562
45207,1,0.07127922149818494,0.5691702127561522
45208,1,0.2161846220600207,0.831127316450984
45209,0,0.06964230041653367,0.5601390362335475
45210,0,0.05997493696479677,0.5460567627873084
